verify-debug	Set up job	﻿2026-09-27T10:30:49.1891239Z Current runner version: '2.337.0'
verify-debug	Set up job	2026-09-27T10:30:49.1917068Z ##[group]Runner Image Provisioner
verify-debug	Set up job	2026-09-27T10:30:49.1918072Z Hosted Compute Agent
verify-debug	Set up job	2026-09-27T10:30:49.1918701Z Version: 20260828.587
verify-debug	Set up job	2026-09-27T10:30:49.1919319Z Commit: abac92662cab4cc7352de4f9f9d2e2419aad9c29
verify-debug	Set up job	2026-09-27T10:30:49.1920157Z Build Date: 2026-08-28T16:44:25Z
verify-debug	Set up job	2026-09-27T10:30:49.1921044Z Worker ID: {070e651a-48ae-4f3e-8c6a-de1c3b4165b8}
verify-debug	Set up job	2026-09-27T10:30:49.1921793Z Azure Region: westus
verify-debug	Set up job	2026-09-27T10:30:49.1922373Z ##[endgroup]
verify-debug	Set up job	2026-09-27T10:30:49.1924036Z ##[group]Operating System
verify-debug	Set up job	2026-09-27T10:30:49.1924786Z Ubuntu
verify-debug	Set up job	2026-09-27T10:30:49.1925304Z 24.04.5
verify-debug	Set up job	2026-09-27T10:30:49.1925841Z LTS
verify-debug	Set up job	2026-09-27T10:30:49.1926406Z ##[endgroup]
verify-debug	Set up job	2026-09-27T10:30:49.1926970Z ##[group]Runner Image
verify-debug	Set up job	2026-09-27T10:30:49.1927603Z Image: ubuntu-24.04
verify-debug	Set up job	2026-09-27T10:30:49.1928162Z Version: 20260920.314.1
verify-debug	Set up job	2026-09-27T10:30:49.1929215Z Included Software: https://github.com/actions/runner-images/blob/ubuntu24/20260920.314/images/ubuntu/Ubuntu2404-Readme.md
verify-debug	Set up job	2026-09-27T10:30:49.1931464Z Image Release: https://github.com/actions/runner-images/releases/tag/ubuntu24%2F20260920.314
verify-debug	Set up job	2026-09-27T10:30:49.1932517Z ##[endgroup]
verify-debug	Set up job	2026-09-27T10:30:49.1933704Z ##[group]GITHUB_TOKEN Permissions
verify-debug	Set up job	2026-09-27T10:30:49.1936257Z Contents: read
verify-debug	Set up job	2026-09-27T10:30:49.1936889Z Metadata: read
verify-debug	Set up job	2026-09-27T10:30:49.1937596Z Packages: read
verify-debug	Set up job	2026-09-27T10:30:49.1938163Z ##[endgroup]
verify-debug	Set up job	2026-09-27T10:30:49.1940171Z Secret source: Actions
verify-debug	Set up job	2026-09-27T10:30:49.1941456Z Cache mode: write
verify-debug	Set up job	2026-09-27T10:30:49.1942150Z Prepare workflow directory
verify-debug	Set up job	2026-09-27T10:30:49.2276265Z Prepare all required actions
verify-debug	Set up job	2026-09-27T10:30:49.2325938Z Getting action download info
verify-debug	Set up job	2026-09-27T10:30:49.6149649Z Download action repository 'actions/checkout@v4' (SHA:11d5960a326750d5838078e36cf38b85af677262)
verify-debug	Set up job	2026-09-27T10:30:49.7137263Z Download action repository 'actions/setup-java@v4' (SHA:cf277c60eb25467037889841efdb72551f06f6c3)
verify-debug	Set up job	2026-09-27T10:30:50.2222453Z Download action repository 'actions/upload-artifact@v4' (SHA:ea165f8d65b6e75b540449e92b4886f43607fa02)
verify-debug	Set up job	2026-09-27T10:30:50.4441721Z Complete job name: verify-debug
verify-debug	Run actions/checkout@v4	﻿2026-09-27T10:30:50.5262707Z ##[group]Run actions/checkout@v4
verify-debug	Run actions/checkout@v4	2026-09-27T10:30:50.5263706Z with:
verify-debug	Run actions/checkout@v4	2026-09-27T10:30:50.5264183Z   fetch-depth: 0
verify-debug	Run actions/checkout@v4	2026-09-27T10:30:50.5264762Z   repository: neszaDev/spring-postgres-boilerplate
verify-debug	Run actions/checkout@v4	2026-09-27T10:30:50.5269077Z   token: ***
verify-debug	Run actions/checkout@v4	2026-09-27T10:30:50.5269553Z   ssh-strict: true
verify-debug	Run actions/checkout@v4	2026-09-27T10:30:50.5270033Z   ssh-user: git
verify-debug	Run actions/checkout@v4	2026-09-27T10:30:50.5270734Z   persist-credentials: true
verify-debug	Run actions/checkout@v4	2026-09-27T10:30:50.5271272Z   clean: true
verify-debug	Run actions/checkout@v4	2026-09-27T10:30:50.5271764Z   sparse-checkout-cone-mode: true
verify-debug	Run actions/checkout@v4	2026-09-27T10:30:50.5272351Z   fetch-tags: false
verify-debug	Run actions/checkout@v4	2026-09-27T10:30:50.5272832Z   show-progress: true
verify-debug	Run actions/checkout@v4	2026-09-27T10:30:50.5273318Z   lfs: false
verify-debug	Run actions/checkout@v4	2026-09-27T10:30:50.5273775Z   submodules: false
verify-debug	Run actions/checkout@v4	2026-09-27T10:30:50.5274259Z   set-safe-directory: true
verify-debug	Run actions/checkout@v4	2026-09-27T10:30:50.5274898Z   allow-unsafe-pr-checkout: false
verify-debug	Run actions/checkout@v4	2026-09-27T10:30:50.5275882Z ##[endgroup]
verify-debug	Run actions/checkout@v4	2026-09-27T10:30:50.6300742Z Syncing repository: neszaDev/spring-postgres-boilerplate
verify-debug	Run actions/checkout@v4	2026-09-27T10:30:50.6303821Z ##[group]Getting Git version info
verify-debug	Run actions/checkout@v4	2026-09-27T10:30:50.6306039Z Working directory is '/home/runner/work/spring-postgres-boilerplate/spring-postgres-boilerplate'
verify-debug	Run actions/checkout@v4	2026-09-27T10:30:50.6308546Z [command]/usr/bin/git version
verify-debug	Run actions/checkout@v4	2026-09-27T10:30:50.6344620Z git version 2.55.0
verify-debug	Run actions/checkout@v4	2026-09-27T10:30:50.6367492Z ##[endgroup]
verify-debug	Run actions/checkout@v4	2026-09-27T10:30:50.6382953Z Temporarily overriding HOME='/home/runner/work/_temp/41fd41c3-3662-42a7-a1ac-d98ef424b214' before making global git config changes
verify-debug	Run actions/checkout@v4	2026-09-27T10:30:50.6385635Z Adding repository directory to the temporary git global config as a safe directory
verify-debug	Run actions/checkout@v4	2026-09-27T10:30:50.6388461Z [command]/usr/bin/git config --global --add safe.directory /home/runner/work/spring-postgres-boilerplate/spring-postgres-boilerplate
verify-debug	Run actions/checkout@v4	2026-09-27T10:30:50.6443135Z Deleting the contents of '/home/runner/work/spring-postgres-boilerplate/spring-postgres-boilerplate'
verify-debug	Run actions/checkout@v4	2026-09-27T10:30:50.6447967Z ##[group]Initializing the repository
verify-debug	Run actions/checkout@v4	2026-09-27T10:30:50.6452516Z [command]/usr/bin/git init /home/runner/work/spring-postgres-boilerplate/spring-postgres-boilerplate
verify-debug	Run actions/checkout@v4	2026-09-27T10:30:50.6574072Z hint: Using 'master' as the name for the initial branch. This default branch name
verify-debug	Run actions/checkout@v4	2026-09-27T10:30:50.6576107Z hint: will change to "main" in Git 3.0. To configure the initial branch name
verify-debug	Run actions/checkout@v4	2026-09-27T10:30:50.6578108Z hint: to use in all of your new repositories, which will suppress this warning,
verify-debug	Run actions/checkout@v4	2026-09-27T10:30:50.6579798Z hint: call:
verify-debug	Run actions/checkout@v4	2026-09-27T10:30:50.6581105Z hint:
verify-debug	Run actions/checkout@v4	2026-09-27T10:30:50.6582322Z hint: 	git config --global init.defaultBranch <name>
verify-debug	Run actions/checkout@v4	2026-09-27T10:30:50.6583684Z hint:
verify-debug	Run actions/checkout@v4	2026-09-27T10:30:50.6584989Z hint: Names commonly chosen instead of 'master' are 'main', 'trunk' and
verify-debug	Run actions/checkout@v4	2026-09-27T10:30:50.6587036Z hint: 'development'. The just-created branch can be renamed via this command:
verify-debug	Run actions/checkout@v4	2026-09-27T10:30:50.6589491Z hint:
verify-debug	Run actions/checkout@v4	2026-09-27T10:30:50.6590806Z hint: 	git branch -m <name>
verify-debug	Run actions/checkout@v4	2026-09-27T10:30:50.6591875Z hint:
verify-debug	Run actions/checkout@v4	2026-09-27T10:30:50.6592864Z hint: Disable this message with "git config set advice.defaultBranchName false"
verify-debug	Run actions/checkout@v4	2026-09-27T10:30:50.6595572Z Initialized empty Git repository in /home/runner/work/spring-postgres-boilerplate/spring-postgres-boilerplate/.git/
verify-debug	Run actions/checkout@v4	2026-09-27T10:30:50.6600564Z [command]/usr/bin/git remote add origin https://github.com/neszaDev/spring-postgres-boilerplate
verify-debug	Run actions/checkout@v4	2026-09-27T10:30:50.6643524Z ##[endgroup]
verify-debug	Run actions/checkout@v4	2026-09-27T10:30:50.6645587Z ##[group]Disabling automatic garbage collection
verify-debug	Run actions/checkout@v4	2026-09-27T10:30:50.6647213Z [command]/usr/bin/git config --local gc.auto 0
verify-debug	Run actions/checkout@v4	2026-09-27T10:30:50.6679962Z ##[endgroup]
verify-debug	Run actions/checkout@v4	2026-09-27T10:30:50.6681969Z ##[group]Setting up auth
verify-debug	Run actions/checkout@v4	2026-09-27T10:30:50.6688140Z [command]/usr/bin/git config --local --name-only --get-regexp core\.sshCommand
verify-debug	Run actions/checkout@v4	2026-09-27T10:30:50.6721820Z [command]/usr/bin/git submodule foreach --recursive sh -c "git config --local --name-only --get-regexp 'core\.sshCommand' && git config --local --unset-all 'core.sshCommand' || :"
verify-debug	Run actions/checkout@v4	2026-09-27T10:30:50.7096374Z [command]/usr/bin/git config --local --name-only --get-regexp http\.https\:\/\/github\.com\/\.extraheader
verify-debug	Run actions/checkout@v4	2026-09-27T10:30:50.7138783Z [command]/usr/bin/git submodule foreach --recursive sh -c "git config --local --name-only --get-regexp 'http\.https\:\/\/github\.com\/\.extraheader' && git config --local --unset-all 'http.https://github.com/.extraheader' || :"
verify-debug	Run actions/checkout@v4	2026-09-27T10:30:50.7374617Z [command]/usr/bin/git config --local --name-only --get-regexp ^includeIf\.gitdir:
verify-debug	Run actions/checkout@v4	2026-09-27T10:30:50.7411931Z [command]/usr/bin/git submodule foreach --recursive git config --local --show-origin --name-only --get-regexp remote.origin.url
verify-debug	Run actions/checkout@v4	2026-09-27T10:30:50.7637087Z [command]/usr/bin/git config --local http.https://github.com/.extraheader AUTHORIZATION: basic ***
verify-debug	Run actions/checkout@v4	2026-09-27T10:30:50.7715092Z ##[endgroup]
verify-debug	Run actions/checkout@v4	2026-09-27T10:30:50.7716140Z ##[group]Fetching the repository
verify-debug	Run actions/checkout@v4	2026-09-27T10:30:50.7725532Z [command]/usr/bin/git -c protocol.version=2 fetch --prune --no-recurse-submodules origin +refs/heads/*:refs/remotes/origin/* +refs/tags/*:refs/tags/*
verify-debug	Run actions/checkout@v4	2026-09-27T10:30:51.9952613Z From https://github.com/neszaDev/spring-postgres-boilerplate
verify-debug	Run actions/checkout@v4	2026-09-27T10:30:51.9956986Z  * [new branch]      archive/ci-logs-20260925 -> origin/archive/ci-logs-20260925
verify-debug	Run actions/checkout@v4	2026-09-27T10:30:51.9959588Z  * [new branch]      chore/dev-tooling      -> origin/chore/dev-tooling
verify-debug	Run actions/checkout@v4	2026-09-27T10:30:51.9961631Z  * [new branch]      chore/normalize-format -> origin/chore/normalize-format
verify-debug	Run actions/checkout@v4	2026-09-27T10:30:51.9963707Z  * [new branch]      ci/add-test-report-uploads -> origin/ci/add-test-report-uploads
verify-debug	Run actions/checkout@v4	2026-09-27T10:30:51.9965936Z  * [new branch]      ci/debug-strip         -> origin/ci/debug-strip
verify-debug	Run actions/checkout@v4	2026-09-27T10:30:51.9968705Z  * [new branch]      ci/diagnostics         -> origin/ci/diagnostics
verify-debug	Run actions/checkout@v4	2026-09-27T10:30:51.9970990Z  * [new branch]      ci/diagnostics-deps    -> origin/ci/diagnostics-deps
verify-debug	Run actions/checkout@v4	2026-09-27T10:30:51.9972767Z  * [new branch]      ci/manual-rerun        -> origin/ci/manual-rerun
verify-debug	Run actions/checkout@v4	2026-09-27T10:30:51.9974661Z  * [new branch]      ci/verify-debug        -> origin/ci/verify-debug
verify-debug	Run actions/checkout@v4	2026-09-27T10:30:51.9978530Z  * [new branch]      dependabot/maven/com.diffplug.spotless-spotless-maven-plugin-3.10.2 -> origin/dependabot/maven/com.diffplug.spotless-spotless-maven-plugin-3.10.2
verify-debug	Run actions/checkout@v4	2026-09-27T10:30:51.9984846Z  * [new branch]      dependabot/maven/org.apache.maven.plugins-maven-enforcer-plugin-3.6.3 -> origin/dependabot/maven/org.apache.maven.plugins-maven-enforcer-plugin-3.6.3
verify-debug	Run actions/checkout@v4	2026-09-27T10:30:51.9991027Z  * [new branch]      dependabot/maven/org.springdoc-springdoc-openapi-starter-webmvc-ui-3.1.1 -> origin/dependabot/maven/org.springdoc-springdoc-openapi-starter-webmvc-ui-3.1.1
verify-debug	Run actions/checkout@v4	2026-09-27T10:30:51.9997351Z  * [new branch]      dependabot/maven/org.springframework.boot-spring-boot-starter-parent-4.1.1 -> origin/dependabot/maven/org.springframework.boot-spring-boot-starter-parent-4.1.1
verify-debug	Run actions/checkout@v4	2026-09-27T10:30:52.0002306Z  * [new branch]      fix/ci-yml             -> origin/fix/ci-yml
verify-debug	Run actions/checkout@v4	2026-09-27T10:30:52.0004036Z  * [new branch]      main                   -> origin/main
verify-debug	Run actions/checkout@v4	2026-09-27T10:30:52.0005745Z  * [new branch]      prod/foundation        -> origin/prod/foundation
verify-debug	Run actions/checkout@v4	2026-09-27T10:30:52.0010132Z [command]/usr/bin/git branch --list --remote origin/ci/verify-debug
verify-debug	Run actions/checkout@v4	2026-09-27T10:30:52.0012489Z   origin/ci/verify-debug
verify-debug	Run actions/checkout@v4	2026-09-27T10:30:52.0015427Z [command]/usr/bin/git rev-parse refs/remotes/origin/ci/verify-debug
verify-debug	Run actions/checkout@v4	2026-09-27T10:30:52.0035716Z 9d47090698eb04edb7c93d153d355d05bca8d4db
verify-debug	Run actions/checkout@v4	2026-09-27T10:30:52.0042532Z ##[endgroup]
verify-debug	Run actions/checkout@v4	2026-09-27T10:30:52.0044721Z ##[group]Determining the checkout info
verify-debug	Run actions/checkout@v4	2026-09-27T10:30:52.0047541Z ##[endgroup]
verify-debug	Run actions/checkout@v4	2026-09-27T10:30:52.0049333Z [command]/usr/bin/git sparse-checkout disable
verify-debug	Run actions/checkout@v4	2026-09-27T10:30:52.0108047Z [command]/usr/bin/git config --local --unset-all extensions.worktreeConfig
verify-debug	Run actions/checkout@v4	2026-09-27T10:30:52.0141583Z ##[group]Checking out the ref
verify-debug	Run actions/checkout@v4	2026-09-27T10:30:52.0144973Z [command]/usr/bin/git checkout --progress --force -B ci/verify-debug refs/remotes/origin/ci/verify-debug
verify-debug	Run actions/checkout@v4	2026-09-27T10:30:52.0181707Z behavior, is not a valid attribute name: .gitattributes:1
verify-debug	Run actions/checkout@v4	2026-09-27T10:30:52.0277698Z Switched to a new branch 'ci/verify-debug'
verify-debug	Run actions/checkout@v4	2026-09-27T10:30:52.0284798Z branch 'ci/verify-debug' set up to track 'origin/ci/verify-debug'.
verify-debug	Run actions/checkout@v4	2026-09-27T10:30:52.0291021Z ##[endgroup]
verify-debug	Run actions/checkout@v4	2026-09-27T10:30:52.0331717Z [command]/usr/bin/git log -1 --format=%H
verify-debug	Run actions/checkout@v4	2026-09-27T10:30:52.0359035Z 9d47090698eb04edb7c93d153d355d05bca8d4db
verify-debug	Set up JDK 21	﻿2026-09-27T10:30:52.0845266Z ##[group]Run actions/setup-java@v4
verify-debug	Set up JDK 21	2026-09-27T10:30:52.0846481Z with:
verify-debug	Set up JDK 21	2026-09-27T10:30:52.0847328Z   distribution: temurin
verify-debug	Set up JDK 21	2026-09-27T10:30:52.0848307Z   java-version: 21
verify-debug	Set up JDK 21	2026-09-27T10:30:52.0849217Z   cache: maven
verify-debug	Set up JDK 21	2026-09-27T10:30:52.0850102Z   java-package: jdk
verify-debug	Set up JDK 21	2026-09-27T10:30:52.0851249Z   check-latest: false
verify-debug	Set up JDK 21	2026-09-27T10:30:52.0852218Z   server-id: github
verify-debug	Set up JDK 21	2026-09-27T10:30:52.0853177Z   server-username: GITHUB_ACTOR
verify-debug	Set up JDK 21	2026-09-27T10:30:52.0854313Z   server-password: GITHUB_TOKEN
verify-debug	Set up JDK 21	2026-09-27T10:30:52.0855429Z   overwrite-settings: true
verify-debug	Set up JDK 21	2026-09-27T10:30:52.0856465Z   job-status: success
verify-debug	Set up JDK 21	2026-09-27T10:30:52.0866516Z   token: ***
verify-debug	Set up JDK 21	2026-09-27T10:30:52.0867394Z ##[endgroup]
verify-debug	Set up JDK 21	2026-09-27T10:30:52.2619849Z ##[warning]setup-java v4 is deprecated and will no longer receive updates. Please migrate to actions/setup-java@v5.
verify-debug	Set up JDK 21	2026-09-27T10:30:52.2634702Z ##[group]Installed distributions
verify-debug	Set up JDK 21	2026-09-27T10:30:52.2815146Z Resolved Java 21.0.12+1 from tool-cache
verify-debug	Set up JDK 21	2026-09-27T10:30:52.2816829Z Setting Java 21.0.12+1 as the default
verify-debug	Set up JDK 21	2026-09-27T10:30:52.2826950Z (node:2261) [DEP0040] DeprecationWarning: The `punycode` module is deprecated. Please use a userland alternative instead.
verify-debug	Set up JDK 21	2026-09-27T10:30:52.2831021Z (Use `node --trace-deprecation ...` to show where the warning was created)
verify-debug	Set up JDK 21	2026-09-27T10:30:52.2833309Z Creating toolchains.xml for JDK version 21 from temurin
verify-debug	Set up JDK 21	2026-09-27T10:30:52.2906649Z Writing to /home/runner/.m2/toolchains.xml
verify-debug	Set up JDK 21	2026-09-27T10:30:52.2908403Z 
verify-debug	Set up JDK 21	2026-09-27T10:30:52.2909205Z Java configuration:
verify-debug	Set up JDK 21	2026-09-27T10:30:52.2911324Z   Distribution: temurin
verify-debug	Set up JDK 21	2026-09-27T10:30:52.2913238Z   Version: 21.0.12+1
verify-debug	Set up JDK 21	2026-09-27T10:30:52.2915470Z   Path: /opt/hostedtoolcache/Java_Temurin-Hotspot_jdk/21.0.12-1/x64
verify-debug	Set up JDK 21	2026-09-27T10:30:52.2916769Z 
verify-debug	Set up JDK 21	2026-09-27T10:30:52.2918170Z ##[endgroup]
verify-debug	Set up JDK 21	2026-09-27T10:30:52.2934653Z Creating settings.xml with server-id: github
verify-debug	Set up JDK 21	2026-09-27T10:30:52.2982147Z Writing to /home/runner/.m2/settings.xml
verify-debug	Set up JDK 21	2026-09-27T10:30:52.5994780Z Cache hit for: setup-java-Linux-x64-maven-409b2a0314088bc976e93e0496ede877b5d9e118296fa53d47bd7efd7eeea48b
verify-debug	Set up JDK 21	2026-09-27T10:30:52.6112575Z (node:2261) [DEP0169] DeprecationWarning: `url.parse()` behavior is not standardized and prone to errors that have security implications. Use the WHATWG URL API instead. CVEs are not issued for `url.parse()` vulnerabilities.
verify-debug	Set up JDK 21	2026-09-27T10:30:53.8685991Z Received 4194304 of 94700353 (4.4%), 4.0 MBs/sec
verify-debug	Set up JDK 21	2026-09-27T10:30:54.6697257Z Received 94700353 of 94700353 (100.0%), 50.1 MBs/sec
verify-debug	Set up JDK 21	2026-09-27T10:30:54.6698531Z Cache Size: ~90 MB (94700353 B)
verify-debug	Set up JDK 21	2026-09-27T10:30:54.6741349Z [command]/usr/bin/tar -xf /home/runner/work/_temp/a8d4a67b-01cd-4b18-aac8-a58cef61de4c/cache.tzst -P -C /home/runner/work/spring-postgres-boilerplate/spring-postgres-boilerplate --use-compress-program unzstd
verify-debug	Set up JDK 21	2026-09-27T10:30:54.8964233Z Cache restored successfully
verify-debug	Set up JDK 21	2026-09-27T10:30:54.9013858Z Cache restored from key: setup-java-Linux-x64-maven-409b2a0314088bc976e93e0496ede877b5d9e118296fa53d47bd7efd7eeea48b
verify-debug	Run verbose Verify (skip ITs)	﻿2026-09-27T10:30:54.9201570Z ##[group]Run mvn -X -e -DskipITs=true -B clean verify 2>&1 | tee mvn-verify-debug.log || true
verify-debug	Run verbose Verify (skip ITs)	2026-09-27T10:30:54.9202323Z ^[[36;1mmvn -X -e -DskipITs=true -B clean verify 2>&1 | tee mvn-verify-debug.log || true^[[0m
verify-debug	Run verbose Verify (skip ITs)	2026-09-27T10:30:54.9471709Z shell: /usr/bin/bash -e {0}
verify-debug	Run verbose Verify (skip ITs)	2026-09-27T10:30:54.9472038Z env:
verify-debug	Run verbose Verify (skip ITs)	2026-09-27T10:30:54.9472405Z   JAVA_HOME: /opt/hostedtoolcache/Java_Temurin-Hotspot_jdk/21.0.12-1/x64
verify-debug	Run verbose Verify (skip ITs)	2026-09-27T10:30:54.9472994Z   JAVA_HOME_21_X64: /opt/hostedtoolcache/Java_Temurin-Hotspot_jdk/21.0.12-1/x64
verify-debug	Run verbose Verify (skip ITs)	2026-09-27T10:30:54.9473450Z ##[endgroup]
verify-debug	Run verbose Verify (skip ITs)	2026-09-27T10:30:57.1756041Z Apache Maven 3.9.16 (2bdd9fddda4b155ebf8000e807eb73fd829a51d5)
verify-debug	Run verbose Verify (skip ITs)	2026-09-27T10:30:57.1756949Z Maven home: /usr/share/apache-maven-3.9.16
verify-debug	Run verbose Verify (skip ITs)	2026-09-27T10:30:57.1757498Z Java version: 21.0.12.1, vendor: Eclipse Adoptium, runtime: /usr/lib/jvm/temurin-21-jdk-amd64
verify-debug	Run verbose Verify (skip ITs)	2026-09-27T10:30:57.1758634Z Default locale: en, platform encoding: UTF-8
verify-debug	Run verbose Verify (skip ITs)	2026-09-27T10:30:57.1759403Z OS name: "linux", version: "6.17.0-1022-azure", arch: "amd64", family: "unix"
verify-debug	Run verbose Verify (skip ITs)	2026-09-27T10:30:58.8261643Z [DEBUG] Created new class realm maven.api
verify-debug	Run verbose Verify (skip ITs)	2026-09-27T10:30:58.8263179Z [DEBUG] Importing foreign packages into class realm maven.api
verify-debug	Run verbose Verify (skip ITs)	2026-09-27T10:30:58.8291403Z [DEBUG]   Imported: javax.annotation.* < plexus.core
verify-debug	Run verbose Verify (skip ITs)	2026-09-27T10:30:58.8336682Z [DEBUG]   Imported: javax.annotation.security.* < plexus.core
verify-debug	Run verbose Verify (skip ITs)	2026-09-27T10:30:58.8356484Z [DEBUG]   Imported: javax.inject.* < plexus.core
verify-debug	Run verbose Verify (skip ITs)	2026-09-27T10:30:58.8357449Z [DEBUG]   Imported: org.apache.maven.* < plexus.core
verify-debug	Run verbose Verify (skip ITs)	2026-09-27T10:30:58.8364236Z [DEBUG]   Imported: org.apache.maven.artifact < plexus.core
verify-debug	Run verbose Verify (skip ITs)	2026-09-27T10:30:58.8365416Z [DEBUG]   Imported: org.apache.maven.classrealm < plexus.core
verify-debug	Run verbose Verify (skip ITs)	2026-09-27T10:30:58.8366589Z [DEBUG]   Imported: org.apache.maven.cli < plexus.core
verify-debug	Run verbose Verify (skip ITs)	2026-09-27T10:30:58.8367680Z [DEBUG]   Imported: org.apache.maven.configuration < plexus.core
verify-debug	Run verbose Verify (skip ITs)	2026-09-27T10:30:58.8368833Z [DEBUG]   Imported: org.apache.maven.exception < plexus.core
verify-debug	Run verbose Verify (skip ITs)	2026-09-27T10:30:58.8369915Z [DEBUG]   Imported: org.apache.maven.execution < plexus.core
verify-debug	Run verbose Verify (skip ITs)	2026-09-27T10:30:58.8371354Z [DEBUG]   Imported: org.apache.maven.execution.scope < plexus.core
verify-debug	Run verbose Verify (skip ITs)	2026-09-27T10:30:58.8373727Z [DEBUG]   Imported: org.apache.maven.graph < plexus.core
verify-debug	Run verbose Verify (skip ITs)	2026-09-27T10:30:58.8374790Z [DEBUG]   Imported: org.apache.maven.lifecycle < plexus.core
verify-debug	Run verbose Verify (skip ITs)	2026-09-27T10:30:58.8376012Z [DEBUG]   Imported: org.apache.maven.model < plexus.core
verify-debug	Run verbose Verify (skip ITs)	2026-09-27T10:30:58.8385883Z [DEBUG]   Imported: org.apache.maven.monitor < plexus.core
verify-debug	Run verbose Verify (skip ITs)	2026-09-27T10:30:58.8391472Z [DEBUG]   Imported: org.apache.maven.plugin < plexus.core
verify-debug	Run verbose Verify (skip ITs)	2026-09-27T10:30:58.8392851Z [DEBUG]   Imported: org.apache.maven.profiles < plexus.core
verify-debug	Run verbose Verify (skip ITs)	2026-09-27T10:30:58.8394118Z [DEBUG]   Imported: org.apache.maven.project < plexus.core
verify-debug	Run verbose Verify (skip ITs)	2026-09-27T10:30:58.8394981Z [DEBUG]   Imported: org.apache.maven.reporting < plexus.core
verify-debug	Run verbose Verify (skip ITs)	2026-09-27T10:30:58.8396066Z [DEBUG]   Imported: org.apache.maven.repository < plexus.core
verify-debug	Run verbose Verify (skip ITs)	2026-09-27T10:30:58.8396820Z [DEBUG]   Imported: org.apache.maven.rtinfo < plexus.core
verify-debug	Run verbose Verify (skip ITs)	2026-09-27T10:30:58.8397527Z [DEBUG]   Imported: org.apache.maven.settings < plexus.core
verify-debug	Run verbose Verify (skip ITs)	2026-09-27T10:30:58.8398256Z [DEBUG]   Imported: org.apache.maven.toolchain < plexus.core
verify-debug	Run verbose Verify (skip ITs)	2026-09-27T10:30:58.8398993Z [DEBUG]   Imported: org.apache.maven.usability < plexus.core
verify-debug	Run verbose Verify (skip ITs)	2026-09-27T10:30:58.8399712Z [DEBUG]   Imported: org.apache.maven.wagon.* < plexus.core
verify-debug	Run verbose Verify (skip ITs)	2026-09-27T10:30:58.8400693Z [DEBUG]   Imported: org.apache.maven.wagon.authentication < plexus.core
verify-debug	Run verbose Verify (skip ITs)	2026-09-27T10:30:58.8401585Z [DEBUG]   Imported: org.apache.maven.wagon.authorization < plexus.core
verify-debug	Run verbose Verify (skip ITs)	2026-09-27T10:30:58.8402411Z [DEBUG]   Imported: org.apache.maven.wagon.events < plexus.core
verify-debug	Run verbose Verify (skip ITs)	2026-09-27T10:30:58.8403202Z [DEBUG]   Imported: org.apache.maven.wagon.observers < plexus.core
verify-debug	Run verbose Verify (skip ITs)	2026-09-27T10:30:58.8403985Z [DEBUG]   Imported: org.apache.maven.wagon.proxy < plexus.core
verify-debug	Run verbose Verify (skip ITs)	2026-09-27T10:30:58.8404784Z [DEBUG]   Imported: org.apache.maven.wagon.repository < plexus.core
verify-debug	Run verbose Verify (skip ITs)	2026-09-27T10:30:58.8405610Z [DEBUG]   Imported: org.apache.maven.wagon.resource < plexus.core
verify-debug	Run verbose Verify (skip ITs)	2026-09-27T10:30:58.8406709Z [DEBUG]   Imported: org.codehaus.classworlds < plexus.core
verify-debug	Run verbose Verify (skip ITs)	2026-09-27T10:30:58.8407382Z [DEBUG]   Imported: org.codehaus.plexus.* < plexus.core
verify-debug	Run verbose Verify (skip ITs)	2026-09-27T10:30:58.8408106Z [DEBUG]   Imported: org.codehaus.plexus.classworlds < plexus.core
verify-debug	Run verbose Verify (skip ITs)	2026-09-27T10:30:58.8408881Z [DEBUG]   Imported: org.codehaus.plexus.component < plexus.core
verify-debug	Run verbose Verify (skip ITs)	2026-09-27T10:30:58.8409661Z [DEBUG]   Imported: org.codehaus.plexus.configuration < plexus.core
verify-debug	Run verbose Verify (skip ITs)	2026-09-27T10:30:58.8410642Z [DEBUG]   Imported: org.codehaus.plexus.container < plexus.core
verify-debug	Run verbose Verify (skip ITs)	2026-09-27T10:30:58.8411381Z [DEBUG]   Imported: org.codehaus.plexus.context < plexus.core
verify-debug	Run verbose Verify (skip ITs)	2026-09-27T10:30:58.8412124Z [DEBUG]   Imported: org.codehaus.plexus.lifecycle < plexus.core
verify-debug	Run verbose Verify (skip ITs)	2026-09-27T10:30:58.8412871Z [DEBUG]   Imported: org.codehaus.plexus.logging < plexus.core
verify-debug	Run verbose Verify (skip ITs)	2026-09-27T10:30:58.8413631Z [DEBUG]   Imported: org.codehaus.plexus.personality < plexus.core
verify-debug	Run verbose Verify (skip ITs)	2026-09-27T10:30:58.8414449Z [DEBUG]   Imported: org.codehaus.plexus.util.xml.Xpp3Dom < plexus.core
verify-debug	Run verbose Verify (skip ITs)	2026-09-27T10:30:58.8415384Z [DEBUG]   Imported: org.codehaus.plexus.util.xml.pull.XmlPullParser < plexus.core
verify-debug	Run verbose Verify (skip ITs)	2026-09-27T10:30:58.8416472Z [DEBUG]   Imported: org.codehaus.plexus.util.xml.pull.XmlPullParserException < plexus.core
verify-debug	Run verbose Verify (skip ITs)	2026-09-27T10:30:58.8417551Z [DEBUG]   Imported: org.codehaus.plexus.util.xml.pull.XmlSerializer < plexus.core
verify-debug	Run verbose Verify (skip ITs)	2026-09-27T10:30:58.8418384Z [DEBUG]   Imported: org.eclipse.aether.* < plexus.core
verify-debug	Run verbose Verify (skip ITs)	2026-09-27T10:30:58.8419061Z [DEBUG]   Imported: org.eclipse.aether.artifact < plexus.core
verify-debug	Run verbose Verify (skip ITs)	2026-09-27T10:30:58.8419800Z [DEBUG]   Imported: org.eclipse.aether.collection < plexus.core
verify-debug	Run verbose Verify (skip ITs)	2026-09-27T10:30:58.8420935Z [DEBUG]   Imported: org.eclipse.aether.deployment < plexus.core
verify-debug	Run verbose Verify (skip ITs)	2026-09-27T10:30:58.8421701Z [DEBUG]   Imported: org.eclipse.aether.graph < plexus.core
verify-debug	Run verbose Verify (skip ITs)	2026-09-27T10:30:58.8422436Z [DEBUG]   Imported: org.eclipse.aether.impl < plexus.core
verify-debug	Run verbose Verify (skip ITs)	2026-09-27T10:30:58.8423266Z [DEBUG]   Imported: org.eclipse.aether.installation < plexus.core
verify-debug	Run verbose Verify (skip ITs)	2026-09-27T10:30:58.8424113Z [DEBUG]   Imported: org.eclipse.aether.internal.impl < plexus.core
verify-debug	Run verbose Verify (skip ITs)	2026-09-27T10:30:58.8424922Z [DEBUG]   Imported: org.eclipse.aether.metadata < plexus.core
verify-debug	Run verbose Verify (skip ITs)	2026-09-27T10:30:58.8425700Z [DEBUG]   Imported: org.eclipse.aether.repository < plexus.core
verify-debug	Run verbose Verify (skip ITs)	2026-09-27T10:30:58.8426496Z [DEBUG]   Imported: org.eclipse.aether.resolution < plexus.core
verify-debug	Run verbose Verify (skip ITs)	2026-09-27T10:30:58.8427226Z [DEBUG]   Imported: org.eclipse.aether.spi < plexus.core
verify-debug	Run verbose Verify (skip ITs)	2026-09-27T10:30:58.8427932Z [DEBUG]   Imported: org.eclipse.aether.transfer < plexus.core
verify-debug	Run verbose Verify (skip ITs)	2026-09-27T10:30:58.8428657Z [DEBUG]   Imported: org.eclipse.aether.util < plexus.core
verify-debug	Run verbose Verify (skip ITs)	2026-09-27T10:30:58.8429393Z [DEBUG]   Imported: org.eclipse.aether.version < plexus.core
verify-debug	Run verbose Verify (skip ITs)	2026-09-27T10:30:58.8430111Z [DEBUG]   Imported: org.fusesource.jansi.* < plexus.core
verify-debug	Run verbose Verify (skip ITs)	2026-09-27T10:30:58.8431060Z [DEBUG]   Imported: org.slf4j.* < plexus.core
verify-debug	Run verbose Verify (skip ITs)	2026-09-27T10:30:58.8431920Z [DEBUG]   Imported: org.slf4j.event.* < plexus.core
verify-debug	Run verbose Verify (skip ITs)	2026-09-27T10:30:58.8432565Z [DEBUG]   Imported: org.slf4j.helpers.* < plexus.core
verify-debug	Run verbose Verify (skip ITs)	2026-09-27T10:30:58.8433187Z [DEBUG]   Imported: org.slf4j.spi.* < plexus.core
verify-debug	Run verbose Verify (skip ITs)	2026-09-27T10:30:58.8433796Z [DEBUG] Populating class realm maven.api
verify-debug	Run verbose Verify (skip ITs)	2026-09-27T10:30:58.8514982Z [DEBUG] Created adapter factory; available factories [file-lock, rwlock-local, semaphore-local, noop]; available name mappers [discriminating, file-gaecv, file-gav, file-hgaecv, file-hgav, file-static, gaecv, gav, static]
verify-debug	Run verbose Verify (skip ITs)	2026-09-27T10:30:58.9913716Z [INFO] Error stacktraces are turned on.
verify-debug	Run verbose Verify (skip ITs)	2026-09-27T10:30:58.9915256Z [DEBUG] Message scheme: plain
verify-debug	Run verbose Verify (skip ITs)	2026-09-27T10:30:58.9932948Z [DEBUG] Reading global settings from /usr/share/apache-maven-3.9.16/conf/settings.xml
verify-debug	Run verbose Verify (skip ITs)	2026-09-27T10:30:58.9934290Z [DEBUG] Reading user settings from /home/runner/.m2/settings.xml
verify-debug	Run verbose Verify (skip ITs)	2026-09-27T10:30:59.0036215Z [DEBUG] Reading global toolchains from /usr/share/apache-maven-3.9.16/conf/toolchains.xml
verify-debug	Run verbose Verify (skip ITs)	2026-09-27T10:30:59.0043998Z [DEBUG] Reading user toolchains from /home/runner/.m2/toolchains.xml
verify-debug	Run verbose Verify (skip ITs)	2026-09-27T10:30:59.0112918Z [DEBUG] Using local repository at /home/runner/.m2/repository
verify-debug	Run verbose Verify (skip ITs)	2026-09-27T10:30:59.0359376Z [DEBUG] Failed to decrypt password for server github: org.sonatype.plexus.components.sec.dispatcher.SecDispatcherException: java.io.FileNotFoundException: /home/runner/.m2/settings-security.xml (No such file or directory)
verify-debug	Run verbose Verify (skip ITs)	2026-09-27T10:30:59.0392512Z org.sonatype.plexus.components.sec.dispatcher.SecDispatcherException: org.sonatype.plexus.components.sec.dispatcher.SecDispatcherException: java.io.FileNotFoundException: /home/runner/.m2/settings-security.xml (No such file or directory)
verify-debug	Run verbose Verify (skip ITs)	2026-09-27T10:30:59.0395850Z     at org.sonatype.plexus.components.sec.dispatcher.DefaultSecDispatcher.decrypt (DefaultSecDispatcher.java:140)
verify-debug	Run verbose Verify (skip ITs)	2026-09-27T10:30:59.0397913Z     at org.apache.maven.settings.crypto.DefaultSettingsDecrypter.decrypt (DefaultSettingsDecrypter.java:111)
verify-debug	Run verbose Verify (skip ITs)	2026-09-27T10:30:59.0399899Z     at org.apache.maven.settings.crypto.DefaultSettingsDecrypter.decrypt (DefaultSettingsDecrypter.java:63)
verify-debug	Run verbose Verify (skip ITs)	2026-09-27T10:30:59.0402348Z     at org.apache.maven.internal.aether.DefaultRepositorySystemSessionFactory.newRepositorySession (DefaultRepositorySystemSessionFactory.java:203)
verify-debug	Run verbose Verify (skip ITs)	2026-09-27T10:30:59.0403397Z     at org.apache.maven.DefaultMaven.newRepositorySession (DefaultMaven.java:312)
verify-debug	Run verbose Verify (skip ITs)	2026-09-27T10:30:59.0403951Z     at org.apache.maven.DefaultMaven.doExecute (DefaultMaven.java:166)
verify-debug	Run verbose Verify (skip ITs)	2026-09-27T10:30:59.0404450Z     at org.apache.maven.DefaultMaven.execute (DefaultMaven.java:101)
verify-debug	Run verbose Verify (skip ITs)	2026-09-27T10:30:59.0404911Z     at org.apache.maven.cli.MavenCli.execute (MavenCli.java:919)
verify-debug	Run verbose Verify (skip ITs)	2026-09-27T10:30:59.0405351Z     at org.apache.maven.cli.MavenCli.doMain (MavenCli.java:285)
verify-debug	Run verbose Verify (skip ITs)	2026-09-27T10:30:59.0405776Z     at org.apache.maven.cli.MavenCli.main (MavenCli.java:207)
verify-debug	Run verbose Verify (skip ITs)	2026-09-27T10:30:59.0406345Z     at jdk.internal.reflect.DirectMethodHandleAccessor.invoke (DirectMethodHandleAccessor.java:103)
verify-debug	Run verbose Verify (skip ITs)	2026-09-27T10:30:59.0406919Z     at java.lang.reflect.Method.invoke (Method.java:580)
verify-debug	Run verbose Verify (skip ITs)	2026-09-27T10:30:59.0407460Z     at org.codehaus.plexus.classworlds.launcher.Launcher.launchEnhanced (Launcher.java:255)
verify-debug	Run verbose Verify (skip ITs)	2026-09-27T10:30:59.0408098Z     at org.codehaus.plexus.classworlds.launcher.Launcher.launch (Launcher.java:201)
verify-debug	Run verbose Verify (skip ITs)	2026-09-27T10:30:59.0408758Z     at org.codehaus.plexus.classworlds.launcher.Launcher.mainWithExitCode (Launcher.java:362)
verify-debug	Run verbose Verify (skip ITs)	2026-09-27T10:30:59.0409386Z     at org.codehaus.plexus.classworlds.launcher.Launcher.main (Launcher.java:314)
verify-debug	Run verbose Verify (skip ITs)	2026-09-27T10:30:59.0410556Z Caused by: org.sonatype.plexus.components.sec.dispatcher.SecDispatcherException: java.io.FileNotFoundException: /home/runner/.m2/settings-security.xml (No such file or directory)
verify-debug	Run verbose Verify (skip ITs)	2026-09-27T10:30:59.0411603Z     at org.sonatype.plexus.components.sec.dispatcher.SecUtil.read (SecUtil.java:66)
verify-debug	Run verbose Verify (skip ITs)	2026-09-27T10:30:59.0413032Z     at org.sonatype.plexus.components.sec.dispatcher.DefaultSecDispatcher.getSec (DefaultSecDispatcher.java:229)
verify-debug	Run verbose Verify (skip ITs)	2026-09-27T10:30:59.0414767Z     at org.sonatype.plexus.components.sec.dispatcher.DefaultSecDispatcher.decrypt (DefaultSecDispatcher.java:109)
verify-debug	Run verbose Verify (skip ITs)	2026-09-27T10:30:59.0416750Z     at org.apache.maven.settings.crypto.DefaultSettingsDecrypter.decrypt (DefaultSettingsDecrypter.java:111)
verify-debug	Run verbose Verify (skip ITs)	2026-09-27T10:30:59.0418349Z     at org.apache.maven.settings.crypto.DefaultSettingsDecrypter.decrypt (DefaultSettingsDecrypter.java:63)
verify-debug	Run verbose Verify (skip ITs)	2026-09-27T10:30:59.0420163Z     at org.apache.maven.internal.aether.DefaultRepositorySystemSessionFactory.newRepositorySession (DefaultRepositorySystemSessionFactory.java:203)
verify-debug	Run verbose Verify (skip ITs)	2026-09-27T10:30:59.0421404Z     at org.apache.maven.DefaultMaven.newRepositorySession (DefaultMaven.java:312)
verify-debug	Run verbose Verify (skip ITs)	2026-09-27T10:30:59.0422436Z     at org.apache.maven.DefaultMaven.doExecute (DefaultMaven.java:166)
verify-debug	Run verbose Verify (skip ITs)	2026-09-27T10:30:59.0423259Z     at org.apache.maven.DefaultMaven.execute (DefaultMaven.java:101)
verify-debug	Run verbose Verify (skip ITs)	2026-09-27T10:30:59.0423715Z     at org.apache.maven.cli.MavenCli.execute (MavenCli.java:919)
verify-debug	Run verbose Verify (skip ITs)	2026-09-27T10:30:59.0424150Z     at org.apache.maven.cli.MavenCli.doMain (MavenCli.java:285)
verify-debug	Run verbose Verify (skip ITs)	2026-09-27T10:30:59.0424584Z     at org.apache.maven.cli.MavenCli.main (MavenCli.java:207)
verify-debug	Run verbose Verify (skip ITs)	2026-09-27T10:30:59.0425160Z     at jdk.internal.reflect.DirectMethodHandleAccessor.invoke (DirectMethodHandleAccessor.java:103)
verify-debug	Run verbose Verify (skip ITs)	2026-09-27T10:30:59.0425938Z     at java.lang.reflect.Method.invoke (Method.java:580)
verify-debug	Run verbose Verify (skip ITs)	2026-09-27T10:30:59.0426463Z     at org.codehaus.plexus.classworlds.launcher.Launcher.launchEnhanced (Launcher.java:255)
verify-debug	Run verbose Verify (skip ITs)	2026-09-27T10:30:59.0427101Z     at org.codehaus.plexus.classworlds.launcher.Launcher.launch (Launcher.java:201)
verify-debug	Run verbose Verify (skip ITs)	2026-09-27T10:30:59.0427740Z     at org.codehaus.plexus.classworlds.launcher.Launcher.mainWithExitCode (Launcher.java:362)
verify-debug	Run verbose Verify (skip ITs)	2026-09-27T10:30:59.0428362Z     at org.codehaus.plexus.classworlds.launcher.Launcher.main (Launcher.java:314)
verify-debug	Run verbose Verify (skip ITs)	2026-09-27T10:30:59.0429036Z Caused by: java.io.FileNotFoundException: /home/runner/.m2/settings-security.xml (No such file or directory)
verify-debug	Run verbose Verify (skip ITs)	2026-09-27T10:30:59.0429617Z     at java.io.FileInputStream.open0 (Native Method)
verify-debug	Run verbose Verify (skip ITs)	2026-09-27T10:30:59.0430031Z     at java.io.FileInputStream.open (FileInputStream.java:213)
verify-debug	Run verbose Verify (skip ITs)	2026-09-27T10:30:59.0430656Z     at java.io.FileInputStream.<init> (FileInputStream.java:152)
verify-debug	Run verbose Verify (skip ITs)	2026-09-27T10:30:59.0431079Z     at java.io.FileInputStream.<init> (FileInputStream.java:106)
verify-debug	Run verbose Verify (skip ITs)	2026-09-27T10:30:59.0431612Z     at org.sonatype.plexus.components.sec.dispatcher.SecUtil.toStream (SecUtil.java:95)
verify-debug	Run verbose Verify (skip ITs)	2026-09-27T10:30:59.0432235Z     at org.sonatype.plexus.components.sec.dispatcher.SecUtil.read (SecUtil.java:53)
verify-debug	Run verbose Verify (skip ITs)	2026-09-27T10:30:59.0432958Z     at org.sonatype.plexus.components.sec.dispatcher.DefaultSecDispatcher.getSec (DefaultSecDispatcher.java:229)
verify-debug	Run verbose Verify (skip ITs)	2026-09-27T10:30:59.0433816Z     at org.sonatype.plexus.components.sec.dispatcher.DefaultSecDispatcher.decrypt (DefaultSecDispatcher.java:109)
verify-debug	Run verbose Verify (skip ITs)	2026-09-27T10:30:59.0434653Z     at org.apache.maven.settings.crypto.DefaultSettingsDecrypter.decrypt (DefaultSettingsDecrypter.java:111)
verify-debug	Run verbose Verify (skip ITs)	2026-09-27T10:30:59.0435450Z     at org.apache.maven.settings.crypto.DefaultSettingsDecrypter.decrypt (DefaultSettingsDecrypter.java:63)
verify-debug	Run verbose Verify (skip ITs)	2026-09-27T10:30:59.0436451Z     at org.apache.maven.internal.aether.DefaultRepositorySystemSessionFactory.newRepositorySession (DefaultRepositorySystemSessionFactory.java:203)
verify-debug	Run verbose Verify (skip ITs)	2026-09-27T10:30:59.0437339Z     at org.apache.maven.DefaultMaven.newRepositorySession (DefaultMaven.java:312)
verify-debug	Run verbose Verify (skip ITs)	2026-09-27T10:30:59.0437863Z     at org.apache.maven.DefaultMaven.doExecute (DefaultMaven.java:166)
verify-debug	Run verbose Verify (skip ITs)	2026-09-27T10:30:59.0438337Z     at org.apache.maven.DefaultMaven.execute (DefaultMaven.java:101)
verify-debug	Run verbose Verify (skip ITs)	2026-09-27T10:30:59.0438778Z     at org.apache.maven.cli.MavenCli.execute (MavenCli.java:919)
verify-debug	Run verbose Verify (skip ITs)	2026-09-27T10:30:59.0439211Z     at org.apache.maven.cli.MavenCli.doMain (MavenCli.java:285)
verify-debug	Run verbose Verify (skip ITs)	2026-09-27T10:30:59.0439633Z     at org.apache.maven.cli.MavenCli.main (MavenCli.java:207)
verify-debug	Run verbose Verify (skip ITs)	2026-09-27T10:30:59.0440331Z     at jdk.internal.reflect.DirectMethodHandleAccessor.invoke (DirectMethodHandleAccessor.java:103)
verify-debug	Run verbose Verify (skip ITs)	2026-09-27T10:30:59.0440910Z     at java.lang.reflect.Method.invoke (Method.java:580)
verify-debug	Run verbose Verify (skip ITs)	2026-09-27T10:30:59.0441572Z     at org.codehaus.plexus.classworlds.launcher.Launcher.launchEnhanced (Launcher.java:255)
verify-debug	Run verbose Verify (skip ITs)	2026-09-27T10:30:59.0442200Z     at org.codehaus.plexus.classworlds.launcher.Launcher.launch (Launcher.java:201)
verify-debug	Run verbose Verify (skip ITs)	2026-09-27T10:30:59.0442840Z     at org.codehaus.plexus.classworlds.launcher.Launcher.mainWithExitCode (Launcher.java:362)
verify-debug	Run verbose Verify (skip ITs)	2026-09-27T10:30:59.0443465Z     at org.codehaus.plexus.classworlds.launcher.Launcher.main (Launcher.java:314)
verify-debug	Run verbose Verify (skip ITs)	2026-09-27T10:30:59.0592148Z [DEBUG] Using manager EnhancedLocalRepositoryManager with priority 10.0 for /home/runner/.m2/repository
verify-debug	Run verbose Verify (skip ITs)	2026-09-27T10:30:59.0614757Z [INFO] Scanning for projects...
verify-debug	Run verbose Verify (skip ITs)	2026-09-27T10:30:59.0796559Z [DEBUG] Creating adapter using nameMapper 'gaecv' and factory 'rwlock-local'
verify-debug	Run verbose Verify (skip ITs)	2026-09-27T10:30:59.1701916Z [DEBUG] Extension realms for project com.example:spring-postgres-boilerplate:jar:0.1.0-SNAPSHOT: (none)
verify-debug	Run verbose Verify (skip ITs)	2026-09-27T10:30:59.1741412Z [DEBUG] Looking up lifecycle mappings for packaging jar from ClassRealm[plexus.core, parent: null]
verify-debug	Run verbose Verify (skip ITs)	2026-09-27T10:30:59.3201888Z [DEBUG] Extension realms for project org.springframework.boot:spring-boot-starter-parent:pom:3.5.5: (none)
verify-debug	Run verbose Verify (skip ITs)	2026-09-27T10:30:59.3229903Z [DEBUG] Looking up lifecycle mappings for packaging pom from ClassRealm[plexus.core, parent: null]
verify-debug	Run verbose Verify (skip ITs)	2026-09-27T10:30:59.3311459Z [DEBUG] Extension realms for project org.springframework.boot:spring-boot-dependencies:pom:3.5.5: (none)
verify-debug	Run verbose Verify (skip ITs)	2026-09-27T10:30:59.3349398Z [DEBUG] Looking up lifecycle mappings for packaging pom from ClassRealm[plexus.core, parent: null]
verify-debug	Run verbose Verify (skip ITs)	2026-09-27T10:30:59.3427396Z [DEBUG] === REACTOR BUILD PLAN ================================================
verify-debug	Run verbose Verify (skip ITs)	2026-09-27T10:30:59.3428533Z [DEBUG] Project: com.example:spring-postgres-boilerplate:jar:0.1.0-SNAPSHOT
verify-debug	Run verbose Verify (skip ITs)	2026-09-27T10:30:59.3429322Z [DEBUG] Tasks:   [clean, verify]
verify-debug	Run verbose Verify (skip ITs)	2026-09-27T10:30:59.3432710Z [DEBUG] Style:   Regular
verify-debug	Run verbose Verify (skip ITs)	2026-09-27T10:30:59.3434134Z [DEBUG] =======================================================================
verify-debug	Run verbose Verify (skip ITs)	2026-09-27T10:30:59.3510737Z [INFO] 
verify-debug	Run verbose Verify (skip ITs)	2026-09-27T10:30:59.3511665Z [INFO] --------------< com.example:spring-postgres-boilerplate >---------------
verify-debug	Run verbose Verify (skip ITs)	2026-09-27T10:30:59.3512534Z [INFO] Building spring-postgres-boilerplate 0.1.0-SNAPSHOT
verify-debug	Run verbose Verify (skip ITs)	2026-09-27T10:30:59.3513321Z [INFO]   from pom.xml
verify-debug	Run verbose Verify (skip ITs)	2026-09-27T10:30:59.3514133Z [INFO] --------------------------------[ jar ]---------------------------------
verify-debug	Run verbose Verify (skip ITs)	2026-09-27T10:30:59.3531026Z [DEBUG] Lifecycle clean -> [pre-clean, clean, post-clean]
verify-debug	Run verbose Verify (skip ITs)	2026-09-27T10:30:59.3543410Z [DEBUG] Lifecycle default -> [validate, initialize, generate-sources, process-sources, generate-resources, process-resources, compile, process-classes, generate-test-sources, process-test-sources, generate-test-resources, process-test-resources, test-compile, process-test-classes, test, prepare-package, package, pre-integration-test, integration-test, post-integration-test, verify, install, deploy]
verify-debug	Run verbose Verify (skip ITs)	2026-09-27T10:30:59.3545215Z [DEBUG] Lifecycle site -> [pre-site, site, post-site, site-deploy]
verify-debug	Run verbose Verify (skip ITs)	2026-09-27T10:30:59.4236555Z [DEBUG] Lifecycle clean -> [pre-clean, clean, post-clean]
verify-debug	Run verbose Verify (skip ITs)	2026-09-27T10:30:59.4258125Z [DEBUG] Lifecycle default -> [validate, initialize, generate-sources, process-sources, generate-resources, process-resources, compile, process-classes, generate-test-sources, process-test-sources, generate-test-resources, process-test-resources, test-compile, process-test-classes, test, prepare-package, package, pre-integration-test, integration-test, post-integration-test, verify, install, deploy]
verify-debug	Run verbose Verify (skip ITs)	2026-09-27T10:30:59.4282080Z [DEBUG] Lifecycle site -> [pre-site, site, post-site, site-deploy]
verify-debug	Run verbose Verify (skip ITs)	2026-09-27T10:30:59.4818818Z [DEBUG] Lifecycle clean -> [pre-clean, clean, post-clean]
verify-debug	Run verbose Verify (skip ITs)	2026-09-27T10:30:59.4843910Z [DEBUG] Lifecycle default -> [validate, initialize, generate-sources, process-sources, generate-resources, process-resources, compile, process-classes, generate-test-sources, process-test-sources, generate-test-resources, process-test-resources, test-compile, process-test-classes, test, prepare-package, package, pre-integration-test, integration-test, post-integration-test, verify, install, deploy]
verify-debug	Run verbose Verify (skip ITs)	2026-09-27T10:30:59.4861701Z [DEBUG] Lifecycle site -> [pre-site, site, post-site, site-deploy]
verify-debug	Run verbose Verify (skip ITs)	2026-09-27T10:30:59.4862738Z [DEBUG] Lifecycle clean -> [pre-clean, clean, post-clean]
verify-debug	Run verbose Verify (skip ITs)	2026-09-27T10:30:59.4865896Z [DEBUG] Lifecycle default -> [validate, initialize, generate-sources, process-sources, generate-resources, process-resources, compile, process-classes, generate-test-sources, process-test-sources, generate-test-resources, process-test-resources, test-compile, process-test-classes, test, prepare-package, package, pre-integration-test, integration-test, post-integration-test, verify, install, deploy]
verify-debug	Run verbose Verify (skip ITs)	2026-09-27T10:30:59.4871039Z [DEBUG] Lifecycle site -> [pre-site, site, post-site, site-deploy]
verify-debug	Run verbose Verify (skip ITs)	2026-09-27T10:30:59.4871817Z [DEBUG] Lifecycle clean -> [pre-clean, clean, post-clean]
verify-debug	Run verbose Verify (skip ITs)	2026-09-27T10:30:59.4874827Z [DEBUG] Lifecycle default -> [validate, initialize, generate-sources, process-sources, generate-resources, process-resources, compile, process-classes, generate-test-sources, process-test-sources, generate-test-resources, process-test-resources, test-compile, process-test-classes, test, prepare-package, package, pre-integration-test, integration-test, post-integration-test, verify, install, deploy]
verify-debug	Run verbose Verify (skip ITs)	2026-09-27T10:30:59.4878172Z [DEBUG] Lifecycle site -> [pre-site, site, post-site, site-deploy]
verify-debug	Run verbose Verify (skip ITs)	2026-09-27T10:30:59.4878917Z [DEBUG] Lifecycle clean -> [pre-clean, clean, post-clean]
verify-debug	Run verbose Verify (skip ITs)	2026-09-27T10:30:59.4882272Z [DEBUG] Lifecycle default -> [validate, initialize, generate-sources, process-sources, generate-resources, process-resources, compile, process-classes, generate-test-sources, process-test-sources, generate-test-resources, process-test-resources, test-compile, process-test-classes, test, prepare-package, package, pre-integration-test, integration-test, post-integration-test, verify, install, deploy]
verify-debug	Run verbose Verify (skip ITs)	2026-09-27T10:30:59.4885376Z [DEBUG] Lifecycle site -> [pre-site, site, post-site, site-deploy]
verify-debug	Run verbose Verify (skip ITs)	2026-09-27T10:30:59.4886138Z [DEBUG] Lifecycle clean -> [pre-clean, clean, post-clean]
verify-debug	Run verbose Verify (skip ITs)	2026-09-27T10:30:59.4911085Z [DEBUG] Lifecycle default -> [validate, initialize, generate-sources, process-sources, generate-resources, process-resources, compile, process-classes, generate-test-sources, process-test-sources, generate-test-resources, process-test-resources, test-compile, process-test-classes, test, prepare-package, package, pre-integration-test, integration-test, post-integration-test, verify, install, deploy]
verify-debug	Run verbose Verify (skip ITs)	2026-09-27T10:30:59.4914229Z [DEBUG] Lifecycle site -> [pre-site, site, post-site, site-deploy]
verify-debug	Run verbose Verify (skip ITs)	2026-09-27T10:30:59.4914997Z [DEBUG] Lifecycle clean -> [pre-clean, clean, post-clean]
verify-debug	Run verbose Verify (skip ITs)	2026-09-27T10:30:59.4918113Z [DEBUG] Lifecycle default -> [validate, initialize, generate-sources, process-sources, generate-resources, process-resources, compile, process-classes, generate-test-sources, process-test-sources, generate-test-resources, process-test-resources, test-compile, process-test-classes, test, prepare-package, package, pre-integration-test, integration-test, post-integration-test, verify, install, deploy]
verify-debug	Run verbose Verify (skip ITs)	2026-09-27T10:30:59.4921438Z [DEBUG] Lifecycle site -> [pre-site, site, post-site, site-deploy]
verify-debug	Run verbose Verify (skip ITs)	2026-09-27T10:30:59.4922135Z [DEBUG] Lifecycle clean -> [pre-clean, clean, post-clean]
verify-debug	Run verbose Verify (skip ITs)	2026-09-27T10:30:59.4925018Z [DEBUG] Lifecycle default -> [validate, initialize, generate-sources, process-sources, generate-resources, process-resources, compile, process-classes, generate-test-sources, process-test-sources, generate-test-resources, process-test-resources, test-compile, process-test-classes, test, prepare-package, package, pre-integration-test, integration-test, post-integration-test, verify, install, deploy]
verify-debug	Run verbose Verify (skip ITs)	2026-09-27T10:30:59.4928078Z [DEBUG] Lifecycle site -> [pre-site, site, post-site, site-deploy]
verify-debug	Run verbose Verify (skip ITs)	2026-09-27T10:30:59.4928821Z [DEBUG] Lifecycle clean -> [pre-clean, clean, post-clean]
verify-debug	Run verbose Verify (skip ITs)	2026-09-27T10:30:59.4932086Z [DEBUG] Lifecycle default -> [validate, initialize, generate-sources, process-sources, generate-resources, process-resources, compile, process-classes, generate-test-sources, process-test-sources, generate-test-resources, process-test-resources, test-compile, process-test-classes, test, prepare-package, package, pre-integration-test, integration-test, post-integration-test, verify, install, deploy]
verify-debug	Run verbose Verify (skip ITs)	2026-09-27T10:30:59.4935395Z [DEBUG] Lifecycle site -> [pre-site, site, post-site, site-deploy]
verify-debug	Run verbose Verify (skip ITs)	2026-09-27T10:30:59.4936125Z [DEBUG] Lifecycle clean -> [pre-clean, clean, post-clean]
verify-debug	Run verbose Verify (skip ITs)	2026-09-27T10:30:59.4939151Z [DEBUG] Lifecycle default -> [validate, initialize, generate-sources, process-sources, generate-resources, process-resources, compile, process-classes, generate-test-sources, process-test-sources, generate-test-resources, process-test-resources, test-compile, process-test-classes, test, prepare-package, package, pre-integration-test, integration-test, post-integration-test, verify, install, deploy]
verify-debug	Run verbose Verify (skip ITs)	2026-09-27T10:30:59.4942390Z [DEBUG] Lifecycle site -> [pre-site, site, post-site, site-deploy]
verify-debug	Run verbose Verify (skip ITs)	2026-09-27T10:30:59.4943129Z [DEBUG] Lifecycle clean -> [pre-clean, clean, post-clean]
verify-debug	Run verbose Verify (skip ITs)	2026-09-27T10:30:59.4946085Z [DEBUG] Lifecycle default -> [validate, initialize, generate-sources, process-sources, generate-resources, process-resources, compile, process-classes, generate-test-sources, process-test-sources, generate-test-resources, process-test-resources, test-compile, process-test-classes, test, prepare-package, package, pre-integration-test, integration-test, post-integration-test, verify, install, deploy]
verify-debug	Run verbose Verify (skip ITs)	2026-09-27T10:30:59.4949323Z [DEBUG] Lifecycle site -> [pre-site, site, post-site, site-deploy]
verify-debug	Run verbose Verify (skip ITs)	2026-09-27T10:30:59.4950127Z [DEBUG] === PROJECT BUILD PLAN ================================================
verify-debug	Run verbose Verify (skip ITs)	2026-09-27T10:30:59.4971946Z [DEBUG] Project:       com.example:spring-postgres-boilerplate:0.1.0-SNAPSHOT
verify-debug	Run verbose Verify (skip ITs)	2026-09-27T10:30:59.4972775Z [DEBUG] Dependencies (collect): [compile+runtime, test]
verify-debug	Run verbose Verify (skip ITs)	2026-09-27T10:30:59.4973538Z [DEBUG] Dependencies (resolve): [compile, compile+runtime, runtime, test]
verify-debug	Run verbose Verify (skip ITs)	2026-09-27T10:30:59.4974639Z [DEBUG] Repositories (dependencies): [central (https://repo.maven.apache.org/maven2, default, releases)]
verify-debug	Run verbose Verify (skip ITs)	2026-09-27T10:30:59.4975879Z [DEBUG] Repositories (plugins)     : [central (https://repo.maven.apache.org/maven2, default, releases)]
verify-debug	Run verbose Verify (skip ITs)	2026-09-27T10:30:59.4976859Z [DEBUG] -----------------------------------------------------------------------
verify-debug	Run verbose Verify (skip ITs)	2026-09-27T10:30:59.4977797Z [DEBUG] Goal:          org.apache.maven.plugins:maven-clean-plugin:3.4.1:clean (default-clean)
verify-debug	Run verbose Verify (skip ITs)	2026-09-27T10:30:59.4978560Z [DEBUG] Style:         Regular
verify-debug	Run verbose Verify (skip ITs)	2026-09-27T10:30:59.4979189Z [DEBUG] Configuration: <?xml version="1.0" encoding="UTF-8"?>
verify-debug	Run verbose Verify (skip ITs)	2026-09-27T10:30:59.4979769Z <configuration>
verify-debug	Run verbose Verify (skip ITs)	2026-09-27T10:30:59.4980453Z   <directory default-value="${project.build.directory}"/>
verify-debug	Run verbose Verify (skip ITs)	2026-09-27T10:30:59.4981570Z   <excludeDefaultDirectories default-value="false">${maven.clean.excludeDefaultDirectories}</excludeDefaultDirectories>
verify-debug	Run verbose Verify (skip ITs)	2026-09-27T10:30:59.4982828Z   <failOnError default-value="true">${maven.clean.failOnError}</failOnError>
verify-debug	Run verbose Verify (skip ITs)	2026-09-27T10:30:59.4983629Z   <fast default-value="false">${maven.clean.fast}</fast>
verify-debug	Run verbose Verify (skip ITs)	2026-09-27T10:30:59.4984240Z   <fastDir>${maven.clean.fastDir}</fastDir>
verify-debug	Run verbose Verify (skip ITs)	2026-09-27T10:30:59.4984993Z   <fastMode default-value="background">${maven.clean.fastMode}</fastMode>
verify-debug	Run verbose Verify (skip ITs)	2026-09-27T10:30:59.4985979Z   <followSymLinks default-value="false">${maven.clean.followSymLinks}</followSymLinks>
verify-debug	Run verbose Verify (skip ITs)	2026-09-27T10:30:59.4986964Z   <outputDirectory default-value="${project.build.outputDirectory}"/>
verify-debug	Run verbose Verify (skip ITs)	2026-09-27T10:30:59.4987836Z   <reportDirectory default-value="${project.build.outputDirectory}"/>
verify-debug	Run verbose Verify (skip ITs)	2026-09-27T10:30:59.4988758Z   <retryOnError default-value="true">${maven.clean.retryOnError}</retryOnError>
verify-debug	Run verbose Verify (skip ITs)	2026-09-27T10:30:59.4989515Z   <session default-value="${session}"/>
verify-debug	Run verbose Verify (skip ITs)	2026-09-27T10:30:59.4990099Z   <skip default-value="false">${maven.clean.skip}</skip>
verify-debug	Run verbose Verify (skip ITs)	2026-09-27T10:30:59.4991179Z   <testOutputDirectory default-value="${project.build.testOutputDirectory}"/>
verify-debug	Run verbose Verify (skip ITs)	2026-09-27T10:30:59.4991952Z   <verbose>${maven.clean.verbose}</verbose>
verify-debug	Run verbose Verify (skip ITs)	2026-09-27T10:30:59.4992443Z </configuration>
verify-debug	Run verbose Verify (skip ITs)	2026-09-27T10:30:59.4993256Z [DEBUG] -----------------------------------------------------------------------
verify-debug	Run verbose Verify (skip ITs)	2026-09-27T10:30:59.4994194Z [DEBUG] Goal:          org.apache.maven.plugins:maven-enforcer-plugin:3.2.1:enforce (enforce-java)
verify-debug	Run verbose Verify (skip ITs)	2026-09-27T10:30:59.4994995Z [DEBUG] Style:         Regular
verify-debug	Run verbose Verify (skip ITs)	2026-09-27T10:30:59.4995520Z [DEBUG] Configuration: <?xml version="1.0" encoding="UTF-8"?>
verify-debug	Run verbose Verify (skip ITs)	2026-09-27T10:30:59.4996095Z <configuration>
verify-debug	Run verbose Verify (skip ITs)	2026-09-27T10:30:59.4996514Z   <commandLineRules>${rules}</commandLineRules>
verify-debug	Run verbose Verify (skip ITs)	2026-09-27T10:30:59.4997059Z   <fail default-value="true">true</fail>
verify-debug	Run verbose Verify (skip ITs)	2026-09-27T10:30:59.4997703Z   <failFast default-value="false">${enforcer.failFast}</failFast>
verify-debug	Run verbose Verify (skip ITs)	2026-09-27T10:30:59.4998581Z   <failIfNoRules default-value="true">${enforcer.failIfNoRules}</failIfNoRules>
verify-debug	Run verbose Verify (skip ITs)	2026-09-27T10:30:59.4999511Z   <ignoreCache default-value="false">${enforcer.ignoreCache}</ignoreCache>
verify-debug	Run verbose Verify (skip ITs)	2026-09-27T10:30:59.5030859Z   <mojoExecution default-value="${mojoExecution}"/>
verify-debug	Run verbose Verify (skip ITs)	2026-09-27T10:30:59.5031584Z   <project default-value="${project}"/>
verify-debug	Run verbose Verify (skip ITs)	2026-09-27T10:30:59.5032092Z   <rules>
verify-debug	Run verbose Verify (skip ITs)	2026-09-27T10:30:59.5032442Z     <requireJavaVersion>
verify-debug	Run verbose Verify (skip ITs)	2026-09-27T10:30:59.5032859Z       <version>21</version>
verify-debug	Run verbose Verify (skip ITs)	2026-09-27T10:30:59.5033290Z     </requireJavaVersion>
verify-debug	Run verbose Verify (skip ITs)	2026-09-27T10:30:59.5034003Z   </rules>
verify-debug	Run verbose Verify (skip ITs)	2026-09-27T10:30:59.5034426Z   <rulesToExecute>${enforcer.rules}</rulesToExecute>
verify-debug	Run verbose Verify (skip ITs)	2026-09-27T10:30:59.5035096Z   <rulesToSkip>${enforcer.skipRules}</rulesToSkip>
verify-debug	Run verbose Verify (skip ITs)	2026-09-27T10:30:59.5035704Z   <session default-value="${session}"/>
verify-debug	Run verbose Verify (skip ITs)	2026-09-27T10:30:59.5036284Z   <skip default-value="false">${enforcer.skip}</skip>
verify-debug	Run verbose Verify (skip ITs)	2026-09-27T10:30:59.5036846Z </configuration>
verify-debug	Run verbose Verify (skip ITs)	2026-09-27T10:30:59.5037371Z [DEBUG] -----------------------------------------------------------------------
verify-debug	Run verbose Verify (skip ITs)	2026-09-27T10:30:59.5038422Z [DEBUG] Goal:          org.apache.maven.plugins:maven-resources-plugin:3.3.1:resources (default-resources)
verify-debug	Run verbose Verify (skip ITs)	2026-09-27T10:30:59.5039309Z [DEBUG] Style:         Regular
verify-debug	Run verbose Verify (skip ITs)	2026-09-27T10:30:59.5039871Z [DEBUG] Configuration: <?xml version="1.0" encoding="UTF-8"?>
verify-debug	Run verbose Verify (skip ITs)	2026-09-27T10:30:59.5040685Z <configuration>
verify-debug	Run verbose Verify (skip ITs)	2026-09-27T10:30:59.5041127Z   <addDefaultExcludes default-value="true"/>
verify-debug	Run verbose Verify (skip ITs)	2026-09-27T10:30:59.5041772Z   <buildFilters default-value="${project.build.filters}"/>
verify-debug	Run verbose Verify (skip ITs)	2026-09-27T10:30:59.5042361Z   <delimiters>
verify-debug	Run verbose Verify (skip ITs)	2026-09-27T10:30:59.5042727Z     <delimiter>@</delimiter>
verify-debug	Run verbose Verify (skip ITs)	2026-09-27T10:30:59.5043146Z   </delimiters>
verify-debug	Run verbose Verify (skip ITs)	2026-09-27T10:30:59.5043648Z   <encoding default-value="${project.build.sourceEncoding}"/>
verify-debug	Run verbose Verify (skip ITs)	2026-09-27T10:30:59.5044312Z   <escapeWindowsPaths default-value="true"/>
verify-debug	Run verbose Verify (skip ITs)	2026-09-27T10:30:59.5044867Z   <fileNameFiltering default-value="false"/>
verify-debug	Run verbose Verify (skip ITs)	2026-09-27T10:30:59.5045418Z   <includeEmptyDirs default-value="false"/>
verify-debug	Run verbose Verify (skip ITs)	2026-09-27T10:30:59.5046138Z   <outputDirectory default-value="${project.build.outputDirectory}"/>
verify-debug	Run verbose Verify (skip ITs)	2026-09-27T10:30:59.5046846Z   <overwrite default-value="false"/>
verify-debug	Run verbose Verify (skip ITs)	2026-09-27T10:30:59.5047341Z   <project default-value="${project}"/>
verify-debug	Run verbose Verify (skip ITs)	2026-09-27T10:30:59.5047914Z   <propertiesEncoding>UTF-8</propertiesEncoding>
verify-debug	Run verbose Verify (skip ITs)	2026-09-27T10:30:59.5048543Z   <resources default-value="${project.resources}"/>
verify-debug	Run verbose Verify (skip ITs)	2026-09-27T10:30:59.5049135Z   <session default-value="${session}"/>
verify-debug	Run verbose Verify (skip ITs)	2026-09-27T10:30:59.5049756Z   <skip default-value="false">${maven.resources.skip}</skip>
verify-debug	Run verbose Verify (skip ITs)	2026-09-27T10:30:59.5050657Z   <supportMultiLineFiltering default-value="false"/>
verify-debug	Run verbose Verify (skip ITs)	2026-09-27T10:30:59.5051277Z   <useBuildFilters default-value="true"/>
verify-debug	Run verbose Verify (skip ITs)	2026-09-27T10:30:59.5052004Z   <useDefaultDelimiters default-value="true">false</useDefaultDelimiters>
verify-debug	Run verbose Verify (skip ITs)	2026-09-27T10:30:59.5052717Z </configuration>
verify-debug	Run verbose Verify (skip ITs)	2026-09-27T10:30:59.5053243Z [DEBUG] -----------------------------------------------------------------------
verify-debug	Run verbose Verify (skip ITs)	2026-09-27T10:30:59.5054236Z [DEBUG] Goal:          org.apache.maven.plugins:maven-compiler-plugin:3.14.0:compile (default-compile)
verify-debug	Run verbose Verify (skip ITs)	2026-09-27T10:30:59.5055108Z [DEBUG] Style:         Regular
verify-debug	Run verbose Verify (skip ITs)	2026-09-27T10:30:59.5055654Z [DEBUG] Configuration: <?xml version="1.0" encoding="UTF-8"?>
verify-debug	Run verbose Verify (skip ITs)	2026-09-27T10:30:59.5056247Z <configuration>
verify-debug	Run verbose Verify (skip ITs)	2026-09-27T10:30:59.5056627Z   <annotationProcessorPaths>
verify-debug	Run verbose Verify (skip ITs)	2026-09-27T10:30:59.5057043Z     <path>
verify-debug	Run verbose Verify (skip ITs)	2026-09-27T10:30:59.5057380Z       <groupId>org.mapstruct</groupId>
verify-debug	Run verbose Verify (skip ITs)	2026-09-27T10:30:59.5058156Z       <artifactId>mapstruct-processor</artifactId>
verify-debug	Run verbose Verify (skip ITs)	2026-09-27T10:30:59.5058680Z       <version>1.6.3</version>
verify-debug	Run verbose Verify (skip ITs)	2026-09-27T10:30:59.5059107Z     </path>
verify-debug	Run verbose Verify (skip ITs)	2026-09-27T10:30:59.5059469Z   </annotationProcessorPaths>
verify-debug	Run verbose Verify (skip ITs)	2026-09-27T10:30:59.5060048Z   <annotationProcessorPathsUseDepMgmt default-value="false"/>
verify-debug	Run verbose Verify (skip ITs)	2026-09-27T10:30:59.5091183Z   <basedir default-value="${basedir}"/>
verify-debug	Run verbose Verify (skip ITs)	2026-09-27T10:30:59.5091882Z   <buildDirectory default-value="${project.build.directory}"/>
verify-debug	Run verbose Verify (skip ITs)	2026-09-27T10:30:59.5092720Z   <compilePath default-value="${project.compileClasspathElements}"/>
verify-debug	Run verbose Verify (skip ITs)	2026-09-27T10:30:59.5093621Z   <compileSourceRoots default-value="${project.compileSourceRoots}"/>
verify-debug	Run verbose Verify (skip ITs)	2026-09-27T10:30:59.5094555Z   <compilerId default-value="javac">${maven.compiler.compilerId}</compilerId>
verify-debug	Run verbose Verify (skip ITs)	2026-09-27T10:30:59.5095817Z   <compilerReuseStrategy default-value="${reuseCreated}">${maven.compiler.compilerReuseStrategy}</compilerReuseStrategy>
verify-debug	Run verbose Verify (skip ITs)	2026-09-27T10:30:59.5097052Z   <compilerVersion>${maven.compiler.compilerVersion}</compilerVersion>
verify-debug	Run verbose Verify (skip ITs)	2026-09-27T10:30:59.5098392Z   <createMissingPackageInfoClass default-value="true">${maven.compiler.createMissingPackageInfoClass}</createMissingPackageInfoClass>
verify-debug	Run verbose Verify (skip ITs)	2026-09-27T10:30:59.5099928Z   <debug default-value="true">${maven.compiler.debug}</debug>
verify-debug	Run verbose Verify (skip ITs)	2026-09-27T10:30:59.5100802Z   <debugFileName default-value="javac"/>
verify-debug	Run verbose Verify (skip ITs)	2026-09-27T10:30:59.5101402Z   <debuglevel>${maven.compiler.debuglevel}</debuglevel>
verify-debug	Run verbose Verify (skip ITs)	2026-09-27T10:30:59.5102268Z   <enablePreview default-value="false">${maven.compiler.enablePreview}</enablePreview>
verify-debug	Run verbose Verify (skip ITs)	2026-09-27T10:30:59.5103299Z   <encoding default-value="${project.build.sourceEncoding}">${encoding}</encoding>
verify-debug	Run verbose Verify (skip ITs)	2026-09-27T10:30:59.5104140Z   <executable>${maven.compiler.executable}</executable>
verify-debug	Run verbose Verify (skip ITs)	2026-09-27T10:30:59.5104977Z   <failOnError default-value="true">${maven.compiler.failOnError}</failOnError>
verify-debug	Run verbose Verify (skip ITs)	2026-09-27T10:30:59.5106007Z   <failOnWarning default-value="false">${maven.compiler.failOnWarning}</failOnWarning>
verify-debug	Run verbose Verify (skip ITs)	2026-09-27T10:30:59.5106858Z   <fileExtensions default-value="class,jar"/>
verify-debug	Run verbose Verify (skip ITs)	2026-09-27T10:30:59.5107850Z   <forceJavacCompilerUse default-value="false">${maven.compiler.forceJavacCompilerUse}</forceJavacCompilerUse>
verify-debug	Run verbose Verify (skip ITs)	2026-09-27T10:30:59.5109235Z   <forceLegacyJavacApi default-value="false">${maven.compiler.forceLegacyJavacApi}</forceLegacyJavacApi>
verify-debug	Run verbose Verify (skip ITs)	2026-09-27T10:30:59.5110435Z   <fork default-value="false">${maven.compiler.fork}</fork>
verify-debug	Run verbose Verify (skip ITs)	2026-09-27T10:30:59.5111460Z   <generatedSourcesDirectory default-value="${project.build.directory}/generated-sources/annotations"/>
verify-debug	Run verbose Verify (skip ITs)	2026-09-27T10:30:59.5112444Z   <implicit>${maven.compiler.implicit}</implicit>
verify-debug	Run verbose Verify (skip ITs)	2026-09-27T10:30:59.5113025Z   <maxmem>${maven.compiler.maxmem}</maxmem>
verify-debug	Run verbose Verify (skip ITs)	2026-09-27T10:30:59.5113614Z   <meminitial>${maven.compiler.meminitial}</meminitial>
verify-debug	Run verbose Verify (skip ITs)	2026-09-27T10:30:59.5114559Z   <moduleVersion default-value="${project.version}">${maven.compiler.moduleVersion}</moduleVersion>
verify-debug	Run verbose Verify (skip ITs)	2026-09-27T10:30:59.5115519Z   <mojoExecution default-value="${mojoExecution}"/>
verify-debug	Run verbose Verify (skip ITs)	2026-09-27T10:30:59.5116276Z   <optimize default-value="false">${maven.compiler.optimize}</optimize>
verify-debug	Run verbose Verify (skip ITs)	2026-09-27T10:30:59.5117490Z   <outputDirectory default-value="${project.build.outputDirectory}">${maven.compiler.outputDirectory}</outputDirectory>
verify-debug	Run verbose Verify (skip ITs)	2026-09-27T10:30:59.5118746Z   <outputTimestamp default-value="${project.build.outputTimestamp}"/>
verify-debug	Run verbose Verify (skip ITs)	2026-09-27T10:30:59.5119526Z   <parameters default-value="false">true</parameters>
verify-debug	Run verbose Verify (skip ITs)	2026-09-27T10:30:59.5120123Z   <proc>${maven.compiler.proc}</proc>
verify-debug	Run verbose Verify (skip ITs)	2026-09-27T10:30:59.5120828Z   <project default-value="${project}"/>
verify-debug	Run verbose Verify (skip ITs)	2026-09-27T10:30:59.5121414Z   <projectArtifact default-value="${project.artifact}"/>
verify-debug	Run verbose Verify (skip ITs)	2026-09-27T10:30:59.5122163Z   <release>${maven.compiler.release}</release>
verify-debug	Run verbose Verify (skip ITs)	2026-09-27T10:30:59.5122717Z   <session default-value="${session}"/>
verify-debug	Run verbose Verify (skip ITs)	2026-09-27T10:30:59.5123700Z   <showCompilationChanges default-value="false">${maven.compiler.showCompilationChanges}</showCompilationChanges>
verify-debug	Run verbose Verify (skip ITs)	2026-09-27T10:30:59.5125037Z   <showDeprecation default-value="false">${maven.compiler.showDeprecation}</showDeprecation>
verify-debug	Run verbose Verify (skip ITs)	2026-09-27T10:30:59.5126357Z   <showWarnings default-value="true">${maven.compiler.showWarnings}</showWarnings>
verify-debug	Run verbose Verify (skip ITs)	2026-09-27T10:30:59.5127151Z   <skipMain>${maven.main.skip}</skipMain>
verify-debug	Run verbose Verify (skip ITs)	2026-09-27T10:30:59.5128156Z   <skipMultiThreadWarning default-value="false">${maven.compiler.skipMultiThreadWarning}</skipMultiThreadWarning>
verify-debug	Run verbose Verify (skip ITs)	2026-09-27T10:30:59.5129299Z   <source default-value="1.8">${maven.compiler.source}</source>
verify-debug	Run verbose Verify (skip ITs)	2026-09-27T10:30:59.5130095Z   <staleMillis default-value="0">${lastModGranularityMs}</staleMillis>
verify-debug	Run verbose Verify (skip ITs)	2026-09-27T10:30:59.5131178Z   <target default-value="1.8">${maven.compiler.target}</target>
verify-debug	Run verbose Verify (skip ITs)	2026-09-27T10:30:59.5132339Z   <useIncrementalCompilation default-value="true">${maven.compiler.useIncrementalCompilation}</useIncrementalCompilation>
verify-debug	Run verbose Verify (skip ITs)	2026-09-27T10:30:59.5133545Z   <verbose default-value="false">${maven.compiler.verbose}</verbose>
verify-debug	Run verbose Verify (skip ITs)	2026-09-27T10:30:59.5134186Z </configuration>
verify-debug	Run verbose Verify (skip ITs)	2026-09-27T10:30:59.5134700Z [DEBUG] -----------------------------------------------------------------------
verify-debug	Run verbose Verify (skip ITs)	2026-09-27T10:30:59.5135763Z [DEBUG] Goal:          org.apache.maven.plugins:maven-resources-plugin:3.3.1:testResources (default-testResources)
verify-debug	Run verbose Verify (skip ITs)	2026-09-27T10:30:59.5136687Z [DEBUG] Style:         Regular
verify-debug	Run verbose Verify (skip ITs)	2026-09-27T10:30:59.5137422Z [DEBUG] Configuration: <?xml version="1.0" encoding="UTF-8"?>
verify-debug	Run verbose Verify (skip ITs)	2026-09-27T10:30:59.5138014Z <configuration>
verify-debug	Run verbose Verify (skip ITs)	2026-09-27T10:30:59.5138417Z   <addDefaultExcludes default-value="true"/>
verify-debug	Run verbose Verify (skip ITs)	2026-09-27T10:30:59.5139049Z   <buildFilters default-value="${project.build.filters}"/>
verify-debug	Run verbose Verify (skip ITs)	2026-09-27T10:30:59.5139624Z   <delimiters>
verify-debug	Run verbose Verify (skip ITs)	2026-09-27T10:30:59.5139992Z     <delimiter>@</delimiter>
verify-debug	Run verbose Verify (skip ITs)	2026-09-27T10:30:59.5140608Z   </delimiters>
verify-debug	Run verbose Verify (skip ITs)	2026-09-27T10:30:59.5141119Z   <encoding default-value="${project.build.sourceEncoding}"/>
verify-debug	Run verbose Verify (skip ITs)	2026-09-27T10:30:59.5141783Z   <escapeWindowsPaths default-value="true"/>
verify-debug	Run verbose Verify (skip ITs)	2026-09-27T10:30:59.5142329Z   <fileNameFiltering default-value="false"/>
verify-debug	Run verbose Verify (skip ITs)	2026-09-27T10:30:59.5142879Z   <includeEmptyDirs default-value="false"/>
verify-debug	Run verbose Verify (skip ITs)	2026-09-27T10:30:59.5143607Z   <outputDirectory default-value="${project.build.testOutputDirectory}"/>
verify-debug	Run verbose Verify (skip ITs)	2026-09-27T10:30:59.5144340Z   <overwrite default-value="false"/>
verify-debug	Run verbose Verify (skip ITs)	2026-09-27T10:30:59.5144833Z   <project default-value="${project}"/>
verify-debug	Run verbose Verify (skip ITs)	2026-09-27T10:30:59.5145389Z   <propertiesEncoding>UTF-8</propertiesEncoding>
verify-debug	Run verbose Verify (skip ITs)	2026-09-27T10:30:59.5146041Z   <resources default-value="${project.testResources}"/>
verify-debug	Run verbose Verify (skip ITs)	2026-09-27T10:30:59.5176816Z   <session default-value="${session}"/>
verify-debug	Run verbose Verify (skip ITs)	2026-09-27T10:30:59.5177458Z   <skip default-value="false">${maven.test.skip}</skip>
verify-debug	Run verbose Verify (skip ITs)	2026-09-27T10:30:59.5178119Z   <supportMultiLineFiltering default-value="false"/>
verify-debug	Run verbose Verify (skip ITs)	2026-09-27T10:30:59.5178716Z   <useBuildFilters default-value="true"/>
verify-debug	Run verbose Verify (skip ITs)	2026-09-27T10:30:59.5179412Z   <useDefaultDelimiters default-value="true">false</useDefaultDelimiters>
verify-debug	Run verbose Verify (skip ITs)	2026-09-27T10:30:59.5180103Z </configuration>
verify-debug	Run verbose Verify (skip ITs)	2026-09-27T10:30:59.5181001Z [DEBUG] -----------------------------------------------------------------------
verify-debug	Run verbose Verify (skip ITs)	2026-09-27T10:30:59.5182064Z [DEBUG] Goal:          org.apache.maven.plugins:maven-compiler-plugin:3.14.0:testCompile (default-testCompile)
verify-debug	Run verbose Verify (skip ITs)	2026-09-27T10:30:59.5182969Z [DEBUG] Style:         Regular
verify-debug	Run verbose Verify (skip ITs)	2026-09-27T10:30:59.5183506Z [DEBUG] Configuration: <?xml version="1.0" encoding="UTF-8"?>
verify-debug	Run verbose Verify (skip ITs)	2026-09-27T10:30:59.5184087Z <configuration>
verify-debug	Run verbose Verify (skip ITs)	2026-09-27T10:30:59.5184485Z   <annotationProcessorPaths>
verify-debug	Run verbose Verify (skip ITs)	2026-09-27T10:30:59.5184892Z     <path>
verify-debug	Run verbose Verify (skip ITs)	2026-09-27T10:30:59.5185242Z       <groupId>org.mapstruct</groupId>
verify-debug	Run verbose Verify (skip ITs)	2026-09-27T10:30:59.5185773Z       <artifactId>mapstruct-processor</artifactId>
verify-debug	Run verbose Verify (skip ITs)	2026-09-27T10:30:59.5186311Z       <version>1.6.3</version>
verify-debug	Run verbose Verify (skip ITs)	2026-09-27T10:30:59.5186705Z     </path>
verify-debug	Run verbose Verify (skip ITs)	2026-09-27T10:30:59.5187052Z   </annotationProcessorPaths>
verify-debug	Run verbose Verify (skip ITs)	2026-09-27T10:30:59.5187645Z   <annotationProcessorPathsUseDepMgmt default-value="false"/>
verify-debug	Run verbose Verify (skip ITs)	2026-09-27T10:30:59.5188296Z   <basedir default-value="${basedir}"/>
verify-debug	Run verbose Verify (skip ITs)	2026-09-27T10:30:59.5188902Z   <buildDirectory default-value="${project.build.directory}"/>
verify-debug	Run verbose Verify (skip ITs)	2026-09-27T10:30:59.5189735Z   <compileSourceRoots default-value="${project.testCompileSourceRoots}"/>
verify-debug	Run verbose Verify (skip ITs)	2026-09-27T10:30:59.5190847Z   <compilerId default-value="javac">${maven.compiler.compilerId}</compilerId>
verify-debug	Run verbose Verify (skip ITs)	2026-09-27T10:30:59.5192354Z   <compilerReuseStrategy default-value="${reuseCreated}">${maven.compiler.compilerReuseStrategy}</compilerReuseStrategy>
verify-debug	Run verbose Verify (skip ITs)	2026-09-27T10:30:59.5193559Z   <compilerVersion>${maven.compiler.compilerVersion}</compilerVersion>
verify-debug	Run verbose Verify (skip ITs)	2026-09-27T10:30:59.5194875Z   <createMissingPackageInfoClass default-value="true">${maven.compiler.createMissingPackageInfoClass}</createMissingPackageInfoClass>
verify-debug	Run verbose Verify (skip ITs)	2026-09-27T10:30:59.5196118Z   <debug default-value="true">${maven.compiler.debug}</debug>
verify-debug	Run verbose Verify (skip ITs)	2026-09-27T10:30:59.5196757Z   <debugFileName default-value="javac-test"/>
verify-debug	Run verbose Verify (skip ITs)	2026-09-27T10:30:59.5197338Z   <debuglevel>${maven.compiler.debuglevel}</debuglevel>
verify-debug	Run verbose Verify (skip ITs)	2026-09-27T10:30:59.5198155Z   <enablePreview default-value="false">${maven.compiler.enablePreview}</enablePreview>
verify-debug	Run verbose Verify (skip ITs)	2026-09-27T10:30:59.5199166Z   <encoding default-value="${project.build.sourceEncoding}">${encoding}</encoding>
verify-debug	Run verbose Verify (skip ITs)	2026-09-27T10:30:59.5199978Z   <executable>${maven.compiler.executable}</executable>
verify-debug	Run verbose Verify (skip ITs)	2026-09-27T10:30:59.5200960Z   <failOnError default-value="true">${maven.compiler.failOnError}</failOnError>
verify-debug	Run verbose Verify (skip ITs)	2026-09-27T10:30:59.5201945Z   <failOnWarning default-value="false">${maven.compiler.failOnWarning}</failOnWarning>
verify-debug	Run verbose Verify (skip ITs)	2026-09-27T10:30:59.5202966Z   <fileExtensions default-value="class,jar"/>
verify-debug	Run verbose Verify (skip ITs)	2026-09-27T10:30:59.5203929Z   <forceJavacCompilerUse default-value="false">${maven.compiler.forceJavacCompilerUse}</forceJavacCompilerUse>
verify-debug	Run verbose Verify (skip ITs)	2026-09-27T10:30:59.5205300Z   <forceLegacyJavacApi default-value="false">${maven.compiler.forceLegacyJavacApi}</forceLegacyJavacApi>
verify-debug	Run verbose Verify (skip ITs)	2026-09-27T10:30:59.5206300Z   <fork default-value="false">${maven.compiler.fork}</fork>
verify-debug	Run verbose Verify (skip ITs)	2026-09-27T10:30:59.5207390Z   <generatedTestSourcesDirectory default-value="${project.build.directory}/generated-test-sources/test-annotations"/>
verify-debug	Run verbose Verify (skip ITs)	2026-09-27T10:30:59.5208434Z   <implicit>${maven.compiler.implicit}</implicit>
verify-debug	Run verbose Verify (skip ITs)	2026-09-27T10:30:59.5209008Z   <maxmem>${maven.compiler.maxmem}</maxmem>
verify-debug	Run verbose Verify (skip ITs)	2026-09-27T10:30:59.5209602Z   <meminitial>${maven.compiler.meminitial}</meminitial>
verify-debug	Run verbose Verify (skip ITs)	2026-09-27T10:30:59.5210413Z   <mojoExecution default-value="${mojoExecution}"/>
verify-debug	Run verbose Verify (skip ITs)	2026-09-27T10:30:59.5211273Z   <optimize default-value="false">${maven.compiler.optimize}</optimize>
verify-debug	Run verbose Verify (skip ITs)	2026-09-27T10:30:59.5212144Z   <outputDirectory default-value="${project.build.testOutputDirectory}"/>
verify-debug	Run verbose Verify (skip ITs)	2026-09-27T10:30:59.5213033Z   <outputTimestamp default-value="${project.build.outputTimestamp}"/>
verify-debug	Run verbose Verify (skip ITs)	2026-09-27T10:30:59.5213782Z   <parameters default-value="false">true</parameters>
verify-debug	Run verbose Verify (skip ITs)	2026-09-27T10:30:59.5214356Z   <proc>${maven.compiler.proc}</proc>
verify-debug	Run verbose Verify (skip ITs)	2026-09-27T10:30:59.5214912Z   <project default-value="${project}"/>
verify-debug	Run verbose Verify (skip ITs)	2026-09-27T10:30:59.5215424Z   <release>${maven.compiler.release}</release>
verify-debug	Run verbose Verify (skip ITs)	2026-09-27T10:30:59.5215953Z   <session default-value="${session}"/>
verify-debug	Run verbose Verify (skip ITs)	2026-09-27T10:30:59.5216900Z   <showCompilationChanges default-value="false">${maven.compiler.showCompilationChanges}</showCompilationChanges>
verify-debug	Run verbose Verify (skip ITs)	2026-09-27T10:30:59.5218177Z   <showDeprecation default-value="false">${maven.compiler.showDeprecation}</showDeprecation>
verify-debug	Run verbose Verify (skip ITs)	2026-09-27T10:30:59.5219238Z   <showWarnings default-value="true">${maven.compiler.showWarnings}</showWarnings>
verify-debug	Run verbose Verify (skip ITs)	2026-09-27T10:30:59.5219975Z   <skip>${maven.test.skip}</skip>
verify-debug	Run verbose Verify (skip ITs)	2026-09-27T10:30:59.5221107Z   <skipMultiThreadWarning default-value="false">${maven.compiler.skipMultiThreadWarning}</skipMultiThreadWarning>
verify-debug	Run verbose Verify (skip ITs)	2026-09-27T10:30:59.5222174Z   <source default-value="1.8">${maven.compiler.source}</source>
verify-debug	Run verbose Verify (skip ITs)	2026-09-27T10:30:59.5222933Z   <staleMillis default-value="0">${lastModGranularityMs}</staleMillis>
verify-debug	Run verbose Verify (skip ITs)	2026-09-27T10:30:59.5223692Z   <target default-value="1.8">${maven.compiler.target}</target>
verify-debug	Run verbose Verify (skip ITs)	2026-09-27T10:30:59.5224406Z   <testPath default-value="${project.testClasspathElements}"/>
verify-debug	Run verbose Verify (skip ITs)	2026-09-27T10:30:59.5225100Z   <testRelease>${maven.compiler.testRelease}</testRelease>
verify-debug	Run verbose Verify (skip ITs)	2026-09-27T10:30:59.5225748Z   <testSource>${maven.compiler.testSource}</testSource>
verify-debug	Run verbose Verify (skip ITs)	2026-09-27T10:30:59.5226392Z   <testTarget>${maven.compiler.testTarget}</testTarget>
verify-debug	Run verbose Verify (skip ITs)	2026-09-27T10:30:59.5227531Z   <useIncrementalCompilation default-value="true">${maven.compiler.useIncrementalCompilation}</useIncrementalCompilation>
verify-debug	Run verbose Verify (skip ITs)	2026-09-27T10:30:59.5228812Z   <useModulePath default-value="true"/>
verify-debug	Run verbose Verify (skip ITs)	2026-09-27T10:30:59.5229476Z   <verbose default-value="false">${maven.compiler.verbose}</verbose>
verify-debug	Run verbose Verify (skip ITs)	2026-09-27T10:30:59.5230116Z </configuration>
verify-debug	Run verbose Verify (skip ITs)	2026-09-27T10:30:59.5230886Z [DEBUG] -----------------------------------------------------------------------
verify-debug	Run verbose Verify (skip ITs)	2026-09-27T10:30:59.5231834Z [DEBUG] Goal:          org.apache.maven.plugins:maven-surefire-plugin:3.5.3:test (default-test)
verify-debug	Run verbose Verify (skip ITs)	2026-09-27T10:30:59.5232630Z [DEBUG] Style:         Regular
verify-debug	Run verbose Verify (skip ITs)	2026-09-27T10:30:59.5233320Z [DEBUG] Configuration: <?xml version="1.0" encoding="UTF-8"?>
verify-debug	Run verbose Verify (skip ITs)	2026-09-27T10:30:59.5233901Z <configuration>
verify-debug	Run verbose Verify (skip ITs)	2026-09-27T10:30:59.5234816Z   <additionalClasspathDependencies>${maven.test.additionalClasspathDependencies}</additionalClasspathDependencies>
verify-debug	Run verbose Verify (skip ITs)	2026-09-27T10:30:59.5236250Z   <additionalClasspathElements>${maven.test.additionalClasspath}</additionalClasspathElements>
verify-debug	Run verbose Verify (skip ITs)	2026-09-27T10:30:59.5237144Z   <argLine>${argLine}</argLine>
verify-debug	Run verbose Verify (skip ITs)	2026-09-27T10:30:59.5237603Z   <basedir default-value="${basedir}"/>
verify-debug	Run verbose Verify (skip ITs)	2026-09-27T10:30:59.5238326Z   <childDelegation default-value="false">${childDelegation}</childDelegation>
verify-debug	Run verbose Verify (skip ITs)	2026-09-27T10:30:59.5239455Z   <classesDirectory default-value="${project.build.outputDirectory}"/>
verify-debug	Run verbose Verify (skip ITs)	2026-09-27T10:30:59.5240840Z   <classpathDependencyExcludes>${maven.test.dependency.excludes}</classpathDependencyExcludes>
verify-debug	Run verbose Verify (skip ITs)	2026-09-27T10:30:59.5241894Z   <debugForkedProcess>${maven.surefire.debug}</debugForkedProcess>
verify-debug	Run verbose Verify (skip ITs)	2026-09-27T10:30:59.5242714Z   <dependenciesToScan>${dependenciesToScan}</dependenciesToScan>
verify-debug	Run verbose Verify (skip ITs)	2026-09-27T10:30:59.5243462Z   <disableXmlReport>${disableXmlReport}</disableXmlReport>
verify-debug	Run verbose Verify (skip ITs)	2026-09-27T10:30:59.5244286Z   <enableAssertions default-value="true">${enableAssertions}</enableAssertions>
verify-debug	Run verbose Verify (skip ITs)	2026-09-27T10:30:59.5245316Z   <enableOutErrElements default-value="true">${enableOutErrElements}</enableOutErrElements>
verify-debug	Run verbose Verify (skip ITs)	2026-09-27T10:30:59.5246417Z   <enableProcessChecker>${surefire.enableProcessChecker}</enableProcessChecker>
verify-debug	Run verbose Verify (skip ITs)	2026-09-27T10:30:59.5247600Z   <enablePropertiesElement default-value="true">${enablePropertiesElement}</enablePropertiesElement>
verify-debug	Run verbose Verify (skip ITs)	2026-09-27T10:30:59.5248854Z   <encoding default-value="${project.reporting.outputEncoding}">${surefire.encoding}</encoding>
verify-debug	Run verbose Verify (skip ITs)	2026-09-27T10:30:59.5249985Z   <excludeJUnit5Engines>${surefire.excludeJUnit5Engines}</excludeJUnit5Engines>
verify-debug	Run verbose Verify (skip ITs)	2026-09-27T10:30:59.5251385Z   <excludedEnvironmentVariables>${surefire.excludedEnvironmentVariables}</excludedEnvironmentVariables>
verify-debug	Run verbose Verify (skip ITs)	2026-09-27T10:30:59.5252453Z   <excludedGroups>${excludedGroups}</excludedGroups>
verify-debug	Run verbose Verify (skip ITs)	2026-09-27T10:30:59.5253072Z   <excludes>${surefire.excludes}</excludes>
verify-debug	Run verbose Verify (skip ITs)	2026-09-27T10:30:59.5253687Z   <excludesFile>${surefire.excludesFile}</excludesFile>
verify-debug	Run verbose Verify (skip ITs)	2026-09-27T10:30:59.5254729Z   <failIfNoSpecifiedTests default-value="true">${surefire.failIfNoSpecifiedTests}</failIfNoSpecifiedTests>
verify-debug	Run verbose Verify (skip ITs)	2026-09-27T10:30:59.5255881Z   <failIfNoTests default-value="false">${failIfNoTests}</failIfNoTests>
verify-debug	Run verbose Verify (skip ITs)	2026-09-27T10:30:59.5256850Z   <failOnFlakeCount default-value="0">${surefire.failOnFlakeCount}</failOnFlakeCount>
verify-debug	Run verbose Verify (skip ITs)	2026-09-27T10:30:59.5257707Z   <forkCount default-value="1">${forkCount}</forkCount>
verify-debug	Run verbose Verify (skip ITs)	2026-09-27T10:30:59.5258313Z   <forkNode>${surefire.forkNode}</forkNode>
verify-debug	Run verbose Verify (skip ITs)	2026-09-27T10:30:59.5259329Z   <forkedProcessExitTimeoutInSeconds default-value="30">${surefire.exitTimeout}</forkedProcessExitTimeoutInSeconds>
verify-debug	Run verbose Verify (skip ITs)	2026-09-27T10:30:59.5260967Z   <forkedProcessTimeoutInSeconds>${surefire.timeout}</forkedProcessTimeoutInSeconds>
verify-debug	Run verbose Verify (skip ITs)	2026-09-27T10:30:59.5261787Z   <groups>${groups}</groups>
verify-debug	Run verbose Verify (skip ITs)	2026-09-27T10:30:59.5262431Z   <includeJUnit5Engines>${surefire.includeJUnit5Engines}</includeJUnit5Engines>
verify-debug	Run verbose Verify (skip ITs)	2026-09-27T10:30:59.5263193Z   <includes>${surefire.includes}</includes>
verify-debug	Run verbose Verify (skip ITs)	2026-09-27T10:30:59.5263777Z   <includesFile>${surefire.includesFile}</includesFile>
verify-debug	Run verbose Verify (skip ITs)	2026-09-27T10:30:59.5264652Z   <junitArtifactName default-value="junit:junit">${junitArtifactName}</junitArtifactName>
verify-debug	Run verbose Verify (skip ITs)	2026-09-27T10:30:59.5265507Z   <jvm>${jvm}</jvm>
verify-debug	Run verbose Verify (skip ITs)	2026-09-27T10:30:59.5266274Z   <objectFactory>${objectFactory}</objectFactory>
verify-debug	Run verbose Verify (skip ITs)	2026-09-27T10:30:59.5266884Z   <parallel>${parallel}</parallel>
verify-debug	Run verbose Verify (skip ITs)	2026-09-27T10:30:59.5267541Z   <parallelMavenExecution default-value="${session.parallel}"/>
verify-debug	Run verbose Verify (skip ITs)	2026-09-27T10:30:59.5268523Z   <parallelOptimized default-value="true">${parallelOptimized}</parallelOptimized>
verify-debug	Run verbose Verify (skip ITs)	2026-09-27T10:30:59.5269867Z   <parallelTestsTimeoutForcedInSeconds>${surefire.parallel.forcedTimeout}</parallelTestsTimeoutForcedInSeconds>
verify-debug	Run verbose Verify (skip ITs)	2026-09-27T10:30:59.5271568Z   <parallelTestsTimeoutInSeconds>${surefire.parallel.timeout}</parallelTestsTimeoutInSeconds>
verify-debug	Run verbose Verify (skip ITs)	2026-09-27T10:30:59.5272783Z   <perCoreThreadCount default-value="true">${perCoreThreadCount}</perCoreThreadCount>
verify-debug	Run verbose Verify (skip ITs)	2026-09-27T10:30:59.5273775Z   <pluginArtifactMap>${plugin.artifactMap}</pluginArtifactMap>
verify-debug	Run verbose Verify (skip ITs)	2026-09-27T10:30:59.5274475Z   <pluginDescriptor default-value="${plugin}"/>
verify-debug	Run verbose Verify (skip ITs)	2026-09-27T10:30:59.5275239Z   <printSummary default-value="true">${surefire.printSummary}</printSummary>
verify-debug	Run verbose Verify (skip ITs)	2026-09-27T10:30:59.5276002Z   <project default-value="${project}"/>
verify-debug	Run verbose Verify (skip ITs)	2026-09-27T10:30:59.5276668Z   <projectArtifactMap>${project.artifactMap}</projectArtifactMap>
verify-debug	Run verbose Verify (skip ITs)	2026-09-27T10:30:59.5277544Z   <projectBuildDirectory default-value="${project.build.directory}"/>
verify-debug	Run verbose Verify (skip ITs)	2026-09-27T10:30:59.5278715Z   <promoteUserPropertiesToSystemProperties default-value="true"/>
verify-debug	Run verbose Verify (skip ITs)	2026-09-27T10:30:59.5279922Z   <redirectTestOutputToFile default-value="false">${maven.test.redirectTestOutputToFile}</redirectTestOutputToFile>
verify-debug	Run verbose Verify (skip ITs)	2026-09-27T10:30:59.5281450Z   <reportFormat default-value="brief">${surefire.reportFormat}</reportFormat>
verify-debug	Run verbose Verify (skip ITs)	2026-09-27T10:30:59.5282504Z   <reportNameSuffix default-value="">${surefire.reportNameSuffix}</reportNameSuffix>
verify-debug	Run verbose Verify (skip ITs)	2026-09-27T10:30:59.5283601Z   <reportsDirectory default-value="${project.build.directory}/surefire-reports"/>
verify-debug	Run verbose Verify (skip ITs)	2026-09-27T10:30:59.5284784Z   <rerunFailingTestsCount default-value="0">${surefire.rerunFailingTestsCount}</rerunFailingTestsCount>
verify-debug	Run verbose Verify (skip ITs)	2026-09-27T10:30:59.5285804Z   <reuseForks default-value="true">${reuseForks}</reuseForks>
verify-debug	Run verbose Verify (skip ITs)	2026-09-27T10:30:59.5286604Z   <runOrder default-value="filesystem">${surefire.runOrder}</runOrder>
verify-debug	Run verbose Verify (skip ITs)	2026-09-27T10:30:59.5287512Z   <runOrderRandomSeed>${surefire.runOrder.random.seed}</runOrderRandomSeed>
verify-debug	Run verbose Verify (skip ITs)	2026-09-27T10:30:59.5288276Z   <session default-value="${session}"/>
verify-debug	Run verbose Verify (skip ITs)	2026-09-27T10:30:59.5288898Z   <shutdown default-value="exit">${surefire.shutdown}</shutdown>
verify-debug	Run verbose Verify (skip ITs)	2026-09-27T10:30:59.5289620Z   <skip default-value="false">${maven.test.skip}</skip>
verify-debug	Run verbose Verify (skip ITs)	2026-09-27T10:30:59.5290867Z   <skipAfterFailureCount default-value="0">${surefire.skipAfterFailureCount}</skipAfterFailureCount>
verify-debug	Run verbose Verify (skip ITs)	2026-09-27T10:30:59.5291859Z   <skipExec>${maven.test.skip.exec}</skipExec>
verify-debug	Run verbose Verify (skip ITs)	2026-09-27T10:30:59.5292513Z   <skipTests default-value="false">${skipTests}</skipTests>
verify-debug	Run verbose Verify (skip ITs)	2026-09-27T10:30:59.5293216Z   <suiteXmlFiles>${surefire.suiteXmlFiles}</suiteXmlFiles>
verify-debug	Run verbose Verify (skip ITs)	2026-09-27T10:30:59.5294088Z   <systemPropertiesFile>${surefire.systemPropertiesFile}</systemPropertiesFile>
verify-debug	Run verbose Verify (skip ITs)	2026-09-27T10:30:59.5294961Z   <tempDir default-value="surefire">${tempDir}</tempDir>
verify-debug	Run verbose Verify (skip ITs)	2026-09-27T10:30:59.5295532Z   <test>${test}</test>
verify-debug	Run verbose Verify (skip ITs)	2026-09-27T10:30:59.5296180Z   <testClassesDirectory default-value="${project.build.testOutputDirectory}"/>
verify-debug	Run verbose Verify (skip ITs)	2026-09-27T10:30:59.5297271Z   <testFailureIgnore default-value="false">${maven.test.failure.ignore}</testFailureIgnore>
verify-debug	Run verbose Verify (skip ITs)	2026-09-27T10:30:59.5298473Z   <testNGArtifactName default-value="org.testng:testng">${testNGArtifactName}</testNGArtifactName>
verify-debug	Run verbose Verify (skip ITs)	2026-09-27T10:30:59.5299621Z   <testSourceDirectory default-value="${project.build.testSourceDirectory}"/>
verify-debug	Run verbose Verify (skip ITs)	2026-09-27T10:30:59.5300648Z   <threadCount>${threadCount}</threadCount>
verify-debug	Run verbose Verify (skip ITs)	2026-09-27T10:30:59.5301466Z   <threadCountClasses default-value="0">${threadCountClasses}</threadCountClasses>
verify-debug	Run verbose Verify (skip ITs)	2026-09-27T10:30:59.5302503Z   <threadCountMethods default-value="0">${threadCountMethods}</threadCountMethods>
verify-debug	Run verbose Verify (skip ITs)	2026-09-27T10:30:59.5303505Z   <threadCountSuites default-value="0">${threadCountSuites}</threadCountSuites>
verify-debug	Run verbose Verify (skip ITs)	2026-09-27T10:30:59.5304456Z   <trimStackTrace default-value="false">${trimStackTrace}</trimStackTrace>
verify-debug	Run verbose Verify (skip ITs)	2026-09-27T10:30:59.5305533Z   <useFile default-value="true">${surefire.useFile}</useFile>
verify-debug	Run verbose Verify (skip ITs)	2026-09-27T10:30:59.5306499Z   <useManifestOnlyJar default-value="true">${surefire.useManifestOnlyJar}</useManifestOnlyJar>
verify-debug	Run verbose Verify (skip ITs)	2026-09-27T10:30:59.5307641Z   <useModulePath default-value="true">${surefire.useModulePath}</useModulePath>
verify-debug	Run verbose Verify (skip ITs)	2026-09-27T10:30:59.5308777Z   <useSystemClassLoader default-value="true">${surefire.useSystemClassLoader}</useSystemClassLoader>
verify-debug	Run verbose Verify (skip ITs)	2026-09-27T10:30:59.5309960Z   <useUnlimitedThreads default-value="false">${useUnlimitedThreads}</useUnlimitedThreads>
verify-debug	Run verbose Verify (skip ITs)	2026-09-27T10:30:59.5311038Z   <workingDirectory>${basedir}</workingDirectory>
verify-debug	Run verbose Verify (skip ITs)	2026-09-27T10:30:59.5311571Z </configuration>
verify-debug	Run verbose Verify (skip ITs)	2026-09-27T10:30:59.5312072Z [DEBUG] -----------------------------------------------------------------------
verify-debug	Run verbose Verify (skip ITs)	2026-09-27T10:30:59.5312951Z [DEBUG] Goal:          org.apache.maven.plugins:maven-jar-plugin:3.4.2:jar (default-jar)
verify-debug	Run verbose Verify (skip ITs)	2026-09-27T10:30:59.5313699Z [DEBUG] Style:         Regular
verify-debug	Run verbose Verify (skip ITs)	2026-09-27T10:30:59.5314271Z [DEBUG] Configuration: <?xml version="1.0" encoding="UTF-8"?>
verify-debug	Run verbose Verify (skip ITs)	2026-09-27T10:30:59.5314888Z <configuration>
verify-debug	Run verbose Verify (skip ITs)	2026-09-27T10:30:59.5315313Z   <addDefaultExcludes default-value="true"/>
verify-debug	Run verbose Verify (skip ITs)	2026-09-27T10:30:59.5316077Z   <archive>
verify-debug	Run verbose Verify (skip ITs)	2026-09-27T10:30:59.5316411Z     <manifest>
verify-debug	Run verbose Verify (skip ITs)	2026-09-27T10:30:59.5316822Z       <mainClass>${start-class}</mainClass>
verify-debug	Run verbose Verify (skip ITs)	2026-09-27T10:30:59.5317626Z       <addDefaultImplementationEntries>true</addDefaultImplementationEntries>
verify-debug	Run verbose Verify (skip ITs)	2026-09-27T10:30:59.5318419Z     </manifest>
verify-debug	Run verbose Verify (skip ITs)	2026-09-27T10:30:59.5318792Z   </archive>
verify-debug	Run verbose Verify (skip ITs)	2026-09-27T10:30:59.5319404Z   <classesDirectory default-value="${project.build.outputDirectory}"/>
verify-debug	Run verbose Verify (skip ITs)	2026-09-27T10:30:59.5320855Z   <detectMultiReleaseJar default-value="true">${maven.jar.detectMultiReleaseJar}</detectMultiReleaseJar>
verify-debug	Run verbose Verify (skip ITs)	2026-09-27T10:30:59.5321955Z   <finalName default-value="${project.build.finalName}"/>
verify-debug	Run verbose Verify (skip ITs)	2026-09-27T10:30:59.5322846Z   <forceCreation default-value="false">${maven.jar.forceCreation}</forceCreation>
verify-debug	Run verbose Verify (skip ITs)	2026-09-27T10:30:59.5323789Z   <outputDirectory default-value="${project.build.directory}"/>
verify-debug	Run verbose Verify (skip ITs)	2026-09-27T10:30:59.5324680Z   <outputTimestamp default-value="${project.build.outputTimestamp}"/>
verify-debug	Run verbose Verify (skip ITs)	2026-09-27T10:30:59.5325434Z   <project default-value="${project}"/>
verify-debug	Run verbose Verify (skip ITs)	2026-09-27T10:30:59.5325983Z   <session default-value="${session}"/>
verify-debug	Run verbose Verify (skip ITs)	2026-09-27T10:30:59.5326532Z   <skipIfEmpty default-value="false"/>
verify-debug	Run verbose Verify (skip ITs)	2026-09-27T10:30:59.5327465Z   <useDefaultManifestFile default-value="false">${jar.useDefaultManifestFile}</useDefaultManifestFile>
verify-debug	Run verbose Verify (skip ITs)	2026-09-27T10:30:59.5328369Z </configuration>
verify-debug	Run verbose Verify (skip ITs)	2026-09-27T10:30:59.5328902Z [DEBUG] -----------------------------------------------------------------------
verify-debug	Run verbose Verify (skip ITs)	2026-09-27T10:30:59.5329924Z [DEBUG] Goal:          org.springframework.boot:spring-boot-maven-plugin:3.5.5:repackage (repackage)
verify-debug	Run verbose Verify (skip ITs)	2026-09-27T10:30:59.5331106Z [DEBUG] Style:         Regular
verify-debug	Run verbose Verify (skip ITs)	2026-09-27T10:30:59.5331677Z [DEBUG] Configuration: <?xml version="1.0" encoding="UTF-8"?>
verify-debug	Run verbose Verify (skip ITs)	2026-09-27T10:30:59.5332279Z <configuration>
verify-debug	Run verbose Verify (skip ITs)	2026-09-27T10:30:59.5332675Z   <attach default-value="true"/>
verify-debug	Run verbose Verify (skip ITs)	2026-09-27T10:30:59.5333537Z   <excludeDevtools default-value="true">${spring-boot.repackage.excludeDevtools}</excludeDevtools>
verify-debug	Run verbose Verify (skip ITs)	2026-09-27T10:30:59.5334923Z   <excludeDockerCompose default-value="true">${spring-boot.repackage.excludeDockerCompose}</excludeDockerCompose>
verify-debug	Run verbose Verify (skip ITs)	2026-09-27T10:30:59.5336210Z   <excludeGroupIds default-value="">${spring-boot.excludeGroupIds}</excludeGroupIds>
verify-debug	Run verbose Verify (skip ITs)	2026-09-27T10:30:59.5337050Z   <excludes>${spring-boot.excludes}</excludes>
verify-debug	Run verbose Verify (skip ITs)	2026-09-27T10:30:59.5337614Z   <executable default-value="false"/>
verify-debug	Run verbose Verify (skip ITs)	2026-09-27T10:30:59.5338210Z   <finalName default-value="${project.build.finalName}"/>
verify-debug	Run verbose Verify (skip ITs)	2026-09-27T10:30:59.5338930Z   <includeSystemScope default-value="false"/>
verify-debug	Run verbose Verify (skip ITs)	2026-09-27T10:30:59.5339475Z   <includeTools default-value="true"/>
verify-debug	Run verbose Verify (skip ITs)	2026-09-27T10:30:59.5340011Z   <includes>${spring-boot.includes}</includes>
verify-debug	Run verbose Verify (skip ITs)	2026-09-27T10:30:59.5340855Z   <layout>${spring-boot.repackage.layout}</layout>
verify-debug	Run verbose Verify (skip ITs)	2026-09-27T10:30:59.5341436Z   <mainClass>${start-class}</mainClass>
verify-debug	Run verbose Verify (skip ITs)	2026-09-27T10:30:59.5342081Z   <outputDirectory default-value="${project.build.directory}"/>
verify-debug	Run verbose Verify (skip ITs)	2026-09-27T10:30:59.5343172Z   <outputTimestamp default-value="${project.build.outputTimestamp}"/>
verify-debug	Run verbose Verify (skip ITs)	2026-09-27T10:30:59.5343891Z   <project default-value="${project}"/>
verify-debug	Run verbose Verify (skip ITs)	2026-09-27T10:30:59.5344403Z   <session default-value="${session}"/>
verify-debug	Run verbose Verify (skip ITs)	2026-09-27T10:30:59.5345026Z   <skip default-value="false">${spring-boot.repackage.skip}</skip>
verify-debug	Run verbose Verify (skip ITs)	2026-09-27T10:30:59.5345645Z </configuration>
verify-debug	Run verbose Verify (skip ITs)	2026-09-27T10:30:59.5346149Z [DEBUG] -----------------------------------------------------------------------
verify-debug	Run verbose Verify (skip ITs)	2026-09-27T10:30:59.5347141Z [DEBUG] Goal:          org.apache.maven.plugins:maven-failsafe-plugin:3.6.0:integration-test (default)
verify-debug	Run verbose Verify (skip ITs)	2026-09-27T10:30:59.5348016Z [DEBUG] Style:         Regular
verify-debug	Run verbose Verify (skip ITs)	2026-09-27T10:30:59.5348592Z [DEBUG] Configuration: <?xml version="1.0" encoding="UTF-8"?>
verify-debug	Run verbose Verify (skip ITs)	2026-09-27T10:30:59.5349242Z <configuration>
verify-debug	Run verbose Verify (skip ITs)	2026-09-27T10:30:59.5350486Z   <additionalClasspathDependencies>${maven.test.additionalClasspathDependencies}</additionalClasspathDependencies>
verify-debug	Run verbose Verify (skip ITs)	2026-09-27T10:30:59.5352018Z   <additionalClasspathElements>${maven.test.additionalClasspath}</additionalClasspathElements>
verify-debug	Run verbose Verify (skip ITs)	2026-09-27T10:30:59.5352993Z   <argLine>${argLine}</argLine>
verify-debug	Run verbose Verify (skip ITs)	2026-09-27T10:30:59.5353501Z   <basedir default-value="${basedir}"/>
verify-debug	Run verbose Verify (skip ITs)	2026-09-27T10:30:59.5354543Z   <childDelegation default-value="false">${childDelegation}</childDelegation>
verify-debug	Run verbose Verify (skip ITs)	2026-09-27T10:30:59.5355922Z   <classesDirectory>/home/runner/work/spring-postgres-boilerplate/spring-postgres-boilerplate/target/classes</classesDirectory>
verify-debug	Run verbose Verify (skip ITs)	2026-09-27T10:30:59.5357450Z   <classpathDependencyExcludes>${maven.test.dependency.excludes}</classpathDependencyExcludes>
verify-debug	Run verbose Verify (skip ITs)	2026-09-27T10:30:59.5358529Z   <debugForkedProcess>${maven.failsafe.debug}</debugForkedProcess>
verify-debug	Run verbose Verify (skip ITs)	2026-09-27T10:30:59.5359480Z   <defaultClassesDirectory default-value="${project.build.outputDirectory}"/>
verify-debug	Run verbose Verify (skip ITs)	2026-09-27T10:30:59.5360664Z   <dependenciesToScan>${dependenciesToScan}</dependenciesToScan>
verify-debug	Run verbose Verify (skip ITs)	2026-09-27T10:30:59.5361462Z   <disableXmlReport>${disableXmlReport}</disableXmlReport>
verify-debug	Run verbose Verify (skip ITs)	2026-09-27T10:30:59.5362357Z   <enableAssertions default-value="true">${enableAssertions}</enableAssertions>
verify-debug	Run verbose Verify (skip ITs)	2026-09-27T10:30:59.5363500Z   <enableOutErrElements default-value="true">${enableOutErrElements}</enableOutErrElements>
verify-debug	Run verbose Verify (skip ITs)	2026-09-27T10:30:59.5364667Z   <enableProcessChecker>${failsafe.enableProcessChecker}</enableProcessChecker>
verify-debug	Run verbose Verify (skip ITs)	2026-09-27T10:30:59.5365865Z   <enablePropertiesElement default-value="true">${enablePropertiesElement}</enablePropertiesElement>
verify-debug	Run verbose Verify (skip ITs)	2026-09-27T10:30:59.5367103Z   <encoding default-value="${project.reporting.outputEncoding}">${encoding}</encoding>
verify-debug	Run verbose Verify (skip ITs)	2026-09-27T10:30:59.5368165Z   <excludeJUnit5Engines>${failsafe.excludeJUnit5Engines}</excludeJUnit5Engines>
verify-debug	Run verbose Verify (skip ITs)	2026-09-27T10:30:59.5369384Z   <excludedEnvironmentVariables>${failsafe.excludedEnvironmentVariables}</excludedEnvironmentVariables>
verify-debug	Run verbose Verify (skip ITs)	2026-09-27T10:30:59.5370836Z   <excludedGroups>${excludedGroups}</excludedGroups>
verify-debug	Run verbose Verify (skip ITs)	2026-09-27T10:30:59.5371482Z   <excludes>${failsafe.excludes}</excludes>
verify-debug	Run verbose Verify (skip ITs)	2026-09-27T10:30:59.5372102Z   <excludesFile>${failsafe.excludesFile}</excludesFile>
verify-debug	Run verbose Verify (skip ITs)	2026-09-27T10:30:59.5373137Z   <failIfNoSpecifiedTests default-value="true">${failsafe.failIfNoSpecifiedTests}</failIfNoSpecifiedTests>
verify-debug	Run verbose Verify (skip ITs)	2026-09-27T10:30:59.5374653Z   <failIfNoSpecifiedTestsDeprecated default-value="true">${it.failIfNoSpecifiedTests}</failIfNoSpecifiedTestsDeprecated>
verify-debug	Run verbose Verify (skip ITs)	2026-09-27T10:30:59.5375936Z   <failIfNoTests default-value="false">${failIfNoTests}</failIfNoTests>
verify-debug	Run verbose Verify (skip ITs)	2026-09-27T10:30:59.5376718Z   <forkCount default-value="1">${forkCount}</forkCount>
verify-debug	Run verbose Verify (skip ITs)	2026-09-27T10:30:59.5377328Z   <forkNode>${failsafe.forkNode}</forkNode>
verify-debug	Run verbose Verify (skip ITs)	2026-09-27T10:30:59.5378377Z   <forkedProcessExitTimeoutInSeconds default-value="30">${failsafe.exitTimeout}</forkedProcessExitTimeoutInSeconds>
verify-debug	Run verbose Verify (skip ITs)	2026-09-27T10:30:59.5379726Z   <forkedProcessTimeoutInSeconds>${failsafe.timeout}</forkedProcessTimeoutInSeconds>
verify-debug	Run verbose Verify (skip ITs)	2026-09-27T10:30:59.5380790Z   <groups>${groups}</groups>
verify-debug	Run verbose Verify (skip ITs)	2026-09-27T10:30:59.5381505Z   <includeJUnit5Engines>${failsafe.includeJUnit5Engines}</includeJUnit5Engines>
verify-debug	Run verbose Verify (skip ITs)	2026-09-27T10:30:59.5382494Z   <includes>
verify-debug	Run verbose Verify (skip ITs)	2026-09-27T10:30:59.5383000Z     <include>**/*IT.java</include>${failsafe.includes}</includes>
verify-debug	Run verbose Verify (skip ITs)	2026-09-27T10:30:59.5383717Z   <includesFile>${failsafe.includesFile}</includesFile>
verify-debug	Run verbose Verify (skip ITs)	2026-09-27T10:30:59.5384617Z   <junitArtifactName default-value="junit:junit">${junitArtifactName}</junitArtifactName>
verify-debug	Run verbose Verify (skip ITs)	2026-09-27T10:30:59.5385412Z   <jvm>${jvm}</jvm>
verify-debug	Run verbose Verify (skip ITs)	2026-09-27T10:30:59.5385859Z   <objectFactory>${objectFactory}</objectFactory>
verify-debug	Run verbose Verify (skip ITs)	2026-09-27T10:30:59.5386426Z   <parallel>${parallel}</parallel>
verify-debug	Run verbose Verify (skip ITs)	2026-09-27T10:30:59.5387050Z   <parallelMavenExecution default-value="${session.parallel}"/>
verify-debug	Run verbose Verify (skip ITs)	2026-09-27T10:30:59.5387964Z   <parallelOptimized default-value="true">${parallelOptimized}</parallelOptimized>
verify-debug	Run verbose Verify (skip ITs)	2026-09-27T10:30:59.5389260Z   <parallelTestsTimeoutForcedInSeconds>${failsafe.parallel.forcedTimeout}</parallelTestsTimeoutForcedInSeconds>
verify-debug	Run verbose Verify (skip ITs)	2026-09-27T10:30:59.5390904Z   <parallelTestsTimeoutInSeconds>${failsafe.parallel.timeout}</parallelTestsTimeoutInSeconds>
verify-debug	Run verbose Verify (skip ITs)	2026-09-27T10:30:59.5392088Z   <perCoreThreadCount default-value="true">${perCoreThreadCount}</perCoreThreadCount>
verify-debug	Run verbose Verify (skip ITs)	2026-09-27T10:30:59.5393037Z   <pluginArtifactMap>${plugin.artifactMap}</pluginArtifactMap>
verify-debug	Run verbose Verify (skip ITs)	2026-09-27T10:30:59.5393732Z   <pluginDescriptor default-value="${plugin}"/>
verify-debug	Run verbose Verify (skip ITs)	2026-09-27T10:30:59.5394750Z   <printSummary default-value="true">${failsafe.printSummary}</printSummary>
verify-debug	Run verbose Verify (skip ITs)	2026-09-27T10:30:59.5395479Z   <project default-value="${project}"/>
verify-debug	Run verbose Verify (skip ITs)	2026-09-27T10:30:59.5396118Z   <projectArtifactMap>${project.artifactMap}</projectArtifactMap>
verify-debug	Run verbose Verify (skip ITs)	2026-09-27T10:30:59.5396958Z   <projectBuildDirectory default-value="${project.build.directory}"/>
verify-debug	Run verbose Verify (skip ITs)	2026-09-27T10:30:59.5397821Z   <promoteUserPropertiesToSystemProperties default-value="true"/>
verify-debug	Run verbose Verify (skip ITs)	2026-09-27T10:30:59.5399021Z   <redirectTestOutputToFile default-value="false">${maven.test.redirectTestOutputToFile}</redirectTestOutputToFile>
verify-debug	Run verbose Verify (skip ITs)	2026-09-27T10:30:59.5400742Z   <reportFormat default-value="brief">${failsafe.reportFormat}</reportFormat>
verify-debug	Run verbose Verify (skip ITs)	2026-09-27T10:30:59.5401849Z   <reportNameSuffix default-value="">${surefire.reportNameSuffix}</reportNameSuffix>
verify-debug	Run verbose Verify (skip ITs)	2026-09-27T10:30:59.5403043Z   <reportTestTimestamp default-value="false">${reportTestTimestamp}</reportTestTimestamp>
verify-debug	Run verbose Verify (skip ITs)	2026-09-27T10:30:59.5404188Z   <reportsDirectory default-value="${project.build.directory}/failsafe-reports"/>
verify-debug	Run verbose Verify (skip ITs)	2026-09-27T10:30:59.5405426Z   <rerunFailingTestsCount default-value="0">${failsafe.rerunFailingTestsCount}</rerunFailingTestsCount>
verify-debug	Run verbose Verify (skip ITs)	2026-09-27T10:30:59.5406500Z   <reuseForks default-value="true">${reuseForks}</reuseForks>
verify-debug	Run verbose Verify (skip ITs)	2026-09-27T10:30:59.5407309Z   <runOrder default-value="filesystem">${failsafe.runOrder}</runOrder>
verify-debug	Run verbose Verify (skip ITs)	2026-09-27T10:30:59.5408248Z   <runOrderRandomSeed>${failsafe.runOrder.random.seed}</runOrderRandomSeed>
verify-debug	Run verbose Verify (skip ITs)	2026-09-27T10:30:59.5409610Z   <runOrderStatisticsFileChecksum>${failsafe.runOrder.statisticsFile.checksum}</runOrderStatisticsFileChecksum>
verify-debug	Run verbose Verify (skip ITs)	2026-09-27T10:30:59.5410961Z   <session default-value="${session}"/>
verify-debug	Run verbose Verify (skip ITs)	2026-09-27T10:30:59.5411642Z   <shutdown default-value="exit">${failsafe.shutdown}</shutdown>
verify-debug	Run verbose Verify (skip ITs)	2026-09-27T10:30:59.5412344Z   <skip default-value="false">true</skip>
verify-debug	Run verbose Verify (skip ITs)	2026-09-27T10:30:59.5413267Z   <skipAfterFailureCount default-value="0">${failsafe.skipAfterFailureCount}</skipAfterFailureCount>
verify-debug	Run verbose Verify (skip ITs)	2026-09-27T10:30:59.5414253Z   <skipExec>${maven.test.skip.exec}</skipExec>
verify-debug	Run verbose Verify (skip ITs)	2026-09-27T10:30:59.5414804Z   <skipITs>${skipITs}</skipITs>
verify-debug	Run verbose Verify (skip ITs)	2026-09-27T10:30:59.5415648Z   <stackTraceFilterPrefixes>${surefire.stackTraceFilterPrefixes}</stackTraceFilterPrefixes>
verify-debug	Run verbose Verify (skip ITs)	2026-09-27T10:30:59.5416892Z   <stackTraceMaxFrames default-value="15">${surefire.stackTraceMaxFrames}</stackTraceMaxFrames>
verify-debug	Run verbose Verify (skip ITs)	2026-09-27T10:30:59.5417877Z   <suiteXmlFiles>${failsafe.suiteXmlFiles}</suiteXmlFiles>
verify-debug	Run verbose Verify (skip ITs)	2026-09-27T10:30:59.5418835Z   <summaryFile default-value="${project.build.directory}/failsafe-reports/failsafe-summary.xml"/>
verify-debug	Run verbose Verify (skip ITs)	2026-09-27T10:30:59.5420011Z   <systemPropertiesFile>${failsafe.systemPropertiesFile}</systemPropertiesFile>
verify-debug	Run verbose Verify (skip ITs)	2026-09-27T10:30:59.5421146Z   <tempDir default-value="surefire">${tempDir}</tempDir>
verify-debug	Run verbose Verify (skip ITs)	2026-09-27T10:30:59.5421731Z   <test>${it.test}</test>
verify-debug	Run verbose Verify (skip ITs)	2026-09-27T10:30:59.5422647Z   <testClassesDirectory default-value="${project.build.testOutputDirectory}"/>
verify-debug	Run verbose Verify (skip ITs)	2026-09-27T10:30:59.5423804Z   <testNGArtifactName default-value="org.testng:testng">${testNGArtifactName}</testNGArtifactName>
verify-debug	Run verbose Verify (skip ITs)	2026-09-27T10:30:59.5424929Z   <testSourceDirectory default-value="${project.build.testSourceDirectory}"/>
verify-debug	Run verbose Verify (skip ITs)	2026-09-27T10:30:59.5425749Z   <threadCount>${threadCount}</threadCount>
verify-debug	Run verbose Verify (skip ITs)	2026-09-27T10:30:59.5426540Z   <threadCountClasses default-value="0">${threadCountClasses}</threadCountClasses>
verify-debug	Run verbose Verify (skip ITs)	2026-09-27T10:30:59.5427611Z   <threadCountMethods default-value="0">${threadCountMethods}</threadCountMethods>
verify-debug	Run verbose Verify (skip ITs)	2026-09-27T10:30:59.5428668Z   <threadCountSuites default-value="0">${threadCountSuites}</threadCountSuites>
verify-debug	Run verbose Verify (skip ITs)	2026-09-27T10:30:59.5429673Z   <trimStackTrace default-value="false">${trimStackTrace}</trimStackTrace>
verify-debug	Run verbose Verify (skip ITs)	2026-09-27T10:30:59.5431058Z   <useFile default-value="true">${failsafe.useFile}</useFile>
verify-debug	Run verbose Verify (skip ITs)	2026-09-27T10:30:59.5432077Z   <useManifestOnlyJar default-value="true">${failsafe.useManifestOnlyJar}</useManifestOnlyJar>
verify-debug	Run verbose Verify (skip ITs)	2026-09-27T10:30:59.5433236Z   <useModulePath default-value="true">${failsafe.useModulePath}</useModulePath>
verify-debug	Run verbose Verify (skip ITs)	2026-09-27T10:30:59.5434401Z   <useSystemClassLoader default-value="true">${failsafe.useSystemClassLoader}</useSystemClassLoader>
verify-debug	Run verbose Verify (skip ITs)	2026-09-27T10:30:59.5435886Z   <useUnlimitedThreads default-value="false">${useUnlimitedThreads}</useUnlimitedThreads>
verify-debug	Run verbose Verify (skip ITs)	2026-09-27T10:30:59.5436798Z   <workingDirectory>${basedir}</workingDirectory>
verify-debug	Run verbose Verify (skip ITs)	2026-09-27T10:30:59.5437335Z </configuration>
verify-debug	Run verbose Verify (skip ITs)	2026-09-27T10:30:59.5437872Z [DEBUG] -----------------------------------------------------------------------
verify-debug	Run verbose Verify (skip ITs)	2026-09-27T10:30:59.5438974Z [DEBUG] Goal:          org.apache.maven.plugins:maven-failsafe-plugin:3.6.0:integration-test (integration-tests)
verify-debug	Run verbose Verify (skip ITs)	2026-09-27T10:30:59.5439909Z [DEBUG] Style:         Regular
verify-debug	Run verbose Verify (skip ITs)	2026-09-27T10:30:59.5440693Z [DEBUG] Configuration: <?xml version="1.0" encoding="UTF-8"?>
verify-debug	Run verbose Verify (skip ITs)	2026-09-27T10:30:59.5441296Z <configuration>
verify-debug	Run verbose Verify (skip ITs)	2026-09-27T10:30:59.5442252Z   <additionalClasspathDependencies>${maven.test.additionalClasspathDependencies}</additionalClasspathDependencies>
verify-debug	Run verbose Verify (skip ITs)	2026-09-27T10:30:59.5443702Z   <additionalClasspathElements>${maven.test.additionalClasspath}</additionalClasspathElements>
verify-debug	Run verbose Verify (skip ITs)	2026-09-27T10:30:59.5444635Z   <argLine>${argLine}</argLine>
verify-debug	Run verbose Verify (skip ITs)	2026-09-27T10:30:59.5445103Z   <basedir default-value="${basedir}"/>
verify-debug	Run verbose Verify (skip ITs)	2026-09-27T10:30:59.5445836Z   <childDelegation default-value="false">${childDelegation}</childDelegation>
verify-debug	Run verbose Verify (skip ITs)	2026-09-27T10:30:59.5447200Z   <classesDirectory>/home/runner/work/spring-postgres-boilerplate/spring-postgres-boilerplate/target/classes</classesDirectory>
verify-debug	Run verbose Verify (skip ITs)	2026-09-27T10:30:59.5448714Z   <classpathDependencyExcludes>${maven.test.dependency.excludes}</classpathDependencyExcludes>
verify-debug	Run verbose Verify (skip ITs)	2026-09-27T10:30:59.5449766Z   <debugForkedProcess>${maven.failsafe.debug}</debugForkedProcess>
verify-debug	Run verbose Verify (skip ITs)	2026-09-27T10:30:59.5450941Z   <defaultClassesDirectory default-value="${project.build.outputDirectory}"/>
verify-debug	Run verbose Verify (skip ITs)	2026-09-27T10:30:59.5451944Z   <dependenciesToScan>${dependenciesToScan}</dependenciesToScan>
verify-debug	Run verbose Verify (skip ITs)	2026-09-27T10:30:59.5452776Z   <disableXmlReport>${disableXmlReport}</disableXmlReport>
verify-debug	Run verbose Verify (skip ITs)	2026-09-27T10:30:59.5453646Z   <enableAssertions default-value="true">${enableAssertions}</enableAssertions>
verify-debug	Run verbose Verify (skip ITs)	2026-09-27T10:30:59.5454749Z   <enableOutErrElements default-value="true">${enableOutErrElements}</enableOutErrElements>
verify-debug	Run verbose Verify (skip ITs)	2026-09-27T10:30:59.5455899Z   <enableProcessChecker>${failsafe.enableProcessChecker}</enableProcessChecker>
verify-debug	Run verbose Verify (skip ITs)	2026-09-27T10:30:59.5457095Z   <enablePropertiesElement default-value="true">${enablePropertiesElement}</enablePropertiesElement>
verify-debug	Run verbose Verify (skip ITs)	2026-09-27T10:30:59.5458369Z   <encoding default-value="${project.reporting.outputEncoding}">${encoding}</encoding>
verify-debug	Run verbose Verify (skip ITs)	2026-09-27T10:30:59.5459456Z   <excludeJUnit5Engines>${failsafe.excludeJUnit5Engines}</excludeJUnit5Engines>
verify-debug	Run verbose Verify (skip ITs)	2026-09-27T10:30:59.5460985Z   <excludedEnvironmentVariables>${failsafe.excludedEnvironmentVariables}</excludedEnvironmentVariables>
verify-debug	Run verbose Verify (skip ITs)	2026-09-27T10:30:59.5462115Z   <excludedGroups>${excludedGroups}</excludedGroups>
verify-debug	Run verbose Verify (skip ITs)	2026-09-27T10:30:59.5462993Z   <excludes>${failsafe.excludes}</excludes>
verify-debug	Run verbose Verify (skip ITs)	2026-09-27T10:30:59.5463606Z   <excludesFile>${failsafe.excludesFile}</excludesFile>
verify-debug	Run verbose Verify (skip ITs)	2026-09-27T10:30:59.5464640Z   <failIfNoSpecifiedTests default-value="true">${failsafe.failIfNoSpecifiedTests}</failIfNoSpecifiedTests>
verify-debug	Run verbose Verify (skip ITs)	2026-09-27T10:30:59.5466177Z   <failIfNoSpecifiedTestsDeprecated default-value="true">${it.failIfNoSpecifiedTests}</failIfNoSpecifiedTestsDeprecated>
verify-debug	Run verbose Verify (skip ITs)	2026-09-27T10:30:59.5467499Z   <failIfNoTests default-value="false">${failIfNoTests}</failIfNoTests>
verify-debug	Run verbose Verify (skip ITs)	2026-09-27T10:30:59.5468336Z   <forkCount default-value="1">${forkCount}</forkCount>
verify-debug	Run verbose Verify (skip ITs)	2026-09-27T10:30:59.5468987Z   <forkNode>${failsafe.forkNode}</forkNode>
verify-debug	Run verbose Verify (skip ITs)	2026-09-27T10:30:59.5470066Z   <forkedProcessExitTimeoutInSeconds default-value="30">${failsafe.exitTimeout}</forkedProcessExitTimeoutInSeconds>
verify-debug	Run verbose Verify (skip ITs)	2026-09-27T10:30:59.5472018Z   <forkedProcessTimeoutInSeconds>${failsafe.timeout}</forkedProcessTimeoutInSeconds>
verify-debug	Run verbose Verify (skip ITs)	2026-09-27T10:30:59.5472899Z   <groups>${groups}</groups>
verify-debug	Run verbose Verify (skip ITs)	2026-09-27T10:30:59.5473622Z   <includeJUnit5Engines>${failsafe.includeJUnit5Engines}</includeJUnit5Engines>
verify-debug	Run verbose Verify (skip ITs)	2026-09-27T10:30:59.5474392Z   <includes>
verify-debug	Run verbose Verify (skip ITs)	2026-09-27T10:30:59.5474898Z     <include>**/*IT.java</include>${failsafe.includes}</includes>
verify-debug	Run verbose Verify (skip ITs)	2026-09-27T10:30:59.5475886Z   <includesFile>${failsafe.includesFile}</includesFile>
verify-debug	Run verbose Verify (skip ITs)	2026-09-27T10:30:59.5476789Z   <junitArtifactName default-value="junit:junit">${junitArtifactName}</junitArtifactName>
verify-debug	Run verbose Verify (skip ITs)	2026-09-27T10:30:59.5477604Z   <jvm>${jvm}</jvm>
verify-debug	Run verbose Verify (skip ITs)	2026-09-27T10:30:59.5478065Z   <objectFactory>${objectFactory}</objectFactory>
verify-debug	Run verbose Verify (skip ITs)	2026-09-27T10:30:59.5478656Z   <parallel>${parallel}</parallel>
verify-debug	Run verbose Verify (skip ITs)	2026-09-27T10:30:59.5479296Z   <parallelMavenExecution default-value="${session.parallel}"/>
verify-debug	Run verbose Verify (skip ITs)	2026-09-27T10:30:59.5480224Z   <parallelOptimized default-value="true">${parallelOptimized}</parallelOptimized>
verify-debug	Run verbose Verify (skip ITs)	2026-09-27T10:30:59.5481938Z   <parallelTestsTimeoutForcedInSeconds>${failsafe.parallel.forcedTimeout}</parallelTestsTimeoutForcedInSeconds>
verify-debug	Run verbose Verify (skip ITs)	2026-09-27T10:30:59.5483394Z   <parallelTestsTimeoutInSeconds>${failsafe.parallel.timeout}</parallelTestsTimeoutInSeconds>
verify-debug	Run verbose Verify (skip ITs)	2026-09-27T10:30:59.5484631Z   <perCoreThreadCount default-value="true">${perCoreThreadCount}</perCoreThreadCount>
verify-debug	Run verbose Verify (skip ITs)	2026-09-27T10:30:59.5485617Z   <pluginArtifactMap>${plugin.artifactMap}</pluginArtifactMap>
verify-debug	Run verbose Verify (skip ITs)	2026-09-27T10:30:59.5486349Z   <pluginDescriptor default-value="${plugin}"/>
verify-debug	Run verbose Verify (skip ITs)	2026-09-27T10:30:59.5487142Z   <printSummary default-value="true">${failsafe.printSummary}</printSummary>
verify-debug	Run verbose Verify (skip ITs)	2026-09-27T10:30:59.5487923Z   <project default-value="${project}"/>
verify-debug	Run verbose Verify (skip ITs)	2026-09-27T10:30:59.5488618Z   <projectArtifactMap>${project.artifactMap}</projectArtifactMap>
verify-debug	Run verbose Verify (skip ITs)	2026-09-27T10:30:59.5489516Z   <projectBuildDirectory default-value="${project.build.directory}"/>
verify-debug	Run verbose Verify (skip ITs)	2026-09-27T10:30:59.5490728Z   <promoteUserPropertiesToSystemProperties default-value="true"/>
verify-debug	Run verbose Verify (skip ITs)	2026-09-27T10:30:59.5491952Z   <redirectTestOutputToFile default-value="false">${maven.test.redirectTestOutputToFile}</redirectTestOutputToFile>
verify-debug	Run verbose Verify (skip ITs)	2026-09-27T10:30:59.5493217Z   <reportFormat default-value="brief">${failsafe.reportFormat}</reportFormat>
verify-debug	Run verbose Verify (skip ITs)	2026-09-27T10:30:59.5494253Z   <reportNameSuffix default-value="">${surefire.reportNameSuffix}</reportNameSuffix>
verify-debug	Run verbose Verify (skip ITs)	2026-09-27T10:30:59.5495365Z   <reportTestTimestamp default-value="false">${reportTestTimestamp}</reportTestTimestamp>
verify-debug	Run verbose Verify (skip ITs)	2026-09-27T10:30:59.5496490Z   <reportsDirectory default-value="${project.build.directory}/failsafe-reports"/>
verify-debug	Run verbose Verify (skip ITs)	2026-09-27T10:30:59.5497694Z   <rerunFailingTestsCount default-value="0">${failsafe.rerunFailingTestsCount}</rerunFailingTestsCount>
verify-debug	Run verbose Verify (skip ITs)	2026-09-27T10:30:59.5498750Z   <reuseForks default-value="true">${reuseForks}</reuseForks>
verify-debug	Run verbose Verify (skip ITs)	2026-09-27T10:30:59.5499538Z   <runOrder default-value="filesystem">${failsafe.runOrder}</runOrder>
verify-debug	Run verbose Verify (skip ITs)	2026-09-27T10:30:59.5500621Z   <runOrderRandomSeed>${failsafe.runOrder.random.seed}</runOrderRandomSeed>
verify-debug	Run verbose Verify (skip ITs)	2026-09-27T10:30:59.5501899Z   <runOrderStatisticsFileChecksum>${failsafe.runOrder.statisticsFile.checksum}</runOrderStatisticsFileChecksum>
verify-debug	Run verbose Verify (skip ITs)	2026-09-27T10:30:59.5502938Z   <session default-value="${session}"/>
verify-debug	Run verbose Verify (skip ITs)	2026-09-27T10:30:59.5503824Z   <shutdown default-value="exit">${failsafe.shutdown}</shutdown>
verify-debug	Run verbose Verify (skip ITs)	2026-09-27T10:30:59.5504489Z   <skip default-value="false">true</skip>
verify-debug	Run verbose Verify (skip ITs)	2026-09-27T10:30:59.5505385Z   <skipAfterFailureCount default-value="0">${failsafe.skipAfterFailureCount}</skipAfterFailureCount>
verify-debug	Run verbose Verify (skip ITs)	2026-09-27T10:30:59.5506330Z   <skipExec>${maven.test.skip.exec}</skipExec>
verify-debug	Run verbose Verify (skip ITs)	2026-09-27T10:30:59.5506849Z   <skipITs>${skipITs}</skipITs>
verify-debug	Run verbose Verify (skip ITs)	2026-09-27T10:30:59.5507629Z   <stackTraceFilterPrefixes>${surefire.stackTraceFilterPrefixes}</stackTraceFilterPrefixes>
verify-debug	Run verbose Verify (skip ITs)	2026-09-27T10:30:59.5508840Z   <stackTraceMaxFrames default-value="15">${surefire.stackTraceMaxFrames}</stackTraceMaxFrames>
verify-debug	Run verbose Verify (skip ITs)	2026-09-27T10:30:59.5509823Z   <suiteXmlFiles>${failsafe.suiteXmlFiles}</suiteXmlFiles>
verify-debug	Run verbose Verify (skip ITs)	2026-09-27T10:30:59.5511072Z   <summaryFile default-value="${project.build.directory}/failsafe-reports/failsafe-summary.xml"/>
verify-debug	Run verbose Verify (skip ITs)	2026-09-27T10:30:59.5512262Z   <systemPropertiesFile>${failsafe.systemPropertiesFile}</systemPropertiesFile>
verify-debug	Run verbose Verify (skip ITs)	2026-09-27T10:30:59.5513174Z   <tempDir default-value="surefire">${tempDir}</tempDir>
verify-debug	Run verbose Verify (skip ITs)	2026-09-27T10:30:59.5513766Z   <test>${it.test}</test>
verify-debug	Run verbose Verify (skip ITs)	2026-09-27T10:30:59.5514450Z   <testClassesDirectory default-value="${project.build.testOutputDirectory}"/>
verify-debug	Run verbose Verify (skip ITs)	2026-09-27T10:30:59.5515848Z   <testNGArtifactName default-value="org.testng:testng">${testNGArtifactName}</testNGArtifactName>
verify-debug	Run verbose Verify (skip ITs)	2026-09-27T10:30:59.5516994Z   <testSourceDirectory default-value="${project.build.testSourceDirectory}"/>
verify-debug	Run verbose Verify (skip ITs)	2026-09-27T10:30:59.5517763Z   <threadCount>${threadCount}</threadCount>
verify-debug	Run verbose Verify (skip ITs)	2026-09-27T10:30:59.5518568Z   <threadCountClasses default-value="0">${threadCountClasses}</threadCountClasses>
verify-debug	Run verbose Verify (skip ITs)	2026-09-27T10:30:59.5519622Z   <threadCountMethods default-value="0">${threadCountMethods}</threadCountMethods>
verify-debug	Run verbose Verify (skip ITs)	2026-09-27T10:30:59.5520940Z   <threadCountSuites default-value="0">${threadCountSuites}</threadCountSuites>
verify-debug	Run verbose Verify (skip ITs)	2026-09-27T10:30:59.5521968Z   <trimStackTrace default-value="false">${trimStackTrace}</trimStackTrace>
verify-debug	Run verbose Verify (skip ITs)	2026-09-27T10:30:59.5522851Z   <useFile default-value="true">${failsafe.useFile}</useFile>
verify-debug	Run verbose Verify (skip ITs)	2026-09-27T10:30:59.5523908Z   <useManifestOnlyJar default-value="true">${failsafe.useManifestOnlyJar}</useManifestOnlyJar>
verify-debug	Run verbose Verify (skip ITs)	2026-09-27T10:30:59.5525076Z   <useModulePath default-value="true">${failsafe.useModulePath}</useModulePath>
verify-debug	Run verbose Verify (skip ITs)	2026-09-27T10:30:59.5526269Z   <useSystemClassLoader default-value="true">${failsafe.useSystemClassLoader}</useSystemClassLoader>
verify-debug	Run verbose Verify (skip ITs)	2026-09-27T10:30:59.5527546Z   <useUnlimitedThreads default-value="false">${useUnlimitedThreads}</useUnlimitedThreads>
verify-debug	Run verbose Verify (skip ITs)	2026-09-27T10:30:59.5528468Z   <workingDirectory>${basedir}</workingDirectory>
verify-debug	Run verbose Verify (skip ITs)	2026-09-27T10:30:59.5529015Z </configuration>
verify-debug	Run verbose Verify (skip ITs)	2026-09-27T10:30:59.5529539Z [DEBUG] -----------------------------------------------------------------------
verify-debug	Run verbose Verify (skip ITs)	2026-09-27T10:30:59.5530737Z [DEBUG] Goal:          org.apache.maven.plugins:maven-failsafe-plugin:3.6.0:verify (default)
verify-debug	Run verbose Verify (skip ITs)	2026-09-27T10:30:59.5531628Z [DEBUG] Style:         Regular
verify-debug	Run verbose Verify (skip ITs)	2026-09-27T10:30:59.5532208Z [DEBUG] Configuration: <?xml version="1.0" encoding="UTF-8"?>
verify-debug	Run verbose Verify (skip ITs)	2026-09-27T10:30:59.5532836Z <configuration>
verify-debug	Run verbose Verify (skip ITs)	2026-09-27T10:30:59.5533253Z   <basedir default-value="${basedir}"/>
verify-debug	Run verbose Verify (skip ITs)	2026-09-27T10:30:59.5533949Z   <failIfNoTests default-value="false">${failIfNoTests}</failIfNoTests>
verify-debug	Run verbose Verify (skip ITs)	2026-09-27T10:30:59.5534932Z   <failOnFlakeCount default-value="0">${failsafe.failOnFlakeCount}</failOnFlakeCount>
verify-debug	Run verbose Verify (skip ITs)	2026-09-27T10:30:59.5536004Z   <reportsDirectory default-value="${project.build.directory}/failsafe-reports"/>
verify-debug	Run verbose Verify (skip ITs)	2026-09-27T10:30:59.5536814Z   <session default-value="${session}"/>
verify-debug	Run verbose Verify (skip ITs)	2026-09-27T10:30:59.5537331Z   <skip default-value="false">true</skip>
verify-debug	Run verbose Verify (skip ITs)	2026-09-27T10:30:59.5537911Z   <skipExec>${maven.test.skip.exec}</skipExec>
verify-debug	Run verbose Verify (skip ITs)	2026-09-27T10:30:59.5538468Z   <skipITs>${skipITs}</skipITs>
verify-debug	Run verbose Verify (skip ITs)	2026-09-27T10:30:59.5539299Z   <summaryFile default-value="${project.build.directory}/failsafe-reports/failsafe-summary.xml"/>
verify-debug	Run verbose Verify (skip ITs)	2026-09-27T10:30:59.5540686Z   <testClassesDirectory default-value="${project.build.testOutputDirectory}"/>
verify-debug	Run verbose Verify (skip ITs)	2026-09-27T10:30:59.5541836Z   <testFailureIgnore default-value="false">${maven.test.failure.ignore}</testFailureIgnore>
verify-debug	Run verbose Verify (skip ITs)	2026-09-27T10:30:59.5542953Z </configuration>
verify-debug	Run verbose Verify (skip ITs)	2026-09-27T10:30:59.5543499Z [DEBUG] -----------------------------------------------------------------------
verify-debug	Run verbose Verify (skip ITs)	2026-09-27T10:30:59.5544535Z [DEBUG] Goal:          org.apache.maven.plugins:maven-failsafe-plugin:3.6.0:verify (integration-tests)
verify-debug	Run verbose Verify (skip ITs)	2026-09-27T10:30:59.5545399Z [DEBUG] Style:         Regular
verify-debug	Run verbose Verify (skip ITs)	2026-09-27T10:30:59.5545969Z [DEBUG] Configuration: <?xml version="1.0" encoding="UTF-8"?>
verify-debug	Run verbose Verify (skip ITs)	2026-09-27T10:30:59.5546585Z <configuration>
verify-debug	Run verbose Verify (skip ITs)	2026-09-27T10:30:59.5546984Z   <basedir default-value="${basedir}"/>
verify-debug	Run verbose Verify (skip ITs)	2026-09-27T10:30:59.5547675Z   <failIfNoTests default-value="false">${failIfNoTests}</failIfNoTests>
verify-debug	Run verbose Verify (skip ITs)	2026-09-27T10:30:59.5548669Z   <failOnFlakeCount default-value="0">${failsafe.failOnFlakeCount}</failOnFlakeCount>
verify-debug	Run verbose Verify (skip ITs)	2026-09-27T10:30:59.5549740Z   <reportsDirectory default-value="${project.build.directory}/failsafe-reports"/>
verify-debug	Run verbose Verify (skip ITs)	2026-09-27T10:30:59.5550810Z   <session default-value="${session}"/>
verify-debug	Run verbose Verify (skip ITs)	2026-09-27T10:30:59.5551371Z   <skip default-value="false">true</skip>
verify-debug	Run verbose Verify (skip ITs)	2026-09-27T10:30:59.5551942Z   <skipExec>${maven.test.skip.exec}</skipExec>
verify-debug	Run verbose Verify (skip ITs)	2026-09-27T10:30:59.5552499Z   <skipITs>${skipITs}</skipITs>
verify-debug	Run verbose Verify (skip ITs)	2026-09-27T10:30:59.5553570Z   <summaryFile default-value="${project.build.directory}/failsafe-reports/failsafe-summary.xml"/>
verify-debug	Run verbose Verify (skip ITs)	2026-09-27T10:30:59.5554722Z   <testClassesDirectory default-value="${project.build.testOutputDirectory}"/>
verify-debug	Run verbose Verify (skip ITs)	2026-09-27T10:30:59.5555841Z   <testFailureIgnore default-value="false">${maven.test.failure.ignore}</testFailureIgnore>
verify-debug	Run verbose Verify (skip ITs)	2026-09-27T10:30:59.5556665Z </configuration>
verify-debug	Run verbose Verify (skip ITs)	2026-09-27T10:30:59.5557143Z [DEBUG] =======================================================================
verify-debug	Run verbose Verify (skip ITs)	2026-09-27T10:30:59.9159564Z [DEBUG] Using mirror maven-default-http-blocker (http://0.0.0.0/) for vaadin-snapshots (http://oss.sonatype.org/content/repositories/vaadin-snapshots/).
verify-debug	Run verbose Verify (skip ITs)	2026-09-27T10:30:59.9164144Z [DEBUG] Using mirror maven-default-http-blocker (http://0.0.0.0/) for vaadin-releases (http://oss.sonatype.org/content/repositories/vaadin-releases/).
verify-debug	Run verbose Verify (skip ITs)	2026-09-27T10:30:59.9679373Z [DEBUG] Dependency collection stats {ConflictMarker.analyzeTime=1656620, ConflictMarker.markTime=689780, ConflictMarker.nodeCount=361, ConflictIdSorter.graphTime=790138, ConflictIdSorter.topsortTime=380061, ConflictIdSorter.conflictIdCount=148, ConflictIdSorter.conflictIdCycleCount=0, ConflictResolver.totalTime=17507841, ConflictResolver.conflictItemCount=300, DfDependencyCollector.collectTime=417007177, DfDependencyCollector.transformTime=22761108}
verify-debug	Run verbose Verify (skip ITs)	2026-09-27T10:30:59.9694930Z [DEBUG] com.example:spring-postgres-boilerplate:jar:0.1.0-SNAPSHOT
verify-debug	Run verbose Verify (skip ITs)	2026-09-27T10:30:59.9696103Z [DEBUG]    org.springframework.boot:spring-boot-starter-web:jar:3.5.5:compile
verify-debug	Run verbose Verify (skip ITs)	2026-09-27T10:30:59.9697524Z [DEBUG]       org.springframework.boot:spring-boot-starter:jar:3.5.5:compile (version managed from 3.5.5)
verify-debug	Run verbose Verify (skip ITs)	2026-09-27T10:30:59.9699256Z [DEBUG]          org.springframework.boot:spring-boot-starter-logging:jar:3.5.5:compile (version managed from 3.5.5)
verify-debug	Run verbose Verify (skip ITs)	2026-09-27T10:30:59.9701201Z [DEBUG]             ch.qos.logback:logback-classic:jar:1.5.18:compile (version managed from 1.5.18)
verify-debug	Run verbose Verify (skip ITs)	2026-09-27T10:30:59.9702621Z [DEBUG]                ch.qos.logback:logback-core:jar:1.5.18:compile (version managed from 1.5.18)
verify-debug	Run verbose Verify (skip ITs)	2026-09-27T10:30:59.9724063Z [DEBUG]             org.apache.logging.log4j:log4j-to-slf4j:jar:2.24.3:compile (version managed from 2.24.3)
verify-debug	Run verbose Verify (skip ITs)	2026-09-27T10:30:59.9727859Z [DEBUG]                org.apache.logging.log4j:log4j-api:jar:2.24.3:compile (version managed from 2.24.3)
verify-debug	Run verbose Verify (skip ITs)	2026-09-27T10:30:59.9729205Z [DEBUG]             org.slf4j:jul-to-slf4j:jar:2.0.17:compile (version managed from 2.0.17)
verify-debug	Run verbose Verify (skip ITs)	2026-09-27T10:30:59.9730891Z [DEBUG]          jakarta.annotation:jakarta.annotation-api:jar:2.1.1:compile (version managed from 2.1.1)
verify-debug	Run verbose Verify (skip ITs)	2026-09-27T10:30:59.9732354Z [DEBUG]          org.yaml:snakeyaml:jar:2.4:compile (version managed from 2.4)
verify-debug	Run verbose Verify (skip ITs)	2026-09-27T10:30:59.9733801Z [DEBUG]       org.springframework.boot:spring-boot-starter-json:jar:3.5.5:compile (version managed from 3.5.5)
verify-debug	Run verbose Verify (skip ITs)	2026-09-27T10:30:59.9736284Z [DEBUG]          com.fasterxml.jackson.datatype:jackson-datatype-jdk8:jar:2.19.2:compile (version managed from 2.19.2)
verify-debug	Run verbose Verify (skip ITs)	2026-09-27T10:30:59.9738128Z [DEBUG]          com.fasterxml.jackson.module:jackson-module-parameter-names:jar:2.19.2:compile (version managed from 2.19.2)
verify-debug	Run verbose Verify (skip ITs)	2026-09-27T10:30:59.9739881Z [DEBUG]       org.springframework.boot:spring-boot-starter-tomcat:jar:3.5.5:compile (version managed from 3.5.5)
verify-debug	Run verbose Verify (skip ITs)	2026-09-27T10:30:59.9741705Z [DEBUG]          org.apache.tomcat.embed:tomcat-embed-core:jar:10.1.44:compile (version managed from 10.1.44)
verify-debug	Run verbose Verify (skip ITs)	2026-09-27T10:30:59.9745988Z [DEBUG]          org.apache.tomcat.embed:tomcat-embed-websocket:jar:10.1.44:compile (version managed from 10.1.44)
verify-debug	Run verbose Verify (skip ITs)	2026-09-27T10:30:59.9747798Z [DEBUG]       org.springframework:spring-web:jar:6.2.10:compile (version managed from 6.2.10)
verify-debug	Run verbose Verify (skip ITs)	2026-09-27T10:30:59.9749354Z [DEBUG]          org.springframework:spring-beans:jar:6.2.10:compile (version managed from 6.2.10)
verify-debug	Run verbose Verify (skip ITs)	2026-09-27T10:30:59.9761544Z [DEBUG]       org.springframework:spring-webmvc:jar:6.2.10:compile (version managed from 6.2.10)
verify-debug	Run verbose Verify (skip ITs)	2026-09-27T10:30:59.9762974Z [DEBUG]          org.springframework:spring-context:jar:6.2.10:compile (version managed from 6.2.10)
verify-debug	Run verbose Verify (skip ITs)	2026-09-27T10:30:59.9764602Z [DEBUG]          org.springframework:spring-expression:jar:6.2.10:compile (version managed from 6.2.10)
verify-debug	Run verbose Verify (skip ITs)	2026-09-27T10:30:59.9821192Z [DEBUG]    org.springframework.boot:spring-boot-starter-data-jpa:jar:3.5.5:compile
verify-debug	Run verbose Verify (skip ITs)	2026-09-27T10:30:59.9851586Z [DEBUG]       org.springframework.boot:spring-boot-starter-jdbc:jar:3.5.5:compile (version managed from 3.5.5)
verify-debug	Run verbose Verify (skip ITs)	2026-09-27T10:30:59.9881569Z [DEBUG]          com.zaxxer:HikariCP:jar:6.3.2:compile (version managed from 6.3.2)
verify-debug	Run verbose Verify (skip ITs)	2026-09-27T10:30:59.9931261Z [DEBUG]          org.springframework:spring-jdbc:jar:6.2.10:compile (version managed from 6.2.10)
verify-debug	Run verbose Verify (skip ITs)	2026-09-27T10:30:59.9949858Z [DEBUG]       org.hibernate.orm:hibernate-core:jar:6.6.26.Final:compile (version managed from 6.6.26.Final)
verify-debug	Run verbose Verify (skip ITs)	2026-09-27T10:30:59.9961748Z [DEBUG]          jakarta.persistence:jakarta.persistence-api:jar:3.1.0:compile (version managed from 3.1.0)
verify-debug	Run verbose Verify (skip ITs)	2026-09-27T10:30:59.9963312Z [DEBUG]          jakarta.transaction:jakarta.transaction-api:jar:2.0.1:compile (version managed from 2.0.1)
verify-debug	Run verbose Verify (skip ITs)	2026-09-27T10:30:59.9964814Z [DEBUG]          org.jboss.logging:jboss-logging:jar:3.6.1.Final:compile (version managed from 3.5.0.Final)
verify-debug	Run verbose Verify (skip ITs)	2026-09-27T10:30:59.9966173Z [DEBUG]          org.hibernate.common:hibernate-commons-annotations:jar:7.0.3.Final:runtime
verify-debug	Run verbose Verify (skip ITs)	2026-09-27T10:30:59.9967213Z [DEBUG]          io.smallrye:jandex:jar:3.2.0:runtime
verify-debug	Run verbose Verify (skip ITs)	2026-09-27T10:30:59.9968192Z [DEBUG]          com.fasterxml:classmate:jar:1.7.0:compile (version managed from 1.5.1)
verify-debug	Run verbose Verify (skip ITs)	2026-09-27T10:30:59.9969394Z [DEBUG]          net.bytebuddy:byte-buddy:jar:1.17.7:runtime (version managed from 1.15.11)
verify-debug	Run verbose Verify (skip ITs)	2026-09-27T10:30:59.9970946Z [DEBUG]          org.glassfish.jaxb:jaxb-runtime:jar:4.0.5:runtime (version managed from 4.0.2)
verify-debug	Run verbose Verify (skip ITs)	2026-09-27T10:30:59.9972236Z [DEBUG]             org.glassfish.jaxb:jaxb-core:jar:4.0.5:runtime (version managed from 4.0.5)
verify-debug	Run verbose Verify (skip ITs)	2026-09-27T10:30:59.9973574Z [DEBUG]                org.eclipse.angus:angus-activation:jar:2.0.2:runtime (version managed from 2.0.2)
verify-debug	Run verbose Verify (skip ITs)	2026-09-27T10:30:59.9974892Z [DEBUG]                org.glassfish.jaxb:txw2:jar:4.0.5:runtime (version managed from 4.0.5)
verify-debug	Run verbose Verify (skip ITs)	2026-09-27T10:30:59.9976270Z [DEBUG]                com.sun.istack:istack-commons-runtime:jar:4.1.2:runtime (version managed from 4.1.2)
verify-debug	Run verbose Verify (skip ITs)	2026-09-27T10:30:59.9977663Z [DEBUG]          jakarta.inject:jakarta.inject-api:jar:2.0.1:runtime (version managed from 2.0.1)
verify-debug	Run verbose Verify (skip ITs)	2026-09-27T10:30:59.9978813Z [DEBUG]          org.antlr:antlr4-runtime:jar:4.13.0:compile
verify-debug	Run verbose Verify (skip ITs)	2026-09-27T10:30:59.9979971Z [DEBUG]       org.springframework.data:spring-data-jpa:jar:3.5.3:compile (version managed from 3.5.3)
verify-debug	Run verbose Verify (skip ITs)	2026-09-27T10:30:59.9981708Z [DEBUG]          org.springframework.data:spring-data-commons:jar:3.5.3:compile (version managed from 3.5.3)
verify-debug	Run verbose Verify (skip ITs)	2026-09-27T10:30:59.9983167Z [DEBUG]          org.springframework:spring-orm:jar:6.2.10:compile (version managed from 6.2.10)
verify-debug	Run verbose Verify (skip ITs)	2026-09-27T10:30:59.9984854Z [DEBUG]          org.springframework:spring-tx:jar:6.2.10:compile (version managed from 6.2.10)
verify-debug	Run verbose Verify (skip ITs)	2026-09-27T10:30:59.9986092Z [DEBUG]          org.slf4j:slf4j-api:jar:2.0.17:compile (version managed from 2.0.2)
verify-debug	Run verbose Verify (skip ITs)	2026-09-27T10:30:59.9987450Z [DEBUG]       org.springframework:spring-aspects:jar:6.2.10:compile (version managed from 6.2.10)
verify-debug	Run verbose Verify (skip ITs)	2026-09-27T10:30:59.9988800Z [DEBUG]    org.springframework.boot:spring-boot-starter-validation:jar:3.5.5:compile
verify-debug	Run verbose Verify (skip ITs)	2026-09-27T10:30:59.9990171Z [DEBUG]       org.apache.tomcat.embed:tomcat-embed-el:jar:10.1.44:compile (version managed from 10.1.44)
verify-debug	Run verbose Verify (skip ITs)	2026-09-27T10:30:59.9991981Z [DEBUG]       org.hibernate.validator:hibernate-validator:jar:8.0.3.Final:compile (version managed from 8.0.3.Final)
verify-debug	Run verbose Verify (skip ITs)	2026-09-27T10:30:59.9993558Z [DEBUG]          jakarta.validation:jakarta.validation-api:jar:3.0.2:compile (version managed from 3.0.2)
verify-debug	Run verbose Verify (skip ITs)	2026-09-27T10:30:59.9994902Z [DEBUG]    org.springframework.boot:spring-boot-starter-security:jar:3.5.5:compile
verify-debug	Run verbose Verify (skip ITs)	2026-09-27T10:30:59.9996141Z [DEBUG]       org.springframework:spring-aop:jar:6.2.10:compile (version managed from 6.2.10)
verify-debug	Run verbose Verify (skip ITs)	2026-09-27T10:30:59.9997641Z [DEBUG]       org.springframework.security:spring-security-config:jar:6.5.3:compile (version managed from 6.5.3)
verify-debug	Run verbose Verify (skip ITs)	2026-09-27T10:30:59.9999459Z [DEBUG]       org.springframework.security:spring-security-web:jar:6.5.3:compile (version managed from 6.5.3)
verify-debug	Run verbose Verify (skip ITs)	2026-09-27T10:31:00.0001041Z [DEBUG]    org.springframework.boot:spring-boot-starter-actuator:jar:3.5.5:compile
verify-debug	Run verbose Verify (skip ITs)	2026-09-27T10:31:00.0002502Z [DEBUG]       org.springframework.boot:spring-boot-actuator-autoconfigure:jar:3.5.5:compile (version managed from 3.5.5)
verify-debug	Run verbose Verify (skip ITs)	2026-09-27T10:31:00.0004127Z [DEBUG]          org.springframework.boot:spring-boot-actuator:jar:3.5.5:compile (version managed from 3.5.5)
verify-debug	Run verbose Verify (skip ITs)	2026-09-27T10:31:00.0005580Z [DEBUG]       io.micrometer:micrometer-observation:jar:1.15.3:compile (version managed from 1.15.3)
verify-debug	Run verbose Verify (skip ITs)	2026-09-27T10:31:00.0006943Z [DEBUG]          io.micrometer:micrometer-commons:jar:1.15.3:compile (version managed from 1.15.3)
verify-debug	Run verbose Verify (skip ITs)	2026-09-27T10:31:00.0008293Z [DEBUG]       io.micrometer:micrometer-jakarta9:jar:1.15.3:compile (version managed from 1.15.3)
verify-debug	Run verbose Verify (skip ITs)	2026-09-27T10:31:00.0009478Z [DEBUG]    org.springframework.boot:spring-boot-starter-aop:jar:3.5.5:compile
verify-debug	Run verbose Verify (skip ITs)	2026-09-27T10:31:00.0010950Z [DEBUG]       org.aspectj:aspectjweaver:jar:1.9.24:compile (version managed from 1.9.24)
verify-debug	Run verbose Verify (skip ITs)	2026-09-27T10:31:00.0012009Z [DEBUG]    org.postgresql:postgresql:jar:42.7.7:runtime
verify-debug	Run verbose Verify (skip ITs)	2026-09-27T10:31:00.0012930Z [DEBUG]       org.checkerframework:checker-qual:jar:3.49.3:runtime
verify-debug	Run verbose Verify (skip ITs)	2026-09-27T10:31:00.0013832Z [DEBUG]    org.flywaydb:flyway-core:jar:11.7.2:compile
verify-debug	Run verbose Verify (skip ITs)	2026-09-27T10:31:00.0015076Z [DEBUG]       com.fasterxml.jackson.dataformat:jackson-dataformat-toml:jar:2.19.2:compile (version managed from 2.15.2)
verify-debug	Run verbose Verify (skip ITs)	2026-09-27T10:31:00.0041434Z [DEBUG]          com.fasterxml.jackson.core:jackson-core:jar:2.19.2:compile (version managed from 2.19.2)
verify-debug	Run verbose Verify (skip ITs)	2026-09-27T10:31:00.0056797Z [DEBUG]       com.fasterxml.jackson.datatype:jackson-datatype-jsr310:jar:2.19.2:compile (version managed from 2.15.2)
verify-debug	Run verbose Verify (skip ITs)	2026-09-27T10:31:00.0058463Z [DEBUG]          com.fasterxml.jackson.core:jackson-annotations:jar:2.19.2:compile (version managed from 2.19.2)
verify-debug	Run verbose Verify (skip ITs)	2026-09-27T10:31:00.0060611Z [DEBUG]    org.mapstruct:mapstruct:jar:1.6.3:compile
verify-debug	Run verbose Verify (skip ITs)	2026-09-27T10:31:00.0061458Z [DEBUG]    io.jsonwebtoken:jjwt-api:jar:0.11.5:compile
verify-debug	Run verbose Verify (skip ITs)	2026-09-27T10:31:00.0062283Z [DEBUG]    io.jsonwebtoken:jjwt-impl:jar:0.11.5:runtime
verify-debug	Run verbose Verify (skip ITs)	2026-09-27T10:31:00.0063126Z [DEBUG]    io.jsonwebtoken:jjwt-jackson:jar:0.11.5:runtime
verify-debug	Run verbose Verify (skip ITs)	2026-09-27T10:31:00.0064297Z [DEBUG]       com.fasterxml.jackson.core:jackson-databind:jar:2.19.2:compile (version managed from 2.12.6.1)
verify-debug	Run verbose Verify (skip ITs)	2026-09-27T10:31:00.0065638Z [DEBUG]    net.logstash.logback:logstash-logback-encoder:jar:9.0:compile
verify-debug	Run verbose Verify (skip ITs)	2026-09-27T10:31:00.0066672Z [DEBUG]       tools.jackson.core:jackson-databind:jar:3.0.1:compile
verify-debug	Run verbose Verify (skip ITs)	2026-09-27T10:31:00.0067615Z [DEBUG]          tools.jackson.core:jackson-core:jar:3.0.1:compile
verify-debug	Run verbose Verify (skip ITs)	2026-09-27T10:31:00.0068623Z [DEBUG]    org.springdoc:springdoc-openapi-starter-webmvc-ui:jar:2.8.13:compile
verify-debug	Run verbose Verify (skip ITs)	2026-09-27T10:31:00.0070106Z [DEBUG]       org.springdoc:springdoc-openapi-starter-webmvc-api:jar:2.8.13:compile
verify-debug	Run verbose Verify (skip ITs)	2026-09-27T10:31:00.0071504Z [DEBUG]          org.springdoc:springdoc-openapi-starter-common:jar:2.8.13:compile
verify-debug	Run verbose Verify (skip ITs)	2026-09-27T10:31:00.0072609Z [DEBUG]             io.swagger.core.v3:swagger-core-jakarta:jar:2.2.36:compile
verify-debug	Run verbose Verify (skip ITs)	2026-09-27T10:31:00.0081356Z [DEBUG]                org.apache.commons:commons-lang3:jar:3.17.0:compile (version managed from 3.18.0)
verify-debug	Run verbose Verify (skip ITs)	2026-09-27T10:31:00.0082733Z [DEBUG]                io.swagger.core.v3:swagger-annotations-jakarta:jar:2.2.36:compile
verify-debug	Run verbose Verify (skip ITs)	2026-09-27T10:31:00.0083881Z [DEBUG]                io.swagger.core.v3:swagger-models-jakarta:jar:2.2.36:compile
verify-debug	Run verbose Verify (skip ITs)	2026-09-27T10:31:00.0085287Z [DEBUG]                com.fasterxml.jackson.dataformat:jackson-dataformat-yaml:jar:2.19.2:compile (version managed from 2.19.2)
verify-debug	Run verbose Verify (skip ITs)	2026-09-27T10:31:00.0086592Z [DEBUG]       org.webjars:swagger-ui:jar:5.28.1:compile
verify-debug	Run verbose Verify (skip ITs)	2026-09-27T10:31:00.0087747Z [DEBUG]       org.webjars:webjars-locator-lite:jar:1.1.0:compile (version managed from 1.1.0)
verify-debug	Run verbose Verify (skip ITs)	2026-09-27T10:31:00.0091585Z [DEBUG]          org.jspecify:jspecify:jar:1.0.0:compile (version managed from 1.0.0)
verify-debug	Run verbose Verify (skip ITs)	2026-09-27T10:31:00.0093094Z [DEBUG]    io.micrometer:micrometer-registry-prometheus:jar:1.15.3:compile
verify-debug	Run verbose Verify (skip ITs)	2026-09-27T10:31:00.0094301Z [DEBUG]       io.micrometer:micrometer-core:jar:1.15.3:compile (version managed from 1.15.3)
verify-debug	Run verbose Verify (skip ITs)	2026-09-27T10:31:00.0095381Z [DEBUG]          org.hdrhistogram:HdrHistogram:jar:2.2.2:runtime
verify-debug	Run verbose Verify (skip ITs)	2026-09-27T10:31:00.0096265Z [DEBUG]          org.latencyutils:LatencyUtils:jar:2.0.3:runtime
verify-debug	Run verbose Verify (skip ITs)	2026-09-27T10:31:00.0097395Z [DEBUG]       io.prometheus:prometheus-metrics-core:jar:1.3.10:compile (version managed from 1.3.10)
verify-debug	Run verbose Verify (skip ITs)	2026-09-27T10:31:00.0098825Z [DEBUG]          io.prometheus:prometheus-metrics-model:jar:1.3.10:compile (version managed from 1.3.10)
verify-debug	Run verbose Verify (skip ITs)	2026-09-27T10:31:00.0100470Z [DEBUG]          io.prometheus:prometheus-metrics-config:jar:1.3.10:compile (version managed from 1.3.10)
verify-debug	Run verbose Verify (skip ITs)	2026-09-27T10:31:00.0101983Z [DEBUG]       io.prometheus:prometheus-metrics-tracer-common:jar:1.3.10:compile (version managed from 1.3.10)
verify-debug	Run verbose Verify (skip ITs)	2026-09-27T10:31:00.0103566Z [DEBUG]       io.prometheus:prometheus-metrics-exposition-formats:jar:1.3.10:runtime (version managed from 1.3.10)
verify-debug	Run verbose Verify (skip ITs)	2026-09-27T10:31:00.0105251Z [DEBUG]          io.prometheus:prometheus-metrics-exposition-textformats:jar:1.3.10:runtime (version managed from 1.3.10)
verify-debug	Run verbose Verify (skip ITs)	2026-09-27T10:31:00.0106748Z [DEBUG]    org.springframework.boot:spring-boot-devtools:jar:3.5.5:runtime (optional)
verify-debug	Run verbose Verify (skip ITs)	2026-09-27T10:31:00.0108026Z [DEBUG]       org.springframework.boot:spring-boot:jar:3.5.5:compile (version managed from 3.5.5)
verify-debug	Run verbose Verify (skip ITs)	2026-09-27T10:31:00.0109573Z [DEBUG]       org.springframework.boot:spring-boot-autoconfigure:jar:3.5.5:compile (version managed from 3.5.5)
verify-debug	Run verbose Verify (skip ITs)	2026-09-27T10:31:00.0111164Z [DEBUG]    org.springframework.boot:spring-boot-starter-test:jar:3.5.5:test
verify-debug	Run verbose Verify (skip ITs)	2026-09-27T10:31:00.0112416Z [DEBUG]       org.springframework.boot:spring-boot-test:jar:3.5.5:test (version managed from 3.5.5)
verify-debug	Run verbose Verify (skip ITs)	2026-09-27T10:31:00.0113915Z [DEBUG]       org.springframework.boot:spring-boot-test-autoconfigure:jar:3.5.5:test (version managed from 3.5.5)
verify-debug	Run verbose Verify (skip ITs)	2026-09-27T10:31:00.0116236Z [DEBUG]       com.jayway.jsonpath:json-path:jar:2.9.0:test (version managed from 2.9.0)
verify-debug	Run verbose Verify (skip ITs)	2026-09-27T10:31:00.0117553Z [DEBUG]       jakarta.xml.bind:jakarta.xml.bind-api:jar:4.0.2:compile (version managed from 4.0.2)
verify-debug	Run verbose Verify (skip ITs)	2026-09-27T10:31:00.0118967Z [DEBUG]          jakarta.activation:jakarta.activation-api:jar:2.1.3:compile (version managed from 2.1.3)
verify-debug	Run verbose Verify (skip ITs)	2026-09-27T10:31:00.0120611Z [DEBUG]       net.minidev:json-smart:jar:2.5.2:test (version managed from 2.5.2)
verify-debug	Run verbose Verify (skip ITs)	2026-09-27T10:31:00.0121620Z [DEBUG]          net.minidev:accessors-smart:jar:2.5.2:test
verify-debug	Run verbose Verify (skip ITs)	2026-09-27T10:31:00.0122443Z [DEBUG]             org.ow2.asm:asm:jar:9.7.1:test
verify-debug	Run verbose Verify (skip ITs)	2026-09-27T10:31:00.0123365Z [DEBUG]       org.assertj:assertj-core:jar:3.27.4:test (version managed from 3.27.4)
verify-debug	Run verbose Verify (skip ITs)	2026-09-27T10:31:00.0124613Z [DEBUG]       org.awaitility:awaitility:jar:4.2.2:test (version managed from 4.2.2)
verify-debug	Run verbose Verify (skip ITs)	2026-09-27T10:31:00.0125994Z [DEBUG]       org.hamcrest:hamcrest:jar:3.0:test (version managed from 3.0)
verify-debug	Run verbose Verify (skip ITs)	2026-09-27T10:31:00.0127147Z [DEBUG]       org.junit.jupiter:junit-jupiter:jar:5.12.2:test (version managed from 5.12.2)
verify-debug	Run verbose Verify (skip ITs)	2026-09-27T10:31:00.0128444Z [DEBUG]          org.junit.jupiter:junit-jupiter-api:jar:5.12.2:test (version managed from 5.12.2)
verify-debug	Run verbose Verify (skip ITs)	2026-09-27T10:31:00.0129537Z [DEBUG]             org.opentest4j:opentest4j:jar:1.3.0:test
verify-debug	Run verbose Verify (skip ITs)	2026-09-27T10:31:00.0130945Z [DEBUG]             org.junit.platform:junit-platform-commons:jar:1.12.2:test (version managed from 1.12.2)
verify-debug	Run verbose Verify (skip ITs)	2026-09-27T10:31:00.0132240Z [DEBUG]             org.apiguardian:apiguardian-api:jar:1.1.2:test
verify-debug	Run verbose Verify (skip ITs)	2026-09-27T10:31:00.0133384Z [DEBUG]          org.junit.jupiter:junit-jupiter-params:jar:5.12.2:test (version managed from 5.12.2)
verify-debug	Run verbose Verify (skip ITs)	2026-09-27T10:31:00.0134758Z [DEBUG]          org.junit.jupiter:junit-jupiter-engine:jar:5.12.2:test (version managed from 5.12.2)
verify-debug	Run verbose Verify (skip ITs)	2026-09-27T10:31:00.0136149Z [DEBUG]             org.junit.platform:junit-platform-engine:jar:1.12.2:test (version managed from 1.12.2)
verify-debug	Run verbose Verify (skip ITs)	2026-09-27T10:31:00.0137454Z [DEBUG]       org.mockito:mockito-core:jar:5.17.0:test (version managed from 5.17.0)
verify-debug	Run verbose Verify (skip ITs)	2026-09-27T10:31:00.0138897Z [DEBUG]          net.bytebuddy:byte-buddy-agent:jar:1.17.7:test (version managed from 1.15.11)
verify-debug	Run verbose Verify (skip ITs)	2026-09-27T10:31:00.0139944Z [DEBUG]          org.objenesis:objenesis:jar:3.3:test
verify-debug	Run verbose Verify (skip ITs)	2026-09-27T10:31:00.0141198Z [DEBUG]       org.mockito:mockito-junit-jupiter:jar:5.17.0:test (version managed from 5.17.0)
verify-debug	Run verbose Verify (skip ITs)	2026-09-27T10:31:00.0142430Z [DEBUG]       org.skyscreamer:jsonassert:jar:1.5.3:test (version managed from 1.5.3)
verify-debug	Run verbose Verify (skip ITs)	2026-09-27T10:31:00.0143584Z [DEBUG]          com.vaadin.external.google:android-json:jar:0.0.20131108.vaadin1:test
verify-debug	Run verbose Verify (skip ITs)	2026-09-27T10:31:00.0144791Z [DEBUG]       org.springframework:spring-core:jar:6.2.10:compile (version managed from 6.2.10)
verify-debug	Run verbose Verify (skip ITs)	2026-09-27T10:31:00.0146068Z [DEBUG]          org.springframework:spring-jcl:jar:6.2.10:compile (version managed from 6.2.10)
verify-debug	Run verbose Verify (skip ITs)	2026-09-27T10:31:00.0147338Z [DEBUG]       org.springframework:spring-test:jar:6.2.10:test (version managed from 6.2.10)
verify-debug	Run verbose Verify (skip ITs)	2026-09-27T10:31:00.0148560Z [DEBUG]       org.xmlunit:xmlunit-core:jar:2.10.3:test (version managed from 2.10.3)
verify-debug	Run verbose Verify (skip ITs)	2026-09-27T10:31:00.0156833Z [DEBUG]    org.springframework.security:spring-security-test:jar:6.5.3:test
verify-debug	Run verbose Verify (skip ITs)	2026-09-27T10:31:00.0158236Z [DEBUG]       org.springframework.security:spring-security-core:jar:6.5.3:compile (version managed from 6.5.3)
verify-debug	Run verbose Verify (skip ITs)	2026-09-27T10:31:00.0161936Z [DEBUG]          org.springframework.security:spring-security-crypto:jar:6.5.3:compile (version managed from 6.5.3)
verify-debug	Run verbose Verify (skip ITs)	2026-09-27T10:31:00.0163222Z [DEBUG]    org.testcontainers:junit-jupiter:jar:1.21.3:test
verify-debug	Run verbose Verify (skip ITs)	2026-09-27T10:31:00.0164300Z [DEBUG]       org.testcontainers:testcontainers:jar:1.21.3:test (version managed from 1.21.3)
verify-debug	Run verbose Verify (skip ITs)	2026-09-27T10:31:00.0165448Z [DEBUG]          junit:junit:jar:4.13.2:test (version managed from 4.13.2)
verify-debug	Run verbose Verify (skip ITs)	2026-09-27T10:31:00.0166509Z [DEBUG]             org.hamcrest:hamcrest-core:jar:3.0:test (version managed from 1.3)
verify-debug	Run verbose Verify (skip ITs)	2026-09-27T10:31:00.0167578Z [DEBUG]          org.apache.commons:commons-compress:jar:1.24.0:test
verify-debug	Run verbose Verify (skip ITs)	2026-09-27T10:31:00.0168498Z [DEBUG]          org.rnorth.duct-tape:duct-tape:jar:1.0.8:test
verify-debug	Run verbose Verify (skip ITs)	2026-09-27T10:31:00.0176404Z [DEBUG]             org.jetbrains:annotations:jar:17.0.0:test
verify-debug	Run verbose Verify (skip ITs)	2026-09-27T10:31:00.0177352Z [DEBUG]          com.github.docker-java:docker-java-api:jar:3.4.2:test
verify-debug	Run verbose Verify (skip ITs)	2026-09-27T10:31:00.0178443Z [DEBUG]          com.github.docker-java:docker-java-transport-zerodep:jar:3.4.2:test
verify-debug	Run verbose Verify (skip ITs)	2026-09-27T10:31:00.0179563Z [DEBUG]             com.github.docker-java:docker-java-transport:jar:3.4.2:test
verify-debug	Run verbose Verify (skip ITs)	2026-09-27T10:31:00.0180800Z [DEBUG]             net.java.dev.jna:jna:jar:5.13.0:test
verify-debug	Run verbose Verify (skip ITs)	2026-09-27T10:31:00.0181643Z [DEBUG]    org.testcontainers:postgresql:jar:1.21.3:test
verify-debug	Run verbose Verify (skip ITs)	2026-09-27T10:31:00.0182612Z [DEBUG]       org.testcontainers:jdbc:jar:1.21.3:test (version managed from 1.21.3)
verify-debug	Run verbose Verify (skip ITs)	2026-09-27T10:31:00.0183917Z [DEBUG]          org.testcontainers:database-commons:jar:1.21.3:test (version managed from 1.21.3)
verify-debug	Run verbose Verify (skip ITs)	2026-09-27T10:31:00.0185153Z [INFO] 
verify-debug	Run verbose Verify (skip ITs)	2026-09-27T10:31:00.0185889Z [INFO] --- clean:3.4.1:clean (default-clean) @ spring-postgres-boilerplate ---
verify-debug	Run verbose Verify (skip ITs)	2026-09-27T10:31:00.0192588Z [DEBUG] Dependency collection stats {ConflictMarker.analyzeTime=131786, ConflictMarker.markTime=105357, ConflictMarker.nodeCount=2, ConflictIdSorter.graphTime=100578, ConflictIdSorter.topsortTime=11752, ConflictIdSorter.conflictIdCount=2, ConflictIdSorter.conflictIdCycleCount=0, ConflictResolver.totalTime=138129, ConflictResolver.conflictItemCount=2, DfDependencyCollector.collectTime=7158251, DfDependencyCollector.transformTime=504715}
verify-debug	Run verbose Verify (skip ITs)	2026-09-27T10:31:00.0196256Z [DEBUG] org.apache.maven.plugins:maven-clean-plugin:jar:3.4.1
verify-debug	Run verbose Verify (skip ITs)	2026-09-27T10:31:00.0197207Z [DEBUG]    org.codehaus.plexus:plexus-utils:jar:4.0.1:compile
verify-debug	Run verbose Verify (skip ITs)	2026-09-27T10:31:00.0198298Z [DEBUG] Created new class realm plugin>org.apache.maven.plugins:maven-clean-plugin:3.4.1
verify-debug	Run verbose Verify (skip ITs)	2026-09-27T10:31:00.0199723Z [DEBUG] Importing foreign packages into class realm plugin>org.apache.maven.plugins:maven-clean-plugin:3.4.1
verify-debug	Run verbose Verify (skip ITs)	2026-09-27T10:31:00.0201111Z [DEBUG]   Imported:  < maven.api
verify-debug	Run verbose Verify (skip ITs)	2026-09-27T10:31:00.0202088Z [DEBUG] Populating class realm plugin>org.apache.maven.plugins:maven-clean-plugin:3.4.1
verify-debug	Run verbose Verify (skip ITs)	2026-09-27T10:31:00.0203637Z [DEBUG]   Included: org.apache.maven.plugins:maven-clean-plugin:jar:3.4.1
verify-debug	Run verbose Verify (skip ITs)	2026-09-27T10:31:00.0204658Z [DEBUG]   Included: org.codehaus.plexus:plexus-utils:jar:4.0.1
verify-debug	Run verbose Verify (skip ITs)	2026-09-27T10:31:00.0593281Z [DEBUG] Loading mojo org.apache.maven.plugins:maven-clean-plugin:3.4.1:clean from plugin realm ClassRealm[plugin>org.apache.maven.plugins:maven-clean-plugin:3.4.1, parent: jdk.internal.loader.ClassLoaders$AppClassLoader@c387f44]
verify-debug	Run verbose Verify (skip ITs)	2026-09-27T10:31:00.0966064Z [DEBUG] Configuring mojo execution 'org.apache.maven.plugins:maven-clean-plugin:3.4.1:clean:default-clean' with basic configurator -->
verify-debug	Run verbose Verify (skip ITs)	2026-09-27T10:31:00.1008891Z [DEBUG]   (f) directory = /home/runner/work/spring-postgres-boilerplate/spring-postgres-boilerplate/target
verify-debug	Run verbose Verify (skip ITs)	2026-09-27T10:31:00.1013131Z [DEBUG]   (f) excludeDefaultDirectories = false
verify-debug	Run verbose Verify (skip ITs)	2026-09-27T10:31:00.1065909Z [DEBUG]   (f) failOnError = true
verify-debug	Run verbose Verify (skip ITs)	2026-09-27T10:31:00.1070869Z [DEBUG]   (f) fast = false
verify-debug	Run verbose Verify (skip ITs)	2026-09-27T10:31:00.1080140Z [DEBUG]   (f) fastMode = background
verify-debug	Run verbose Verify (skip ITs)	2026-09-27T10:31:00.1081441Z [DEBUG]   (f) followSymLinks = false
verify-debug	Run verbose Verify (skip ITs)	2026-09-27T10:31:00.1083023Z [DEBUG]   (f) outputDirectory = /home/runner/work/spring-postgres-boilerplate/spring-postgres-boilerplate/target/classes
verify-debug	Run verbose Verify (skip ITs)	2026-09-27T10:31:00.1084930Z [DEBUG]   (f) reportDirectory = /home/runner/work/spring-postgres-boilerplate/spring-postgres-boilerplate/target/classes
verify-debug	Run verbose Verify (skip ITs)	2026-09-27T10:31:00.1086500Z [DEBUG]   (f) retryOnError = true
verify-debug	Run verbose Verify (skip ITs)	2026-09-27T10:31:00.1087497Z [DEBUG]   (f) session = org.apache.maven.execution.MavenSession@44032fde
verify-debug	Run verbose Verify (skip ITs)	2026-09-27T10:31:00.1088621Z [DEBUG]   (f) skip = false
verify-debug	Run verbose Verify (skip ITs)	2026-09-27T10:31:00.1090098Z [DEBUG]   (f) testOutputDirectory = /home/runner/work/spring-postgres-boilerplate/spring-postgres-boilerplate/target/test-classes
verify-debug	Run verbose Verify (skip ITs)	2026-09-27T10:31:00.1091851Z [DEBUG] -- end configuration --
verify-debug	Run verbose Verify (skip ITs)	2026-09-27T10:31:00.1103388Z [DEBUG] Skipping non-existing directory /home/runner/work/spring-postgres-boilerplate/spring-postgres-boilerplate/target
verify-debug	Run verbose Verify (skip ITs)	2026-09-27T10:31:00.1105533Z [DEBUG] Skipping non-existing directory /home/runner/work/spring-postgres-boilerplate/spring-postgres-boilerplate/target/classes
verify-debug	Run verbose Verify (skip ITs)	2026-09-27T10:31:00.1112008Z [DEBUG] Skipping non-existing directory /home/runner/work/spring-postgres-boilerplate/spring-postgres-boilerplate/target/test-classes
verify-debug	Run verbose Verify (skip ITs)	2026-09-27T10:31:00.1188313Z [DEBUG] Skipping non-existing directory /home/runner/work/spring-postgres-boilerplate/spring-postgres-boilerplate/target/classes
verify-debug	Run verbose Verify (skip ITs)	2026-09-27T10:31:00.1200920Z [INFO] 
verify-debug	Run verbose Verify (skip ITs)	2026-09-27T10:31:00.1201596Z [INFO] --- enforcer:3.2.1:enforce (enforce-java) @ spring-postgres-boilerplate ---
verify-debug	Run verbose Verify (skip ITs)	2026-09-27T10:31:00.1482329Z [DEBUG] Dependency collection stats {ConflictMarker.analyzeTime=56165, ConflictMarker.markTime=22101, ConflictMarker.nodeCount=11, ConflictIdSorter.graphTime=36959, ConflictIdSorter.topsortTime=16030, ConflictIdSorter.conflictIdCount=10, ConflictIdSorter.conflictIdCycleCount=0, ConflictResolver.totalTime=257692, ConflictResolver.conflictItemCount=11, DfDependencyCollector.collectTime=35541196, DfDependencyCollector.transformTime=411109}
verify-debug	Run verbose Verify (skip ITs)	2026-09-27T10:31:00.1511101Z [DEBUG] org.apache.maven.plugins:maven-enforcer-plugin:jar:3.2.1
verify-debug	Run verbose Verify (skip ITs)	2026-09-27T10:31:00.1531194Z [DEBUG]    org.apache.maven.enforcer:enforcer-api:jar:3.2.1:compile
verify-debug	Run verbose Verify (skip ITs)	2026-09-27T10:31:00.1539899Z [DEBUG]    org.apache.maven.enforcer:enforcer-rules:jar:3.2.1:compile
verify-debug	Run verbose Verify (skip ITs)	2026-09-27T10:31:00.1541464Z [DEBUG]       org.eclipse.aether:aether-util:jar:1.0.0.v20140518:compile (version managed from default)
verify-debug	Run verbose Verify (skip ITs)	2026-09-27T10:31:00.1543062Z [DEBUG]          org.eclipse.aether:aether-api:jar:1.0.0.v20140518:provided (scope managed from default) (version managed from default)
verify-debug	Run verbose Verify (skip ITs)	2026-09-27T10:31:00.1544640Z [DEBUG]       org.codehaus.plexus:plexus-utils:jar:3.5.0:compile (version managed from default)
verify-debug	Run verbose Verify (skip ITs)	2026-09-27T10:31:00.1545987Z [DEBUG]       org.apache.commons:commons-lang3:jar:3.12.0:compile (version managed from default)
verify-debug	Run verbose Verify (skip ITs)	2026-09-27T10:31:00.1547297Z [DEBUG]       commons-codec:commons-codec:jar:1.15:compile (version managed from default)
verify-debug	Run verbose Verify (skip ITs)	2026-09-27T10:31:00.1548506Z [DEBUG]       commons-io:commons-io:jar:2.11.0:compile (version managed from default)
verify-debug	Run verbose Verify (skip ITs)	2026-09-27T10:31:00.1549861Z [DEBUG]       org.apache-extras.beanshell:bsh:jar:2.0b6:compile
verify-debug	Run verbose Verify (skip ITs)	2026-09-27T10:31:00.1551239Z [DEBUG] Created new class realm plugin>org.apache.maven.plugins:maven-enforcer-plugin:3.2.1
verify-debug	Run verbose Verify (skip ITs)	2026-09-27T10:31:00.1568070Z [DEBUG] Importing foreign packages into class realm plugin>org.apache.maven.plugins:maven-enforcer-plugin:3.2.1
verify-debug	Run verbose Verify (skip ITs)	2026-09-27T10:31:00.1569328Z [DEBUG]   Imported:  < maven.api
verify-debug	Run verbose Verify (skip ITs)	2026-09-27T10:31:00.1570612Z [DEBUG] Populating class realm plugin>org.apache.maven.plugins:maven-enforcer-plugin:3.2.1
verify-debug	Run verbose Verify (skip ITs)	2026-09-27T10:31:00.1574462Z [DEBUG]   Included: org.apache.maven.plugins:maven-enforcer-plugin:jar:3.2.1
verify-debug	Run verbose Verify (skip ITs)	2026-09-27T10:31:00.1575561Z [DEBUG]   Included: org.apache.maven.enforcer:enforcer-api:jar:3.2.1
verify-debug	Run verbose Verify (skip ITs)	2026-09-27T10:31:00.1576570Z [DEBUG]   Included: org.apache.maven.enforcer:enforcer-rules:jar:3.2.1
verify-debug	Run verbose Verify (skip ITs)	2026-09-27T10:31:00.1577521Z [DEBUG]   Included: org.codehaus.plexus:plexus-utils:jar:3.5.0
verify-debug	Run verbose Verify (skip ITs)	2026-09-27T10:31:00.1578407Z [DEBUG]   Included: org.apache.commons:commons-lang3:jar:3.12.0
verify-debug	Run verbose Verify (skip ITs)	2026-09-27T10:31:00.1579335Z [DEBUG]   Included: commons-codec:commons-codec:jar:1.15
verify-debug	Run verbose Verify (skip ITs)	2026-09-27T10:31:00.1580177Z [DEBUG]   Included: commons-io:commons-io:jar:2.11.0
verify-debug	Run verbose Verify (skip ITs)	2026-09-27T10:31:00.1581369Z [DEBUG]   Included: org.apache-extras.beanshell:bsh:jar:2.0b6
verify-debug	Run verbose Verify (skip ITs)	2026-09-27T10:31:00.2266846Z [DEBUG] Loading mojo org.apache.maven.plugins:maven-enforcer-plugin:3.2.1:enforce from plugin realm ClassRealm[plugin>org.apache.maven.plugins:maven-enforcer-plugin:3.2.1, parent: jdk.internal.loader.ClassLoaders$AppClassLoader@c387f44]
verify-debug	Run verbose Verify (skip ITs)	2026-09-27T10:31:00.2302104Z [DEBUG] Configuring mojo execution 'org.apache.maven.plugins:maven-enforcer-plugin:3.2.1:enforce:enforce-java' with basic configurator -->
verify-debug	Run verbose Verify (skip ITs)	2026-09-27T10:31:00.2303493Z [DEBUG]   (s) commandLineRules = []
verify-debug	Run verbose Verify (skip ITs)	2026-09-27T10:31:00.2304234Z [DEBUG]   (s) fail = true
verify-debug	Run verbose Verify (skip ITs)	2026-09-27T10:31:00.2306860Z [DEBUG]   (s) failFast = false
verify-debug	Run verbose Verify (skip ITs)	2026-09-27T10:31:00.2308222Z [DEBUG]   (s) failIfNoRules = true
verify-debug	Run verbose Verify (skip ITs)	2026-09-27T10:31:00.2330920Z [DEBUG]   (f) ignoreCache = false
verify-debug	Run verbose Verify (skip ITs)	2026-09-27T10:31:00.2332173Z [DEBUG]   (f) mojoExecution = org.apache.maven.plugins:maven-enforcer-plugin:3.2.1:enforce {execution: enforce-java}
verify-debug	Run verbose Verify (skip ITs)	2026-09-27T10:31:00.2334273Z [DEBUG]   (f) project = MavenProject: com.example:spring-postgres-boilerplate:0.1.0-SNAPSHOT @ /home/runner/work/spring-postgres-boilerplate/spring-postgres-boilerplate/pom.xml
verify-debug	Run verbose Verify (skip ITs)	2026-09-27T10:31:00.2336021Z [DEBUG]   (f) rules = <rules><requireJavaVersion><version>21</version>
verify-debug	Run verbose Verify (skip ITs)	2026-09-27T10:31:00.2336832Z </requireJavaVersion>
verify-debug	Run verbose Verify (skip ITs)	2026-09-27T10:31:00.2337396Z </rules>
verify-debug	Run verbose Verify (skip ITs)	2026-09-27T10:31:00.2337821Z 
verify-debug	Run verbose Verify (skip ITs)	2026-09-27T10:31:00.2338174Z [DEBUG]   (s) rulesToExecute = []
verify-debug	Run verbose Verify (skip ITs)	2026-09-27T10:31:00.2338815Z [DEBUG]   (s) rulesToSkip = []
verify-debug	Run verbose Verify (skip ITs)	2026-09-27T10:31:00.2339651Z [DEBUG]   (f) session = org.apache.maven.execution.MavenSession@44032fde
verify-debug	Run verbose Verify (skip ITs)	2026-09-27T10:31:00.2341205Z [DEBUG]   (f) skip = false
verify-debug	Run verbose Verify (skip ITs)	2026-09-27T10:31:00.2341851Z [DEBUG] -- end configuration --
verify-debug	Run verbose Verify (skip ITs)	2026-09-27T10:31:00.2380188Z [DEBUG] Executing Rule 0: EnforcerRuleDesc[name=requireJavaVersion, rule=RequireJavaVersion[message=null, version=21, display=false], level=ERROR]
verify-debug	Run verbose Verify (skip ITs)	2026-09-27T10:31:00.2382269Z [DEBUG] Check cache for class org.apache.maven.enforcer.rules.version.RequireJavaVersion with id 1599
verify-debug	Run verbose Verify (skip ITs)	2026-09-27T10:31:00.2384580Z [DEBUG] Add cache class org.apache.maven.enforcer.rules.version.RequireJavaVersion with id 1599
verify-debug	Run verbose Verify (skip ITs)	2026-09-27T10:31:00.2462885Z [DEBUG] Detected Java Version: '21.0.12.1'
verify-debug	Run verbose Verify (skip ITs)	2026-09-27T10:31:00.2463432Z [DEBUG] Normalized Java Version: '21.0.12-1'
verify-debug	Run verbose Verify (skip ITs)	2026-09-27T10:31:00.2464632Z [DEBUG] Parsed Version: Major: 21 Minor: 0 Incremental: 12 Build: 1 Qualifier: null
verify-debug	Run verbose Verify (skip ITs)	2026-09-27T10:31:00.2466702Z [DEBUG] Detected JDK Version: 21.0.12-1 is allowed in the range [21,).
verify-debug	Run verbose Verify (skip ITs)	2026-09-27T10:31:00.2468560Z [INFO] Rule 0: org.apache.maven.enforcer.rules.version.RequireJavaVersion passed
verify-debug	Run verbose Verify (skip ITs)	2026-09-27T10:31:00.2469358Z [DEBUG] Finish Rule 0: org.apache.maven.enforcer.rules.version.RequireJavaVersion takes 9 ms
verify-debug	Run verbose Verify (skip ITs)	2026-09-27T10:31:00.2471863Z [INFO] 
verify-debug	Run verbose Verify (skip ITs)	2026-09-27T10:31:00.2472755Z [INFO] --- resources:3.3.1:resources (default-resources) @ spring-postgres-boilerplate ---
verify-debug	Run verbose Verify (skip ITs)	2026-09-27T10:31:00.2654469Z [DEBUG] Dependency collection stats {ConflictMarker.analyzeTime=52708, ConflictMarker.markTime=26279, ConflictMarker.nodeCount=13, ConflictIdSorter.graphTime=24186, ConflictIdSorter.topsortTime=16080, ConflictIdSorter.conflictIdCount=9, ConflictIdSorter.conflictIdCycleCount=0, ConflictResolver.totalTime=162645, ConflictResolver.conflictItemCount=13, DfDependencyCollector.collectTime=16892020, DfDependencyCollector.transformTime=304679}
verify-debug	Run verbose Verify (skip ITs)	2026-09-27T10:31:00.2671102Z [DEBUG] org.apache.maven.plugins:maven-resources-plugin:jar:3.3.1
verify-debug	Run verbose Verify (skip ITs)	2026-09-27T10:31:00.2699995Z [DEBUG]    org.codehaus.plexus:plexus-interpolation:jar:1.26:runtime
verify-debug	Run verbose Verify (skip ITs)	2026-09-27T10:31:00.2701417Z [DEBUG]    org.codehaus.plexus:plexus-utils:jar:3.5.1:compile
verify-debug	Run verbose Verify (skip ITs)	2026-09-27T10:31:00.2702465Z [DEBUG]    org.apache.maven.shared:maven-filtering:jar:3.3.1:compile
verify-debug	Run verbose Verify (skip ITs)	2026-09-27T10:31:00.2703405Z [DEBUG]       javax.inject:javax.inject:jar:1:compile
verify-debug	Run verbose Verify (skip ITs)	2026-09-27T10:31:00.2704185Z [DEBUG]       org.slf4j:slf4j-api:jar:1.7.36:compile
verify-debug	Run verbose Verify (skip ITs)	2026-09-27T10:31:00.2704974Z [DEBUG]       org.sonatype.plexus:plexus-build-api:jar:0.0.7:compile
verify-debug	Run verbose Verify (skip ITs)	2026-09-27T10:31:00.2705800Z [DEBUG]    commons-io:commons-io:jar:2.11.0:compile
verify-debug	Run verbose Verify (skip ITs)	2026-09-27T10:31:00.2706597Z [DEBUG]    org.apache.commons:commons-lang3:jar:3.12.0:compile
verify-debug	Run verbose Verify (skip ITs)	2026-09-27T10:31:00.2707679Z [DEBUG] Created new class realm plugin>org.apache.maven.plugins:maven-resources-plugin:3.3.1
verify-debug	Run verbose Verify (skip ITs)	2026-09-27T10:31:00.2709201Z [DEBUG] Importing foreign packages into class realm plugin>org.apache.maven.plugins:maven-resources-plugin:3.3.1
verify-debug	Run verbose Verify (skip ITs)	2026-09-27T10:31:00.2710633Z [DEBUG]   Imported:  < maven.api
verify-debug	Run verbose Verify (skip ITs)	2026-09-27T10:31:00.2711617Z [DEBUG] Populating class realm plugin>org.apache.maven.plugins:maven-resources-plugin:3.3.1
verify-debug	Run verbose Verify (skip ITs)	2026-09-27T10:31:00.2712801Z [DEBUG]   Included: org.apache.maven.plugins:maven-resources-plugin:jar:3.3.1
verify-debug	Run verbose Verify (skip ITs)	2026-09-27T10:31:00.2713804Z [DEBUG]   Included: org.codehaus.plexus:plexus-interpolation:jar:1.26
verify-debug	Run verbose Verify (skip ITs)	2026-09-27T10:31:00.2714866Z [DEBUG]   Included: org.codehaus.plexus:plexus-utils:jar:3.5.1
verify-debug	Run verbose Verify (skip ITs)	2026-09-27T10:31:00.2715822Z [DEBUG]   Included: org.apache.maven.shared:maven-filtering:jar:3.3.1
verify-debug	Run verbose Verify (skip ITs)	2026-09-27T10:31:00.2716739Z [DEBUG]   Included: org.sonatype.plexus:plexus-build-api:jar:0.0.7
verify-debug	Run verbose Verify (skip ITs)	2026-09-27T10:31:00.2717568Z [DEBUG]   Included: commons-io:commons-io:jar:2.11.0
verify-debug	Run verbose Verify (skip ITs)	2026-09-27T10:31:00.2718359Z [DEBUG]   Included: org.apache.commons:commons-lang3:jar:3.12.0
verify-debug	Run verbose Verify (skip ITs)	2026-09-27T10:31:00.2922420Z [DEBUG] Loading mojo org.apache.maven.plugins:maven-resources-plugin:3.3.1:resources from plugin realm ClassRealm[plugin>org.apache.maven.plugins:maven-resources-plugin:3.3.1, parent: jdk.internal.loader.ClassLoaders$AppClassLoader@c387f44]
verify-debug	Run verbose Verify (skip ITs)	2026-09-27T10:31:00.2948673Z [DEBUG] Configuring mojo execution 'org.apache.maven.plugins:maven-resources-plugin:3.3.1:resources:default-resources' with basic configurator -->
verify-debug	Run verbose Verify (skip ITs)	2026-09-27T10:31:00.2983736Z [DEBUG]   (f) addDefaultExcludes = true
verify-debug	Run verbose Verify (skip ITs)	2026-09-27T10:31:00.2989160Z [DEBUG]   (f) buildFilters = []
verify-debug	Run verbose Verify (skip ITs)	2026-09-27T10:31:00.2989799Z [DEBUG]   (s) delimiters = [@]
verify-debug	Run verbose Verify (skip ITs)	2026-09-27T10:31:00.2990587Z [DEBUG]   (f) encoding = UTF-8
verify-debug	Run verbose Verify (skip ITs)	2026-09-27T10:31:00.3001580Z [DEBUG]   (f) escapeWindowsPaths = true
verify-debug	Run verbose Verify (skip ITs)	2026-09-27T10:31:00.3002376Z [DEBUG]   (f) fileNameFiltering = false
verify-debug	Run verbose Verify (skip ITs)	2026-09-27T10:31:00.3003101Z [DEBUG]   (s) includeEmptyDirs = false
verify-debug	Run verbose Verify (skip ITs)	2026-09-27T10:31:00.3004405Z [DEBUG]   (s) outputDirectory = /home/runner/work/spring-postgres-boilerplate/spring-postgres-boilerplate/target/classes
verify-debug	Run verbose Verify (skip ITs)	2026-09-27T10:31:00.3005708Z [DEBUG]   (s) overwrite = false
verify-debug	Run verbose Verify (skip ITs)	2026-09-27T10:31:00.3007275Z [DEBUG]   (f) project = MavenProject: com.example:spring-postgres-boilerplate:0.1.0-SNAPSHOT @ /home/runner/work/spring-postgres-boilerplate/spring-postgres-boilerplate/pom.xml
verify-debug	Run verbose Verify (skip ITs)	2026-09-27T10:31:00.3008932Z [DEBUG]   (f) propertiesEncoding = UTF-8
verify-debug	Run verbose Verify (skip ITs)	2026-09-27T10:31:00.3013172Z [DEBUG]   (s) resources = [Resource {targetPath: null, filtering: true, FileSet {directory: /home/runner/work/spring-postgres-boilerplate/spring-postgres-boilerplate/src/main/resources, PatternSet [includes: {**/application*.yml, **/application*.yaml, **/application*.properties}, excludes: {}]}}, Resource {targetPath: null, filtering: false, FileSet {directory: /home/runner/work/spring-postgres-boilerplate/spring-postgres-boilerplate/src/main/resources, PatternSet [includes: {}, excludes: {**/application*.yml, **/application*.yaml, **/application*.properties}]}}]
verify-debug	Run verbose Verify (skip ITs)	2026-09-27T10:31:00.3017623Z [DEBUG]   (f) session = org.apache.maven.execution.MavenSession@44032fde
verify-debug	Run verbose Verify (skip ITs)	2026-09-27T10:31:00.3018454Z [DEBUG]   (f) skip = false
verify-debug	Run verbose Verify (skip ITs)	2026-09-27T10:31:00.3019081Z [DEBUG]   (f) supportMultiLineFiltering = false
verify-debug	Run verbose Verify (skip ITs)	2026-09-27T10:31:00.3019787Z [DEBUG]   (f) useBuildFilters = true
verify-debug	Run verbose Verify (skip ITs)	2026-09-27T10:31:00.3020639Z [DEBUG]   (s) useDefaultDelimiters = false
verify-debug	Run verbose Verify (skip ITs)	2026-09-27T10:31:00.3021308Z [DEBUG] -- end configuration --
verify-debug	Run verbose Verify (skip ITs)	2026-09-27T10:31:00.3058208Z [DEBUG] properties used:
verify-debug	Run verbose Verify (skip ITs)	2026-09-27T10:31:00.3090856Z [DEBUG] activemq.version: 6.1.7
verify-debug	Run verbose Verify (skip ITs)	2026-09-27T10:31:00.3108074Z [DEBUG] angus-mail.version: 2.0.4
verify-debug	Run verbose Verify (skip ITs)	2026-09-27T10:31:00.3108613Z [DEBUG] artemis.version: 2.40.0
verify-debug	Run verbose Verify (skip ITs)	2026-09-27T10:31:00.3121253Z [DEBUG] aspectj.version: 1.9.24
verify-debug	Run verbose Verify (skip ITs)	2026-09-27T10:31:00.3121936Z [DEBUG] assertj.version: 3.27.4
verify-debug	Run verbose Verify (skip ITs)	2026-09-27T10:31:00.3122578Z [DEBUG] awaitility.version: 4.2.2
verify-debug	Run verbose Verify (skip ITs)	2026-09-27T10:31:00.3123224Z [DEBUG] brave.version: 6.1.0
verify-debug	Run verbose Verify (skip ITs)	2026-09-27T10:31:00.3123947Z [DEBUG] build-helper-maven-plugin.version: 3.6.1
verify-debug	Run verbose Verify (skip ITs)	2026-09-27T10:31:00.3124677Z [DEBUG] byte-buddy.version: 1.17.7
verify-debug	Run verbose Verify (skip ITs)	2026-09-27T10:31:00.3125310Z [DEBUG] cache2k.version: 2.6.1.Final
verify-debug	Run verbose Verify (skip ITs)	2026-09-27T10:31:00.3125947Z [DEBUG] caffeine.version: 3.2.2
verify-debug	Run verbose Verify (skip ITs)	2026-09-27T10:31:00.3126600Z [DEBUG] cassandra-driver.version: 4.19.0
verify-debug	Run verbose Verify (skip ITs)	2026-09-27T10:31:00.3127268Z [DEBUG] classmate.version: 1.7.0
verify-debug	Run verbose Verify (skip ITs)	2026-09-27T10:31:00.3128040Z [DEBUG] classworlds.conf: /usr/share/apache-maven-3.9.16/bin/m2.conf
verify-debug	Run verbose Verify (skip ITs)	2026-09-27T10:31:00.3128882Z [DEBUG] commons-codec.version: 1.18.0
verify-debug	Run verbose Verify (skip ITs)	2026-09-27T10:31:00.3129585Z [DEBUG] commons-dbcp2.version: 2.13.0
verify-debug	Run verbose Verify (skip ITs)	2026-09-27T10:31:00.3130458Z [DEBUG] commons-lang3.version: 3.17.0
verify-debug	Run verbose Verify (skip ITs)	2026-09-27T10:31:00.3131152Z [DEBUG] commons-pool.version: 1.6
verify-debug	Run verbose Verify (skip ITs)	2026-09-27T10:31:00.3131837Z [DEBUG] commons-pool2.version: 2.12.1
verify-debug	Run verbose Verify (skip ITs)	2026-09-27T10:31:00.3132542Z [DEBUG] couchbase-client.version: 3.8.3
verify-debug	Run verbose Verify (skip ITs)	2026-09-27T10:31:00.3133254Z [DEBUG] crac.version: 1.5.0
verify-debug	Run verbose Verify (skip ITs)	2026-09-27T10:31:00.3133912Z [DEBUG] cyclonedx-maven-plugin.version: 2.9.1
verify-debug	Run verbose Verify (skip ITs)	2026-09-27T10:31:00.3134635Z [DEBUG] db2-jdbc.version: 12.1.2.0
verify-debug	Run verbose Verify (skip ITs)	2026-09-27T10:31:00.3135353Z [DEBUG] dependency-management-plugin.version: 1.1.7
verify-debug	Run verbose Verify (skip ITs)	2026-09-27T10:31:00.3136112Z [DEBUG] derby.version: 10.16.1.1
verify-debug	Run verbose Verify (skip ITs)	2026-09-27T10:31:00.3136747Z [DEBUG] ehcache3.version: 3.10.8
verify-debug	Run verbose Verify (skip ITs)	2026-09-27T10:31:00.3137415Z [DEBUG] elasticsearch-client.version: 8.18.5
verify-debug	Run verbose Verify (skip ITs)	2026-09-27T10:31:00.3138106Z [DEBUG] env.ACCEPT_EULA: Y
verify-debug	Run verbose Verify (skip ITs)	2026-09-27T10:31:00.3139051Z [DEBUG] env.ACTIONS_ORCHESTRATION_ID: 138aa735-c579-42e4-bce1-1080c20b08d2.verify-debug.__default
verify-debug	Run verbose Verify (skip ITs)	2026-09-27T10:31:00.3140749Z [DEBUG] env.ACTIONS_RUNNER_ACTION_ARCHIVE_CACHE: /opt/actionarchivecache
verify-debug	Run verbose Verify (skip ITs)	2026-09-27T10:31:00.3141706Z [DEBUG] env.ACTIONS_RUNNER_RETURN_JOB_RESULT_FOR_HOSTED: 1
verify-debug	Run verbose Verify (skip ITs)	2026-09-27T10:31:00.3142533Z [DEBUG] env.AGENT_TOOLSDIRECTORY: /opt/hostedtoolcache
verify-debug	Run verbose Verify (skip ITs)	2026-09-27T10:31:00.3143339Z [DEBUG] env.ANDROID_HOME: /usr/local/lib/android/sdk
verify-debug	Run verbose Verify (skip ITs)	2026-09-27T10:31:00.3144195Z [DEBUG] env.ANDROID_NDK: /usr/local/lib/android/sdk/ndk/27.3.13750724
verify-debug	Run verbose Verify (skip ITs)	2026-09-27T10:31:00.3145190Z [DEBUG] env.ANDROID_NDK_HOME: /usr/local/lib/android/sdk/ndk/27.3.13750724
verify-debug	Run verbose Verify (skip ITs)	2026-09-27T10:31:00.3146243Z [DEBUG] env.ANDROID_NDK_LATEST_HOME: /usr/local/lib/android/sdk/ndk/29.0.14206865
verify-debug	Run verbose Verify (skip ITs)	2026-09-27T10:31:00.3147316Z [DEBUG] env.ANDROID_NDK_ROOT: /usr/local/lib/android/sdk/ndk/27.3.13750724
verify-debug	Run verbose Verify (skip ITs)	2026-09-27T10:31:00.3148242Z [DEBUG] env.ANDROID_SDK_ROOT: /usr/local/lib/android/sdk
verify-debug	Run verbose Verify (skip ITs)	2026-09-27T10:31:00.3148978Z [DEBUG] env.ANT_HOME: /usr/share/ant
verify-debug	Run verbose Verify (skip ITs)	2026-09-27T10:31:00.3149714Z [DEBUG] env.AZURE_EXTENSION_DIR: /opt/az/azcliextensions
verify-debug	Run verbose Verify (skip ITs)	2026-09-27T10:31:00.3150702Z [DEBUG] env.BOOTSTRAP_HASKELL_NONINTERACTIVE: 1
verify-debug	Run verbose Verify (skip ITs)	2026-09-27T10:31:00.3151586Z [DEBUG] env.CHROMEWEBDRIVER: /usr/local/share/chromedriver-linux64
verify-debug	Run verbose Verify (skip ITs)	2026-09-27T10:31:00.3152490Z [DEBUG] env.CHROME_BIN: /usr/bin/google-chrome
verify-debug	Run verbose Verify (skip ITs)	2026-09-27T10:31:00.3153411Z [DEBUG] env.CI: true
verify-debug	Run verbose Verify (skip ITs)	2026-09-27T10:31:00.3156378Z [DEBUG] env.CONDA: /usr/share/miniconda
verify-debug	Run verbose Verify (skip ITs)	2026-09-27T10:31:00.3157153Z [DEBUG] env.DEBIAN_FRONTEND: noninteractive
verify-debug	Run verbose Verify (skip ITs)	2026-09-27T10:31:00.3157882Z [DEBUG] env.DOTNET_MULTILEVEL_LOOKUP: 0
verify-debug	Run verbose Verify (skip ITs)	2026-09-27T10:31:00.3158558Z [DEBUG] env.DOTNET_NOLOGO: 1
verify-debug	Run verbose Verify (skip ITs)	2026-09-27T10:31:00.3159233Z [DEBUG] env.DOTNET_SKIP_FIRST_TIME_EXPERIENCE: 1
verify-debug	Run verbose Verify (skip ITs)	2026-09-27T10:31:00.3160030Z [DEBUG] env.EDGEWEBDRIVER: /usr/local/share/edge_driver
verify-debug	Run verbose Verify (skip ITs)	2026-09-27T10:31:00.3161096Z [DEBUG] env.ENABLE_RUNNER_TRACING: true
verify-debug	Run verbose Verify (skip ITs)	2026-09-27T10:31:00.3161858Z [DEBUG] env.GECKOWEBDRIVER: /usr/local/share/gecko_driver
verify-debug	Run verbose Verify (skip ITs)	2026-09-27T10:31:00.3162681Z [DEBUG] env.GHCUP_INSTALL_BASE_PREFIX: /usr/local
verify-debug	Run verbose Verify (skip ITs)	2026-09-27T10:31:00.3163430Z [DEBUG] env.GITHUB_ACTION: __run
verify-debug	Run verbose Verify (skip ITs)	2026-09-27T10:31:00.3164088Z [DEBUG] env.GITHUB_ACTIONS: true
verify-debug	Run verbose Verify (skip ITs)	2026-09-27T10:31:00.3164715Z [DEBUG] env.GITHUB_ACTION_REF: 
verify-debug	Run verbose Verify (skip ITs)	2026-09-27T10:31:00.3165353Z [DEBUG] env.GITHUB_ACTION_REPOSITORY: 
verify-debug	Run verbose Verify (skip ITs)	2026-09-27T10:31:00.3166033Z [DEBUG] env.GITHUB_ACTOR: neszaDev
verify-debug	Run verbose Verify (skip ITs)	2026-09-27T10:31:00.3166684Z [DEBUG] env.GITHUB_ACTOR_ID: 252973251
verify-debug	Run verbose Verify (skip ITs)	2026-09-27T10:31:00.3167411Z [DEBUG] env.GITHUB_API_URL: https://api.github.com
verify-debug	Run verbose Verify (skip ITs)	2026-09-27T10:31:00.3168647Z [DEBUG] env.GITHUB_ARTIFACTS: /home/runner/work/_temp/_runner_file_commands/artifacts_0b9c2cea-8b8b-4aa1-9f89-b53466b5942f
verify-debug	Run verbose Verify (skip ITs)	2026-09-27T10:31:00.3172292Z [DEBUG] env.GITHUB_ARTIFACTS_LIST: /home/runner/work/_temp/_runner_file_commands/artifacts_list_0b9c2cea-8b8b-4aa1-9f89-b53466b5942f
verify-debug	Run verbose Verify (skip ITs)	2026-09-27T10:31:00.3173593Z [DEBUG] env.GITHUB_BASE_REF: 
verify-debug	Run verbose Verify (skip ITs)	2026-09-27T10:31:00.3174671Z [DEBUG] env.GITHUB_ENV: /home/runner/work/_temp/_runner_file_commands/set_env_0b9c2cea-8b8b-4aa1-9f89-b53466b5942f
verify-debug	Run verbose Verify (skip ITs)	2026-09-27T10:31:00.3175811Z [DEBUG] env.GITHUB_EVENT_NAME: push
verify-debug	Run verbose Verify (skip ITs)	2026-09-27T10:31:00.3176700Z [DEBUG] env.GITHUB_EVENT_PATH: /home/runner/work/_temp/_github_workflow/event.json
verify-debug	Run verbose Verify (skip ITs)	2026-09-27T10:31:00.3177783Z [DEBUG] env.GITHUB_GRAPHQL_URL: https://api.github.com/graphql
verify-debug	Run verbose Verify (skip ITs)	2026-09-27T10:31:00.3178633Z [DEBUG] env.GITHUB_HEAD_REF: 
verify-debug	Run verbose Verify (skip ITs)	2026-09-27T10:31:00.3179260Z [DEBUG] env.GITHUB_JOB: verify-debug
verify-debug	Run verbose Verify (skip ITs)	2026-09-27T10:31:00.3180591Z [DEBUG] env.GITHUB_OUTPUT: /home/runner/work/_temp/_runner_file_commands/set_output_0b9c2cea-8b8b-4aa1-9f89-b53466b5942f
verify-debug	Run verbose Verify (skip ITs)	2026-09-27T10:31:00.3182170Z [DEBUG] env.GITHUB_PATH: /home/runner/work/_temp/_runner_file_commands/add_path_0b9c2cea-8b8b-4aa1-9f89-b53466b5942f
verify-debug	Run verbose Verify (skip ITs)	2026-09-27T10:31:00.3183327Z [DEBUG] env.GITHUB_REF: refs/heads/ci/verify-debug
verify-debug	Run verbose Verify (skip ITs)	2026-09-27T10:31:00.3184062Z [DEBUG] env.GITHUB_REF_NAME: ci/verify-debug
verify-debug	Run verbose Verify (skip ITs)	2026-09-27T10:31:00.3184780Z [DEBUG] env.GITHUB_REF_PROTECTED: false
verify-debug	Run verbose Verify (skip ITs)	2026-09-27T10:31:00.3185453Z [DEBUG] env.GITHUB_REF_TYPE: branch
verify-debug	Run verbose Verify (skip ITs)	2026-09-27T10:31:00.3186341Z [DEBUG] env.GITHUB_REPOSITORY: neszaDev/spring-postgres-boilerplate
verify-debug	Run verbose Verify (skip ITs)	2026-09-27T10:31:00.3187219Z [DEBUG] env.GITHUB_REPOSITORY_ID: 1345939816
verify-debug	Run verbose Verify (skip ITs)	2026-09-27T10:31:00.3188185Z [DEBUG] env.GITHUB_REPOSITORY_OWNER: neszaDev
verify-debug	Run verbose Verify (skip ITs)	2026-09-27T10:31:00.3188922Z [DEBUG] env.GITHUB_REPOSITORY_OWNER_ID: 252973251
verify-debug	Run verbose Verify (skip ITs)	2026-09-27T10:31:00.3189642Z [DEBUG] env.GITHUB_RETENTION_DAYS: 90
verify-debug	Run verbose Verify (skip ITs)	2026-09-27T10:31:00.3190521Z [DEBUG] env.GITHUB_RUN_ATTEMPT: 1
verify-debug	Run verbose Verify (skip ITs)	2026-09-27T10:31:00.3191170Z [DEBUG] env.GITHUB_RUN_ID: 36312769239
verify-debug	Run verbose Verify (skip ITs)	2026-09-27T10:31:00.3191811Z [DEBUG] env.GITHUB_RUN_NUMBER: 57
verify-debug	Run verbose Verify (skip ITs)	2026-09-27T10:31:00.3192542Z [DEBUG] env.GITHUB_SERVER_URL: https://github.com
verify-debug	Run verbose Verify (skip ITs)	2026-09-27T10:31:00.3193432Z [DEBUG] env.GITHUB_SHA: 9d47090698eb04edb7c93d153d355d05bca8d4db
verify-debug	Run verbose Verify (skip ITs)	2026-09-27T10:31:00.3194681Z [DEBUG] env.GITHUB_STATE: /home/runner/work/_temp/_runner_file_commands/save_state_0b9c2cea-8b8b-4aa1-9f89-b53466b5942f
verify-debug	Run verbose Verify (skip ITs)	2026-09-27T10:31:00.3196342Z [DEBUG] env.GITHUB_STEP_SUMMARY: /home/runner/work/_temp/_runner_file_commands/step_summary_0b9c2cea-8b8b-4aa1-9f89-b53466b5942f
verify-debug	Run verbose Verify (skip ITs)	2026-09-27T10:31:00.3197585Z [DEBUG] env.GITHUB_TRIGGERING_ACTOR: neszaDev
verify-debug	Run verbose Verify (skip ITs)	2026-09-27T10:31:00.3198329Z [DEBUG] env.GITHUB_WORKFLOW: Verify Debug (push)
verify-debug	Run verbose Verify (skip ITs)	2026-09-27T10:31:00.3199857Z [DEBUG] env.GITHUB_WORKFLOW_REF: neszaDev/spring-postgres-boilerplate/.github/workflows/verify-debug-on-push.yml@refs/heads/ci/verify-debug
verify-debug	Run verbose Verify (skip ITs)	2026-09-27T10:31:00.3202093Z [DEBUG] env.GITHUB_WORKFLOW_SHA: 9d47090698eb04edb7c93d153d355d05bca8d4db
verify-debug	Run verbose Verify (skip ITs)	2026-09-27T10:31:00.3231382Z [DEBUG] env.GITHUB_WORKSPACE: /home/runner/work/spring-postgres-boilerplate/spring-postgres-boilerplate
verify-debug	Run verbose Verify (skip ITs)	2026-09-27T10:31:00.3249310Z [DEBUG] env.GOROOT_1_24_X64: /opt/hostedtoolcache/go/1.24.13/x64
verify-debug	Run verbose Verify (skip ITs)	2026-09-27T10:31:00.3250833Z [DEBUG] env.GOROOT_1_25_X64: /opt/hostedtoolcache/go/1.25.14/x64
verify-debug	Run verbose Verify (skip ITs)	2026-09-27T10:31:00.3251801Z [DEBUG] env.GOROOT_1_26_X64: /opt/hostedtoolcache/go/1.26.8/x64
verify-debug	Run verbose Verify (skip ITs)	2026-09-27T10:31:00.3252655Z [DEBUG] env.GRADLE_HOME: /usr/share/gradle-9.7.1
verify-debug	Run verbose Verify (skip ITs)	2026-09-27T10:31:00.3253386Z [DEBUG] env.HCA_CLOUD_PROVIDER: azure
verify-debug	Run verbose Verify (skip ITs)	2026-09-27T10:31:00.3254057Z [DEBUG] env.HOME: /home/runner
verify-debug	Run verbose Verify (skip ITs)	2026-09-27T10:31:00.3254751Z [DEBUG] env.HOMEBREW_CLEANUP_PERIODIC_FULL_DAYS: 3650
verify-debug	Run verbose Verify (skip ITs)	2026-09-27T10:31:00.3255526Z [DEBUG] env.HOMEBREW_NO_AUTO_UPDATE: 1
verify-debug	Run verbose Verify (skip ITs)	2026-09-27T10:31:00.3256296Z [DEBUG] env.INVOCATION_ID: b2d5d93dbd124fc6a30823db1ead41c4
verify-debug	Run verbose Verify (skip ITs)	2026-09-27T10:31:00.3257078Z [DEBUG] env.ImageOS: ubuntu24
verify-debug	Run verbose Verify (skip ITs)	2026-09-27T10:31:00.3257723Z [DEBUG] env.ImageVersion: 20260920.314.1
verify-debug	Run verbose Verify (skip ITs)	2026-09-27T10:31:00.3258639Z [DEBUG] env.JAVA_HOME: /opt/hostedtoolcache/Java_Temurin-Hotspot_jdk/21.0.12-1/x64
verify-debug	Run verbose Verify (skip ITs)	2026-09-27T10:31:00.3259683Z [DEBUG] env.JAVA_HOME_11_X64: /usr/lib/jvm/temurin-11-jdk-amd64
verify-debug	Run verbose Verify (skip ITs)	2026-09-27T10:31:00.3260799Z [DEBUG] env.JAVA_HOME_17_X64: /usr/lib/jvm/temurin-17-jdk-amd64
verify-debug	Run verbose Verify (skip ITs)	2026-09-27T10:31:00.3261915Z [DEBUG] env.JAVA_HOME_21_X64: /opt/hostedtoolcache/Java_Temurin-Hotspot_jdk/21.0.12-1/x64
verify-debug	Run verbose Verify (skip ITs)	2026-09-27T10:31:00.3262970Z [DEBUG] env.JAVA_HOME_25_X64: /usr/lib/jvm/temurin-25-jdk-amd64
verify-debug	Run verbose Verify (skip ITs)	2026-09-27T10:31:00.3263848Z [DEBUG] env.JAVA_HOME_8_X64: /usr/lib/jvm/temurin-8-jdk-amd64
verify-debug	Run verbose Verify (skip ITs)	2026-09-27T10:31:00.3264624Z [DEBUG] env.JOURNAL_STREAM: 9:11522
verify-debug	Run verbose Verify (skip ITs)	2026-09-27T10:31:00.3265240Z [DEBUG] env.LANG: C.UTF-8
verify-debug	Run verbose Verify (skip ITs)	2026-09-27T10:31:00.3265814Z [DEBUG] env.LOGNAME: runner
verify-debug	Run verbose Verify (skip ITs)	2026-09-27T10:31:00.3266604Z [DEBUG] env.MAVEN_CMD_LINE_ARGS:  -X -e -DskipITs=true -B clean verify
verify-debug	Run verbose Verify (skip ITs)	2026-09-27T10:31:00.3267854Z [DEBUG] env.MAVEN_PROJECTBASEDIR: /home/runner/work/spring-postgres-boilerplate/spring-postgres-boilerplate
verify-debug	Run verbose Verify (skip ITs)	2026-09-27T10:31:00.3269366Z [DEBUG] env.MEMORY_PRESSURE_WATCH: /sys/fs/cgroup/system.slice/hosted-compute-agent.service/memory.pressure
verify-debug	Run verbose Verify (skip ITs)	2026-09-27T10:31:00.3270865Z [DEBUG] env.MEMORY_PRESSURE_WRITE: c29tZSAyMDAwMDAgMjAwMDAwMAA=
verify-debug	Run verbose Verify (skip ITs)	2026-09-27T10:31:00.3271692Z [DEBUG] env.NVM_DIR: /home/runner/.nvm
verify-debug	Run verbose Verify (skip ITs)	2026-09-27T10:31:00.3272692Z [DEBUG] env.OLDPWD: /home/runner/work/spring-postgres-boilerplate/spring-postgres-boilerplate
verify-debug	Run verbose Verify (skip ITs)	2026-09-27T10:31:00.3275547Z [DEBUG] env.PATH: /opt/hostedtoolcache/Java_Temurin-Hotspot_jdk/21.0.12-1/x64/bin:/snap/bin:/home/runner/.local/bin:/opt/pipx_bin:/home/runner/.cargo/bin:/home/runner/.config/composer/vendor/bin:/usr/local/.ghcup/bin:/home/runner/.dotnet/tools:/usr/local/sbin:/usr/local/bin:/usr/sbin:/usr/bin:/sbin:/bin:/usr/games:/usr/local/games:/snap/bin
verify-debug	Run verbose Verify (skip ITs)	2026-09-27T10:31:00.3278346Z [DEBUG] env.PIPX_BIN_DIR: /opt/pipx_bin
verify-debug	Run verbose Verify (skip ITs)	2026-09-27T10:31:00.3279025Z [DEBUG] env.PIPX_HOME: /opt/pipx
verify-debug	Run verbose Verify (skip ITs)	2026-09-27T10:31:00.3279796Z [DEBUG] env.POWERSHELL_DISTRIBUTION_CHANNEL: GitHub-Actions-Linux
verify-debug	Run verbose Verify (skip ITs)	2026-09-27T10:31:00.3281718Z [DEBUG] env.PSModulePath: /root/.local/share/powershell/Modules:/usr/local/share/powershell/Modules:/opt/microsoft/powershell/7/Modules:/usr/share/az_15.6.1
verify-debug	Run verbose Verify (skip ITs)	2026-09-27T10:31:00.3283468Z [DEBUG] env.PWD: /home/runner/work/spring-postgres-boilerplate/spring-postgres-boilerplate
verify-debug	Run verbose Verify (skip ITs)	2026-09-27T10:31:00.3284464Z [DEBUG] env.RUNNER_ARCH: X64
verify-debug	Run verbose Verify (skip ITs)	2026-09-27T10:31:00.3285104Z [DEBUG] env.RUNNER_ENVIRONMENT: github-hosted
verify-debug	Run verbose Verify (skip ITs)	2026-09-27T10:31:00.3285908Z [DEBUG] env.RUNNER_NAME: GitHub Actions 1000000397
verify-debug	Run verbose Verify (skip ITs)	2026-09-27T10:31:00.3286640Z [DEBUG] env.RUNNER_OS: Linux
verify-debug	Run verbose Verify (skip ITs)	2026-09-27T10:31:00.3287294Z [DEBUG] env.RUNNER_TEMP: /home/runner/work/_temp
verify-debug	Run verbose Verify (skip ITs)	2026-09-27T10:31:00.3288061Z [DEBUG] env.RUNNER_TOOL_CACHE: /opt/hostedtoolcache
verify-debug	Run verbose Verify (skip ITs)	2026-09-27T10:31:00.3288972Z [DEBUG] env.RUNNER_TRACKING_ID: github_79aa5dc6-7971-4dc2-b081-c8d2d60818f6
verify-debug	Run verbose Verify (skip ITs)	2026-09-27T10:31:00.3290043Z [DEBUG] env.RUNNER_WORKSPACE: /home/runner/work/spring-postgres-boilerplate
verify-debug	Run verbose Verify (skip ITs)	2026-09-27T10:31:00.3291286Z [DEBUG] env.SELENIUM_JAR_PATH: /usr/share/java/selenium-server.jar
verify-debug	Run verbose Verify (skip ITs)	2026-09-27T10:31:00.3292309Z [DEBUG] env.SGX_AESM_ADDR: 1
verify-debug	Run verbose Verify (skip ITs)	2026-09-27T10:31:00.3292913Z [DEBUG] env.SHELL: /bin/bash
verify-debug	Run verbose Verify (skip ITs)	2026-09-27T10:31:00.3293484Z [DEBUG] env.SHLVL: 1
verify-debug	Run verbose Verify (skip ITs)	2026-09-27T10:31:00.3294073Z [DEBUG] env.SWIFT_PATH: /usr/share/swift/usr/bin
verify-debug	Run verbose Verify (skip ITs)	2026-09-27T10:31:00.3294793Z [DEBUG] env.SYSTEMD_EXEC_PID: 2012
verify-debug	Run verbose Verify (skip ITs)	2026-09-27T10:31:00.3295416Z [DEBUG] env.USER: runner
verify-debug	Run verbose Verify (skip ITs)	2026-09-27T10:31:00.3296036Z [DEBUG] env.USE_BAZEL_FALLBACK_VERSION: silent:
verify-debug	Run verbose Verify (skip ITs)	2026-09-27T10:31:00.3296842Z [DEBUG] env.VCPKG_INSTALLATION_ROOT: /usr/local/share/vcpkg
verify-debug	Run verbose Verify (skip ITs)	2026-09-27T10:31:00.3297691Z [DEBUG] env.XDG_CONFIG_HOME: /home/runner/.config
verify-debug	Run verbose Verify (skip ITs)	2026-09-27T10:31:00.3298450Z [DEBUG] env.XDG_RUNTIME_DIR: /run/user/1001
verify-debug	Run verbose Verify (skip ITs)	2026-09-27T10:31:00.3299137Z [DEBUG] env._: /usr/bin/mvn
verify-debug	Run verbose Verify (skip ITs)	2026-09-27T10:31:00.3299752Z [DEBUG] file.encoding: UTF-8
verify-debug	Run verbose Verify (skip ITs)	2026-09-27T10:31:00.3300565Z [DEBUG] file.separator: /
verify-debug	Run verbose Verify (skip ITs)	2026-09-27T10:31:00.3301195Z [DEBUG] flyway.version: 11.7.2
verify-debug	Run verbose Verify (skip ITs)	2026-09-27T10:31:00.3301889Z [DEBUG] freemarker.version: 2.3.34
verify-debug	Run verbose Verify (skip ITs)	2026-09-27T10:31:00.3302720Z [DEBUG] git-commit-id-maven-plugin.version: 9.0.2
verify-debug	Run verbose Verify (skip ITs)	2026-09-27T10:31:00.3303634Z [DEBUG] glassfish-jaxb.version: 4.0.5
verify-debug	Run verbose Verify (skip ITs)	2026-09-27T10:31:00.3304486Z [DEBUG] glassfish-jstl.version: 3.0.1
verify-debug	Run verbose Verify (skip ITs)	2026-09-27T10:31:00.3305221Z [DEBUG] graphql-java.version: 24.1
verify-debug	Run verbose Verify (skip ITs)	2026-09-27T10:31:00.3305945Z [DEBUG] groovy.version: 4.0.28
verify-debug	Run verbose Verify (skip ITs)	2026-09-27T10:31:00.3306665Z [DEBUG] gson.version: 2.13.1
verify-debug	Run verbose Verify (skip ITs)	2026-09-27T10:31:00.3307329Z [DEBUG] h2.version: 2.3.232
verify-debug	Run verbose Verify (skip ITs)	2026-09-27T10:31:00.3307992Z [DEBUG] hamcrest.version: 3.0
verify-debug	Run verbose Verify (skip ITs)	2026-09-27T10:31:00.3308657Z [DEBUG] hazelcast.version: 5.5.0
verify-debug	Run verbose Verify (skip ITs)	2026-09-27T10:31:00.3309393Z [DEBUG] hibernate-validator.version: 8.0.3.Final
verify-debug	Run verbose Verify (skip ITs)	2026-09-27T10:31:00.3310192Z [DEBUG] hibernate.version: 6.6.26.Final
verify-debug	Run verbose Verify (skip ITs)	2026-09-27T10:31:00.3311243Z [DEBUG] hikaricp.version: 6.3.2
verify-debug	Run verbose Verify (skip ITs)	2026-09-27T10:31:00.3311935Z [DEBUG] hsqldb.version: 2.7.3
verify-debug	Run verbose Verify (skip ITs)	2026-09-27T10:31:00.3312600Z [DEBUG] htmlunit.version: 4.11.1
verify-debug	Run verbose Verify (skip ITs)	2026-09-27T10:31:00.3313274Z [DEBUG] httpasyncclient.version: 4.1.5
verify-debug	Run verbose Verify (skip ITs)	2026-09-27T10:31:00.3314054Z [DEBUG] httpclient5.version: 5.5
verify-debug	Run verbose Verify (skip ITs)	2026-09-27T10:31:00.3314708Z [DEBUG] httpcore.version: 4.4.16
verify-debug	Run verbose Verify (skip ITs)	2026-09-27T10:31:00.3315353Z [DEBUG] httpcore5.version: 5.3.4
verify-debug	Run verbose Verify (skip ITs)	2026-09-27T10:31:00.3315992Z [DEBUG] infinispan.version: 15.2.5.Final
verify-debug	Run verbose Verify (skip ITs)	2026-09-27T10:31:00.3316675Z [DEBUG] influxdb-java.version: 2.25
verify-debug	Run verbose Verify (skip ITs)	2026-09-27T10:31:00.3317332Z [DEBUG] jackson-bom.version: 2.19.2
verify-debug	Run verbose Verify (skip ITs)	2026-09-27T10:31:00.3318008Z [DEBUG] jakarta-activation.version: 2.1.3
verify-debug	Run verbose Verify (skip ITs)	2026-09-27T10:31:00.3318713Z [DEBUG] jakarta-annotation.version: 2.1.1
verify-debug	Run verbose Verify (skip ITs)	2026-09-27T10:31:00.3319390Z [DEBUG] jakarta-inject.version: 2.0.1
verify-debug	Run verbose Verify (skip ITs)	2026-09-27T10:31:00.3320030Z [DEBUG] jakarta-jms.version: 3.1.0
verify-debug	Run verbose Verify (skip ITs)	2026-09-27T10:31:00.3320890Z [DEBUG] jakarta-json-bind.version: 3.0.1
verify-debug	Run verbose Verify (skip ITs)	2026-09-27T10:31:00.3321555Z [DEBUG] jakarta-json.version: 2.1.3
verify-debug	Run verbose Verify (skip ITs)	2026-09-27T10:31:00.3322187Z [DEBUG] jakarta-mail.version: 2.1.3
verify-debug	Run verbose Verify (skip ITs)	2026-09-27T10:31:00.3323060Z [DEBUG] jakarta-management.version: 1.1.4
verify-debug	Run verbose Verify (skip ITs)	2026-09-27T10:31:00.3323770Z [DEBUG] jakarta-persistence.version: 3.1.0
verify-debug	Run verbose Verify (skip ITs)	2026-09-27T10:31:00.3324518Z [DEBUG] jakarta-servlet-jsp-jstl.version: 3.0.2
verify-debug	Run verbose Verify (skip ITs)	2026-09-27T10:31:00.3325270Z [DEBUG] jakarta-servlet.version: 6.0.0
verify-debug	Run verbose Verify (skip ITs)	2026-09-27T10:31:00.3325973Z [DEBUG] jakarta-transaction.version: 2.0.1
verify-debug	Run verbose Verify (skip ITs)	2026-09-27T10:31:00.3326678Z [DEBUG] jakarta-validation.version: 3.0.2
verify-debug	Run verbose Verify (skip ITs)	2026-09-27T10:31:00.3327474Z [DEBUG] jakarta-websocket.version: 2.1.1
verify-debug	Run verbose Verify (skip ITs)	2026-09-27T10:31:00.3328168Z [DEBUG] jakarta-ws-rs.version: 3.1.0
verify-debug	Run verbose Verify (skip ITs)	2026-09-27T10:31:00.3328847Z [DEBUG] jakarta-xml-bind.version: 4.0.2
verify-debug	Run verbose Verify (skip ITs)	2026-09-27T10:31:00.3329533Z [DEBUG] jakarta-xml-soap.version: 3.0.2
verify-debug	Run verbose Verify (skip ITs)	2026-09-27T10:31:00.3330402Z [DEBUG] jakarta-xml-ws.version: 4.0.2
verify-debug	Run verbose Verify (skip ITs)	2026-09-27T10:31:00.3331091Z [DEBUG] janino.version: 3.1.12
verify-debug	Run verbose Verify (skip ITs)	2026-09-27T10:31:00.3332032Z [DEBUG] java.class.path: /usr/share/apache-maven-3.9.16/boot/plexus-classworlds-2.11.0.jar
verify-debug	Run verbose Verify (skip ITs)	2026-09-27T10:31:00.3333034Z [DEBUG] java.class.version: 65.0
verify-debug	Run verbose Verify (skip ITs)	2026-09-27T10:31:00.3333749Z [DEBUG] java.home: /usr/lib/jvm/temurin-21-jdk-amd64
verify-debug	Run verbose Verify (skip ITs)	2026-09-27T10:31:00.3334492Z [DEBUG] java.io.tmpdir: /tmp
verify-debug	Run verbose Verify (skip ITs)	2026-09-27T10:31:00.3335327Z [DEBUG] java.library.path: /usr/java/packages/lib:/usr/lib64:/lib64:/lib:/usr/lib
verify-debug	Run verbose Verify (skip ITs)	2026-09-27T10:31:00.3336538Z [DEBUG] java.runtime.name: OpenJDK Runtime Environment
verify-debug	Run verbose Verify (skip ITs)	2026-09-27T10:31:00.3337312Z [DEBUG] java.runtime.version: 21.0.12.1+1-LTS
verify-debug	Run verbose Verify (skip ITs)	2026-09-27T10:31:00.3338207Z [DEBUG] java.specification.name: Java Platform API Specification
verify-debug	Run verbose Verify (skip ITs)	2026-09-27T10:31:00.3339393Z [DEBUG] java.specification.vendor: Oracle Corporation
verify-debug	Run verbose Verify (skip ITs)	2026-09-27T10:31:00.3340448Z [DEBUG] java.specification.version: 21
verify-debug	Run verbose Verify (skip ITs)	2026-09-27T10:31:00.3341279Z [DEBUG] java.vendor: Eclipse Adoptium
verify-debug	Run verbose Verify (skip ITs)	2026-09-27T10:31:00.3342001Z [DEBUG] java.vendor.url: https://adoptium.net/
verify-debug	Run verbose Verify (skip ITs)	2026-09-27T10:31:00.3342956Z [DEBUG] java.vendor.url.bug: https://github.com/adoptium/adoptium-support/issues
verify-debug	Run verbose Verify (skip ITs)	2026-09-27T10:31:00.3343933Z [DEBUG] java.vendor.version: Temurin-21.0.12.1+1
verify-debug	Run verbose Verify (skip ITs)	2026-09-27T10:31:00.3344663Z [DEBUG] java.version: 21.0.12.1
verify-debug	Run verbose Verify (skip ITs)	2026-09-27T10:31:00.3345297Z [DEBUG] java.version.date: 2026-08-18
verify-debug	Run verbose Verify (skip ITs)	2026-09-27T10:31:00.3346005Z [DEBUG] java.vm.compressedOopsMode: Zero based
verify-debug	Run verbose Verify (skip ITs)	2026-09-27T10:31:00.3346758Z [DEBUG] java.vm.info: mixed mode, sharing
verify-debug	Run verbose Verify (skip ITs)	2026-09-27T10:31:00.3347473Z [DEBUG] java.vm.name: OpenJDK 64-Bit Server VM
verify-debug	Run verbose Verify (skip ITs)	2026-09-27T10:31:00.3348356Z [DEBUG] java.vm.specification.name: Java Virtual Machine Specification
verify-debug	Run verbose Verify (skip ITs)	2026-09-27T10:31:00.3349339Z [DEBUG] java.vm.specification.vendor: Oracle Corporation
verify-debug	Run verbose Verify (skip ITs)	2026-09-27T10:31:00.3350165Z [DEBUG] java.vm.specification.version: 21
verify-debug	Run verbose Verify (skip ITs)	2026-09-27T10:31:00.3351120Z [DEBUG] java.vm.vendor: Eclipse Adoptium
verify-debug	Run verbose Verify (skip ITs)	2026-09-27T10:31:00.3351870Z [DEBUG] java.vm.version: 21.0.12.1+1-LTS
verify-debug	Run verbose Verify (skip ITs)	2026-09-27T10:31:00.3352521Z [DEBUG] javax-cache.version: 1.1.1
verify-debug	Run verbose Verify (skip ITs)	2026-09-27T10:31:00.3353154Z [DEBUG] javax-money.version: 1.1
verify-debug	Run verbose Verify (skip ITs)	2026-09-27T10:31:00.3353778Z [DEBUG] jaxen.version: 2.0.0
verify-debug	Run verbose Verify (skip ITs)	2026-09-27T10:31:00.3354370Z [DEBUG] jaybird.version: 6.0.2
verify-debug	Run verbose Verify (skip ITs)	2026-09-27T10:31:00.3354992Z [DEBUG] jboss-logging.version: 3.6.1.Final
verify-debug	Run verbose Verify (skip ITs)	2026-09-27T10:31:00.3355657Z [DEBUG] jdk.debug: release
verify-debug	Run verbose Verify (skip ITs)	2026-09-27T10:31:00.3356238Z [DEBUG] jdom2.version: 2.0.6.1
verify-debug	Run verbose Verify (skip ITs)	2026-09-27T10:31:00.3356827Z [DEBUG] jedis.version: 6.0.0
verify-debug	Run verbose Verify (skip ITs)	2026-09-27T10:31:00.3357410Z [DEBUG] jersey.version: 3.1.11
verify-debug	Run verbose Verify (skip ITs)	2026-09-27T10:31:00.3358075Z [DEBUG] jetty-reactive-httpclient.version: 4.0.11
verify-debug	Run verbose Verify (skip ITs)	2026-09-27T10:31:00.3358804Z [DEBUG] jetty.version: 12.0.25
verify-debug	Run verbose Verify (skip ITs)	2026-09-27T10:31:00.3359390Z [DEBUG] jjwt.version: 0.11.5
verify-debug	Run verbose Verify (skip ITs)	2026-09-27T10:31:00.3360028Z [DEBUG] jmustache.version: 1.16
verify-debug	Run verbose Verify (skip ITs)	2026-09-27T10:31:00.3360844Z [DEBUG] jooq.version: 3.19.25
verify-debug	Run verbose Verify (skip ITs)	2026-09-27T10:31:00.3361450Z [DEBUG] json-path.version: 2.9.0
verify-debug	Run verbose Verify (skip ITs)	2026-09-27T10:31:00.3362082Z [DEBUG] json-smart.version: 2.5.2
verify-debug	Run verbose Verify (skip ITs)	2026-09-27T10:31:00.3362706Z [DEBUG] jsonassert.version: 1.5.3
verify-debug	Run verbose Verify (skip ITs)	2026-09-27T10:31:00.3363323Z [DEBUG] jtds.version: 1.3.1
verify-debug	Run verbose Verify (skip ITs)	2026-09-27T10:31:00.3363922Z [DEBUG] junit-jupiter.version: 5.12.2
verify-debug	Run verbose Verify (skip ITs)	2026-09-27T10:31:00.3364561Z [DEBUG] junit.version: 4.13.2
verify-debug	Run verbose Verify (skip ITs)	2026-09-27T10:31:00.3365157Z [DEBUG] kafka.version: 3.9.1
verify-debug	Run verbose Verify (skip ITs)	2026-09-27T10:31:00.3365783Z [DEBUG] kotlin-coroutines.version: 1.8.1
verify-debug	Run verbose Verify (skip ITs)	2026-09-27T10:31:00.3366749Z [DEBUG] kotlin-serialization.version: 1.6.3
verify-debug	Run verbose Verify (skip ITs)	2026-09-27T10:31:00.3367430Z [DEBUG] kotlin.version: 1.9.25
verify-debug	Run verbose Verify (skip ITs)	2026-09-27T10:31:00.3368059Z [DEBUG] lettuce.version: 6.6.0.RELEASE
verify-debug	Run verbose Verify (skip ITs)	2026-09-27T10:31:00.3368915Z [DEBUG] library.jansi.path: /usr/share/apache-maven-3.9.16/lib/jansi-native
verify-debug	Run verbose Verify (skip ITs)	2026-09-27T10:31:00.3369783Z [DEBUG] line.separator: 
verify-debug	Run verbose Verify (skip ITs)	2026-09-27T10:31:00.3370385Z 
verify-debug	Run verbose Verify (skip ITs)	2026-09-27T10:31:00.3370742Z [DEBUG] liquibase.version: 4.31.1
verify-debug	Run verbose Verify (skip ITs)	2026-09-27T10:31:00.3371368Z [DEBUG] log4j2.version: 2.24.3
verify-debug	Run verbose Verify (skip ITs)	2026-09-27T10:31:00.3371965Z [DEBUG] logback.version: 1.5.18
verify-debug	Run verbose Verify (skip ITs)	2026-09-27T10:31:00.3372562Z [DEBUG] lombok.version: 1.18.38
verify-debug	Run verbose Verify (skip ITs)	2026-09-27T10:31:00.3373175Z [DEBUG] mapstruct.version: 1.6.3
verify-debug	Run verbose Verify (skip ITs)	2026-09-27T10:31:00.3373786Z [DEBUG] mariadb.version: 3.5.5
verify-debug	Run verbose Verify (skip ITs)	2026-09-27T10:31:00.3374425Z [DEBUG] maven-antrun-plugin.version: 3.1.0
verify-debug	Run verbose Verify (skip ITs)	2026-09-27T10:31:00.3375140Z [DEBUG] maven-assembly-plugin.version: 3.7.1
verify-debug	Run verbose Verify (skip ITs)	2026-09-27T10:31:00.3375863Z [DEBUG] maven-clean-plugin.version: 3.4.1
verify-debug	Run verbose Verify (skip ITs)	2026-09-27T10:31:00.3376588Z [DEBUG] maven-compiler-plugin.version: 3.14.0
verify-debug	Run verbose Verify (skip ITs)	2026-09-27T10:31:00.3377348Z [DEBUG] maven-dependency-plugin.version: 3.8.1
verify-debug	Run verbose Verify (skip ITs)	2026-09-27T10:31:00.3378094Z [DEBUG] maven-deploy-plugin.version: 3.1.4
verify-debug	Run verbose Verify (skip ITs)	2026-09-27T10:31:00.3378864Z [DEBUG] maven-enforcer-plugin.version: 3.5.0
verify-debug	Run verbose Verify (skip ITs)	2026-09-27T10:31:00.3379791Z [DEBUG] maven-failsafe-plugin.version: 3.5.3
verify-debug	Run verbose Verify (skip ITs)	2026-09-27T10:31:00.3380708Z [DEBUG] maven-help-plugin.version: 3.5.1
verify-debug	Run verbose Verify (skip ITs)	2026-09-27T10:31:00.3381418Z [DEBUG] maven-install-plugin.version: 3.1.4
verify-debug	Run verbose Verify (skip ITs)	2026-09-27T10:31:00.3382140Z [DEBUG] maven-invoker-plugin.version: 3.9.1
verify-debug	Run verbose Verify (skip ITs)	2026-09-27T10:31:00.3382842Z [DEBUG] maven-jar-plugin.version: 3.4.2
verify-debug	Run verbose Verify (skip ITs)	2026-09-27T10:31:00.3383546Z [DEBUG] maven-javadoc-plugin.version: 3.11.3
verify-debug	Run verbose Verify (skip ITs)	2026-09-27T10:31:00.3384278Z [DEBUG] maven-resources-plugin.version: 3.3.1
verify-debug	Run verbose Verify (skip ITs)	2026-09-27T10:31:00.3385005Z [DEBUG] maven-shade-plugin.version: 3.6.0
verify-debug	Run verbose Verify (skip ITs)	2026-09-27T10:31:00.3385693Z [DEBUG] maven-source-plugin.version: 3.3.1
verify-debug	Run verbose Verify (skip ITs)	2026-09-27T10:31:00.3386508Z [DEBUG] maven-surefire-plugin.version: 3.5.3
verify-debug	Run verbose Verify (skip ITs)	2026-09-27T10:31:00.3387223Z [DEBUG] maven-war-plugin.version: 3.4.0
verify-debug	Run verbose Verify (skip ITs)	2026-09-27T10:31:00.3387947Z [DEBUG] maven.build.timestamp: 2026-09-27T10:31:00Z
verify-debug	Run verbose Verify (skip ITs)	2026-09-27T10:31:00.3388966Z [DEBUG] maven.build.version: Apache Maven 3.9.16 (2bdd9fddda4b155ebf8000e807eb73fd829a51d5)
verify-debug	Run verbose Verify (skip ITs)	2026-09-27T10:31:00.3389984Z [DEBUG] maven.compiler.release: 21
verify-debug	Run verbose Verify (skip ITs)	2026-09-27T10:31:00.3390922Z [DEBUG] maven.conf: /usr/share/apache-maven-3.9.16/conf
verify-debug	Run verbose Verify (skip ITs)	2026-09-27T10:31:00.3391749Z [DEBUG] maven.home: /usr/share/apache-maven-3.9.16
verify-debug	Run verbose Verify (skip ITs)	2026-09-27T10:31:00.3393036Z [DEBUG] maven.multiModuleProjectDirectory: /home/runner/work/spring-postgres-boilerplate/spring-postgres-boilerplate
verify-debug	Run verbose Verify (skip ITs)	2026-09-27T10:31:00.3394297Z [DEBUG] maven.version: 3.9.16
verify-debug	Run verbose Verify (skip ITs)	2026-09-27T10:31:00.3394958Z [DEBUG] micrometer-tracing.version: 1.5.3
verify-debug	Run verbose Verify (skip ITs)	2026-09-27T10:31:00.3395674Z [DEBUG] micrometer.version: 1.15.3
verify-debug	Run verbose Verify (skip ITs)	2026-09-27T10:31:00.3396341Z [DEBUG] mockito.version: 5.17.0
verify-debug	Run verbose Verify (skip ITs)	2026-09-27T10:31:00.3396978Z [DEBUG] mongodb.version: 5.5.1
verify-debug	Run verbose Verify (skip ITs)	2026-09-27T10:31:00.3397641Z [DEBUG] mssql-jdbc.version: 12.10.1.jre11
verify-debug	Run verbose Verify (skip ITs)	2026-09-27T10:31:00.3398359Z [DEBUG] mysql.version: 9.4.0
verify-debug	Run verbose Verify (skip ITs)	2026-09-27T10:31:00.3399112Z [DEBUG] native-build-tools-plugin.version: 0.10.6
verify-debug	Run verbose Verify (skip ITs)	2026-09-27T10:31:00.3399906Z [DEBUG] native.encoding: UTF-8
verify-debug	Run verbose Verify (skip ITs)	2026-09-27T10:31:00.3400757Z [DEBUG] nekohtml.version: 1.9.22
verify-debug	Run verbose Verify (skip ITs)	2026-09-27T10:31:00.3401483Z [DEBUG] neo4j-java-driver.version: 5.28.9
verify-debug	Run verbose Verify (skip ITs)	2026-09-27T10:31:00.3402163Z [DEBUG] netty.version: 4.1.124.Final
verify-debug	Run verbose Verify (skip ITs)	2026-09-27T10:31:00.3402819Z [DEBUG] opentelemetry.version: 1.49.0
verify-debug	Run verbose Verify (skip ITs)	2026-09-27T10:31:00.3403527Z [DEBUG] oracle-database.version: 23.7.0.25.01
verify-debug	Run verbose Verify (skip ITs)	2026-09-27T10:31:00.3404228Z [DEBUG] oracle-r2dbc.version: 1.3.0
verify-debug	Run verbose Verify (skip ITs)	2026-09-27T10:31:00.3404872Z [DEBUG] os.arch: amd64
verify-debug	Run verbose Verify (skip ITs)	2026-09-27T10:31:00.3405405Z [DEBUG] os.name: Linux
verify-debug	Run verbose Verify (skip ITs)	2026-09-27T10:31:00.3405959Z [DEBUG] os.version: 6.17.0-1022-azure
verify-debug	Run verbose Verify (skip ITs)	2026-09-27T10:31:00.3406582Z [DEBUG] path.separator: :
verify-debug	Run verbose Verify (skip ITs)	2026-09-27T10:31:00.3407162Z [DEBUG] pooled-jms.version: 3.1.7
verify-debug	Run verbose Verify (skip ITs)	2026-09-27T10:31:00.3407788Z [DEBUG] postgresql.version: 42.7.7
verify-debug	Run verbose Verify (skip ITs)	2026-09-27T10:31:00.3408818Z [DEBUG] project.baseUri: file:/home/runner/work/spring-postgres-boilerplate/spring-postgres-boilerplate/
verify-debug	Run verbose Verify (skip ITs)	2026-09-27T10:31:00.3410185Z [DEBUG] project.build.sourceEncoding: UTF-8
verify-debug	Run verbose Verify (skip ITs)	2026-09-27T10:31:00.3411136Z [DEBUG] project.reporting.outputEncoding: UTF-8
verify-debug	Run verbose Verify (skip ITs)	2026-09-27T10:31:00.3411895Z [DEBUG] prometheus-client.version: 1.3.10
verify-debug	Run verbose Verify (skip ITs)	2026-09-27T10:31:00.3412637Z [DEBUG] prometheus-simpleclient.version: 0.16.0
verify-debug	Run verbose Verify (skip ITs)	2026-09-27T10:31:00.3413376Z [DEBUG] pulsar-reactive.version: 0.6.0
verify-debug	Run verbose Verify (skip ITs)	2026-09-27T10:31:00.3414036Z [DEBUG] pulsar.version: 4.0.6
verify-debug	Run verbose Verify (skip ITs)	2026-09-27T10:31:00.3414641Z [DEBUG] quartz.version: 2.5.0
verify-debug	Run verbose Verify (skip ITs)	2026-09-27T10:31:00.3415242Z [DEBUG] querydsl.version: 5.1.0
verify-debug	Run verbose Verify (skip ITs)	2026-09-27T10:31:00.3415966Z [DEBUG] r2dbc-h2.version: 1.0.0.RELEASE
verify-debug	Run verbose Verify (skip ITs)	2026-09-27T10:31:00.3416650Z [DEBUG] r2dbc-mariadb.version: 1.3.0
verify-debug	Run verbose Verify (skip ITs)	2026-09-27T10:31:00.3417313Z [DEBUG] r2dbc-mssql.version: 1.0.2.RELEASE
verify-debug	Run verbose Verify (skip ITs)	2026-09-27T10:31:00.3418004Z [DEBUG] r2dbc-mysql.version: 1.4.1
verify-debug	Run verbose Verify (skip ITs)	2026-09-27T10:31:00.3418669Z [DEBUG] r2dbc-pool.version: 1.0.2.RELEASE
verify-debug	Run verbose Verify (skip ITs)	2026-09-27T10:31:00.3419399Z [DEBUG] r2dbc-postgresql.version: 1.0.7.RELEASE
verify-debug	Run verbose Verify (skip ITs)	2026-09-27T10:31:00.3420162Z [DEBUG] r2dbc-proxy.version: 1.1.6.RELEASE
verify-debug	Run verbose Verify (skip ITs)	2026-09-27T10:31:00.3421100Z [DEBUG] r2dbc-spi.version: 1.0.0.RELEASE
verify-debug	Run verbose Verify (skip ITs)	2026-09-27T10:31:00.3421805Z [DEBUG] rabbit-amqp-client.version: 5.25.0
verify-debug	Run verbose Verify (skip ITs)	2026-09-27T10:31:00.3422808Z [DEBUG] rabbit-stream-client.version: 0.23.0
verify-debug	Run verbose Verify (skip ITs)	2026-09-27T10:31:00.3423659Z [DEBUG] reactive-streams.version: 1.0.4
verify-debug	Run verbose Verify (skip ITs)	2026-09-27T10:31:00.3424467Z [DEBUG] reactor-bom.version: 2024.0.9
verify-debug	Run verbose Verify (skip ITs)	2026-09-27T10:31:00.3425146Z [DEBUG] resource.delimiter: @
verify-debug	Run verbose Verify (skip ITs)	2026-09-27T10:31:00.3425775Z [DEBUG] rest-assured.version: 5.5.6
verify-debug	Run verbose Verify (skip ITs)	2026-09-27T10:31:00.3426415Z [DEBUG] rsocket.version: 1.1.5
verify-debug	Run verbose Verify (skip ITs)	2026-09-27T10:31:00.3427027Z [DEBUG] rxjava3.version: 3.1.11
verify-debug	Run verbose Verify (skip ITs)	2026-09-27T10:31:00.3427649Z [DEBUG] saaj-impl.version: 3.0.4
verify-debug	Run verbose Verify (skip ITs)	2026-09-27T10:31:00.3428299Z [DEBUG] selenium-htmlunit.version: 4.30.0
verify-debug	Run verbose Verify (skip ITs)	2026-09-27T10:31:00.3428974Z [DEBUG] selenium.version: 4.31.0
verify-debug	Run verbose Verify (skip ITs)	2026-09-27T10:31:00.3429598Z [DEBUG] sendgrid.version: 4.10.3
verify-debug	Run verbose Verify (skip ITs)	2026-09-27T10:31:00.3430197Z [DEBUG] skipITs: true
verify-debug	Run verbose Verify (skip ITs)	2026-09-27T10:31:00.3430973Z [DEBUG] slf4j.version: 2.0.17
verify-debug	Run verbose Verify (skip ITs)	2026-09-27T10:31:00.3431593Z [DEBUG] snakeyaml.version: 2.4
verify-debug	Run verbose Verify (skip ITs)	2026-09-27T10:31:00.3432219Z [DEBUG] spring-amqp.version: 3.2.6
verify-debug	Run verbose Verify (skip ITs)	2026-09-27T10:31:00.3432934Z [DEBUG] spring-authorization-server.version: 1.5.2
verify-debug	Run verbose Verify (skip ITs)	2026-09-27T10:31:00.3447308Z [DEBUG] spring-batch.version: 5.2.2
verify-debug	Run verbose Verify (skip ITs)	2026-09-27T10:31:00.3461134Z [DEBUG] spring-boot.run.main-class: ${start-class}
verify-debug	Run verbose Verify (skip ITs)	2026-09-27T10:31:00.3461917Z [DEBUG] spring-data-bom.version: 2025.0.3
verify-debug	Run verbose Verify (skip ITs)	2026-09-27T10:31:00.3462602Z [DEBUG] spring-framework.version: 6.2.10
verify-debug	Run verbose Verify (skip ITs)	2026-09-27T10:31:00.3463248Z [DEBUG] spring-graphql.version: 1.4.1
verify-debug	Run verbose Verify (skip ITs)	2026-09-27T10:31:00.3463942Z [DEBUG] spring-hateoas.version: 2.5.1
verify-debug	Run verbose Verify (skip ITs)	2026-09-27T10:31:00.3464580Z [DEBUG] spring-integration.version: 6.5.1
verify-debug	Run verbose Verify (skip ITs)	2026-09-27T10:31:00.3465217Z [DEBUG] spring-kafka.version: 3.3.9
verify-debug	Run verbose Verify (skip ITs)	2026-09-27T10:31:00.3465814Z [DEBUG] spring-ldap.version: 3.3.3
verify-debug	Run verbose Verify (skip ITs)	2026-09-27T10:31:00.3466438Z [DEBUG] spring-pulsar.version: 1.2.9
verify-debug	Run verbose Verify (skip ITs)	2026-09-27T10:31:00.3467074Z [DEBUG] spring-restdocs.version: 3.0.5
verify-debug	Run verbose Verify (skip ITs)	2026-09-27T10:31:00.3467710Z [DEBUG] spring-retry.version: 2.0.12
verify-debug	Run verbose Verify (skip ITs)	2026-09-27T10:31:00.3468358Z [DEBUG] spring-security.version: 6.5.3
verify-debug	Run verbose Verify (skip ITs)	2026-09-27T10:31:00.3468981Z [DEBUG] spring-session.version: 3.5.2
verify-debug	Run verbose Verify (skip ITs)	2026-09-27T10:31:00.3469584Z [DEBUG] spring-ws.version: 4.1.1
verify-debug	Run verbose Verify (skip ITs)	2026-09-27T10:31:00.3470470Z [DEBUG] sqlite-jdbc.version: 3.49.1.0
verify-debug	Run verbose Verify (skip ITs)	2026-09-27T10:31:00.3471187Z [DEBUG] stderr.encoding: UTF-8
verify-debug	Run verbose Verify (skip ITs)	2026-09-27T10:31:00.3471771Z [DEBUG] stdout.encoding: UTF-8
verify-debug	Run verbose Verify (skip ITs)	2026-09-27T10:31:00.3472346Z [DEBUG] sun.arch.data.model: 64
verify-debug	Run verbose Verify (skip ITs)	2026-09-27T10:31:00.3473120Z [DEBUG] sun.boot.library.path: /usr/lib/jvm/temurin-21-jdk-amd64/lib
verify-debug	Run verbose Verify (skip ITs)	2026-09-27T10:31:00.3473967Z [DEBUG] sun.cpu.endian: little
verify-debug	Run verbose Verify (skip ITs)	2026-09-27T10:31:00.3474610Z [DEBUG] sun.io.unicode.encoding: UnicodeLittle
verify-debug	Run verbose Verify (skip ITs)	2026-09-27T10:31:00.3475776Z [DEBUG] sun.java.command: org.codehaus.plexus.classworlds.launcher.Launcher -X -e -DskipITs=true -B clean verify
verify-debug	Run verbose Verify (skip ITs)	2026-09-27T10:31:00.3491402Z [DEBUG] sun.java.launcher: SUN_STANDARD
verify-debug	Run verbose Verify (skip ITs)	2026-09-27T10:31:00.3510856Z [DEBUG] sun.jnu.encoding: UTF-8
verify-debug	Run verbose Verify (skip ITs)	2026-09-27T10:31:00.3530968Z [DEBUG] sun.management.compiler: HotSpot 64-Bit Tiered Compilers
verify-debug	Run verbose Verify (skip ITs)	2026-09-27T10:31:00.3600995Z [DEBUG] testcontainers-redis-module.version: 2.2.4
verify-debug	Run verbose Verify (skip ITs)	2026-09-27T10:31:00.3601640Z [DEBUG] testcontainers.version: 1.21.3
verify-debug	Run verbose Verify (skip ITs)	2026-09-27T10:31:00.3602279Z [DEBUG] thymeleaf-extras-data-attribute.version: 2.0.1
verify-debug	Run verbose Verify (skip ITs)	2026-09-27T10:31:00.3644516Z [DEBUG] thymeleaf-extras-springsecurity.version: 3.1.3.RELEASE
verify-debug	Run verbose Verify (skip ITs)	2026-09-27T10:31:00.3681489Z [DEBUG] thymeleaf-layout-dialect.version: 3.4.0
verify-debug	Run verbose Verify (skip ITs)	2026-09-27T10:31:00.3682336Z [DEBUG] thymeleaf.version: 3.1.3.RELEASE
verify-debug	Run verbose Verify (skip ITs)	2026-09-27T10:31:00.3731488Z [DEBUG] tomcat.version: 10.1.44
verify-debug	Run verbose Verify (skip ITs)	2026-09-27T10:31:00.3781170Z [DEBUG] unboundid-ldapsdk.version: 7.0.3
verify-debug	Run verbose Verify (skip ITs)	2026-09-27T10:31:00.3782048Z [DEBUG] undertow.version: 2.3.18.Final
verify-debug	Run verbose Verify (skip ITs)	2026-09-27T10:31:00.3791445Z [DEBUG] user.dir: /home/runner/work/spring-postgres-boilerplate/spring-postgres-boilerplate
verify-debug	Run verbose Verify (skip ITs)	2026-09-27T10:31:00.3792433Z [DEBUG] user.home: /home/runner
verify-debug	Run verbose Verify (skip ITs)	2026-09-27T10:31:00.3792966Z [DEBUG] user.language: en
verify-debug	Run verbose Verify (skip ITs)	2026-09-27T10:31:00.3793465Z [DEBUG] user.name: runner
verify-debug	Run verbose Verify (skip ITs)	2026-09-27T10:31:00.3794010Z [DEBUG] versions-maven-plugin.version: 2.18.0
verify-debug	Run verbose Verify (skip ITs)	2026-09-27T10:31:00.3794669Z [DEBUG] vibur.version: 26.0
verify-debug	Run verbose Verify (skip ITs)	2026-09-27T10:31:00.3795214Z [DEBUG] webjars-locator-core.version: 0.59
verify-debug	Run verbose Verify (skip ITs)	2026-09-27T10:31:00.3795834Z [DEBUG] webjars-locator-lite.version: 1.1.0
verify-debug	Run verbose Verify (skip ITs)	2026-09-27T10:31:00.3796956Z [DEBUG] wsdl4j.version: 1.6.3
verify-debug	Run verbose Verify (skip ITs)	2026-09-27T10:31:00.3797493Z [DEBUG] xml-maven-plugin.version: 1.1.0
verify-debug	Run verbose Verify (skip ITs)	2026-09-27T10:31:00.3798082Z [DEBUG] xmlunit2.version: 2.10.3
verify-debug	Run verbose Verify (skip ITs)	2026-09-27T10:31:00.3798616Z [DEBUG] yasson.version: 3.0.4
verify-debug	Run verbose Verify (skip ITs)	2026-09-27T10:31:00.3799176Z [DEBUG] zipkin-reporter.version: 3.5.1
verify-debug	Run verbose Verify (skip ITs)	2026-09-27T10:31:00.3799843Z [DEBUG] Using 'UTF-8' encoding to copy filtered resources.
verify-debug	Run verbose Verify (skip ITs)	2026-09-27T10:31:00.3800848Z [DEBUG] Using 'UTF-8' encoding to copy filtered properties files.
verify-debug	Run verbose Verify (skip ITs)	2026-09-27T10:31:00.3801623Z [DEBUG] resource with targetPath null
verify-debug	Run verbose Verify (skip ITs)	2026-09-27T10:31:00.3802534Z directory /home/runner/work/spring-postgres-boilerplate/spring-postgres-boilerplate/src/main/resources
verify-debug	Run verbose Verify (skip ITs)	2026-09-27T10:31:00.3803150Z excludes []
verify-debug	Run verbose Verify (skip ITs)	2026-09-27T10:31:00.3803505Z includes [**/application*.yml, **/application*.yaml, **/application*.properties]
verify-debug	Run verbose Verify (skip ITs)	2026-09-27T10:31:00.3803935Z [DEBUG] ignoreDelta true
verify-debug	Run verbose Verify (skip ITs)	2026-09-27T10:31:00.3804271Z [INFO] Copying 5 resources from src/main/resources to target/classes
verify-debug	Run verbose Verify (skip ITs)	2026-09-27T10:31:00.3804654Z [DEBUG] Copying file application.yml
verify-debug	Run verbose Verify (skip ITs)	2026-09-27T10:31:00.3804998Z [DEBUG] file application.yml has a filtered file extension
verify-debug	Run verbose Verify (skip ITs)	2026-09-27T10:31:00.3805450Z [DEBUG] Using 'UTF-8' encoding to copy filtered resource 'application.yml'.
verify-debug	Run verbose Verify (skip ITs)	2026-09-27T10:31:00.3806583Z [DEBUG] filtering /home/runner/work/spring-postgres-boilerplate/spring-postgres-boilerplate/src/main/resources/application.yml to /home/runner/work/spring-postgres-boilerplate/spring-postgres-boilerplate/target/classes/application.yml
verify-debug	Run verbose Verify (skip ITs)	2026-09-27T10:31:00.3807650Z [DEBUG] Copying file application-local.yml
verify-debug	Run verbose Verify (skip ITs)	2026-09-27T10:31:00.3808030Z [DEBUG] file application-local.yml has a filtered file extension
verify-debug	Run verbose Verify (skip ITs)	2026-09-27T10:31:00.3808534Z [DEBUG] Using 'UTF-8' encoding to copy filtered resource 'application-local.yml'.
verify-debug	Run verbose Verify (skip ITs)	2026-09-27T10:31:00.3809721Z [DEBUG] filtering /home/runner/work/spring-postgres-boilerplate/spring-postgres-boilerplate/src/main/resources/application-local.yml to /home/runner/work/spring-postgres-boilerplate/spring-postgres-boilerplate/target/classes/application-local.yml
verify-debug	Run verbose Verify (skip ITs)	2026-09-27T10:31:00.3810956Z [DEBUG] Copying file application-dev.yml
verify-debug	Run verbose Verify (skip ITs)	2026-09-27T10:31:00.3811317Z [DEBUG] file application-dev.yml has a filtered file extension
verify-debug	Run verbose Verify (skip ITs)	2026-09-27T10:31:00.3812163Z [DEBUG] Using 'UTF-8' encoding to copy filtered resource 'application-dev.yml'.
verify-debug	Run verbose Verify (skip ITs)	2026-09-27T10:31:00.3814257Z [DEBUG] filtering /home/runner/work/spring-postgres-boilerplate/spring-postgres-boilerplate/src/main/resources/application-dev.yml to /home/runner/work/spring-postgres-boilerplate/spring-postgres-boilerplate/target/classes/application-dev.yml
verify-debug	Run verbose Verify (skip ITs)	2026-09-27T10:31:00.3816148Z [DEBUG] Copying file application-prod.yml
verify-debug	Run verbose Verify (skip ITs)	2026-09-27T10:31:00.3816787Z [DEBUG] file application-prod.yml has a filtered file extension
verify-debug	Run verbose Verify (skip ITs)	2026-09-27T10:31:00.3817634Z [DEBUG] Using 'UTF-8' encoding to copy filtered resource 'application-prod.yml'.
verify-debug	Run verbose Verify (skip ITs)	2026-09-27T10:31:00.3820081Z [DEBUG] filtering /home/runner/work/spring-postgres-boilerplate/spring-postgres-boilerplate/src/main/resources/application-prod.yml to /home/runner/work/spring-postgres-boilerplate/spring-postgres-boilerplate/target/classes/application-prod.yml
verify-debug	Run verbose Verify (skip ITs)	2026-09-27T10:31:00.3822263Z [DEBUG] Copying file application-test.yml
verify-debug	Run verbose Verify (skip ITs)	2026-09-27T10:31:00.3822922Z [DEBUG] file application-test.yml has a filtered file extension
verify-debug	Run verbose Verify (skip ITs)	2026-09-27T10:31:00.3823813Z [DEBUG] Using 'UTF-8' encoding to copy filtered resource 'application-test.yml'.
verify-debug	Run verbose Verify (skip ITs)	2026-09-27T10:31:00.3825962Z [DEBUG] filtering /home/runner/work/spring-postgres-boilerplate/spring-postgres-boilerplate/src/main/resources/application-test.yml to /home/runner/work/spring-postgres-boilerplate/spring-postgres-boilerplate/target/classes/application-test.yml
verify-debug	Run verbose Verify (skip ITs)	2026-09-27T10:31:00.3854288Z [DEBUG] resource with targetPath null
verify-debug	Run verbose Verify (skip ITs)	2026-09-27T10:31:00.3855205Z directory /home/runner/work/spring-postgres-boilerplate/spring-postgres-boilerplate/src/main/resources
verify-debug	Run verbose Verify (skip ITs)	2026-09-27T10:31:00.3856332Z excludes [**/application*.yml, **/application*.yaml, **/application*.properties]
verify-debug	Run verbose Verify (skip ITs)	2026-09-27T10:31:00.3856988Z includes []
verify-debug	Run verbose Verify (skip ITs)	2026-09-27T10:31:00.3857639Z [DEBUG] ignoreDelta true
verify-debug	Run verbose Verify (skip ITs)	2026-09-27T10:31:00.3858212Z [INFO] Copying 5 resources from src/main/resources to target/classes
verify-debug	Run verbose Verify (skip ITs)	2026-09-27T10:31:00.3858884Z [DEBUG] Copying file logback-spring.xml
verify-debug	Run verbose Verify (skip ITs)	2026-09-27T10:31:00.3859481Z [DEBUG] file logback-spring.xml has a filtered file extension
verify-debug	Run verbose Verify (skip ITs)	2026-09-27T10:31:00.3860553Z [DEBUG] Using 'UTF-8' encoding to copy filtered resource 'logback-spring.xml'.
verify-debug	Run verbose Verify (skip ITs)	2026-09-27T10:31:00.3862458Z [DEBUG] copy /home/runner/work/spring-postgres-boilerplate/spring-postgres-boilerplate/src/main/resources/logback-spring.xml to /home/runner/work/spring-postgres-boilerplate/spring-postgres-boilerplate/target/classes/logback-spring.xml
verify-debug	Run verbose Verify (skip ITs)	2026-09-27T10:31:00.3864380Z [DEBUG] Copying file db/migration/V2__add_refresh_tokens.sql
verify-debug	Run verbose Verify (skip ITs)	2026-09-27T10:31:00.3865171Z [DEBUG] file V2__add_refresh_tokens.sql has a filtered file extension
verify-debug	Run verbose Verify (skip ITs)	2026-09-27T10:31:00.3866050Z [DEBUG] Using 'UTF-8' encoding to copy filtered resource 'V2__add_refresh_tokens.sql'.
verify-debug	Run verbose Verify (skip ITs)	2026-09-27T10:31:00.3868319Z [DEBUG] copy /home/runner/work/spring-postgres-boilerplate/spring-postgres-boilerplate/src/main/resources/db/migration/V2__add_refresh_tokens.sql to /home/runner/work/spring-postgres-boilerplate/spring-postgres-boilerplate/target/classes/db/migration/V2__add_refresh_tokens.sql
verify-debug	Run verbose Verify (skip ITs)	2026-09-27T10:31:00.3870597Z [DEBUG] Copying file db/migration/V1__init.sql
verify-debug	Run verbose Verify (skip ITs)	2026-09-27T10:31:00.3871255Z [DEBUG] file V1__init.sql has a filtered file extension
verify-debug	Run verbose Verify (skip ITs)	2026-09-27T10:31:00.3872004Z [DEBUG] Using 'UTF-8' encoding to copy filtered resource 'V1__init.sql'.
verify-debug	Run verbose Verify (skip ITs)	2026-09-27T10:31:00.3874049Z [DEBUG] copy /home/runner/work/spring-postgres-boilerplate/spring-postgres-boilerplate/src/main/resources/db/migration/V1__init.sql to /home/runner/work/spring-postgres-boilerplate/spring-postgres-boilerplate/target/classes/db/migration/V1__init.sql
verify-debug	Run verbose Verify (skip ITs)	2026-09-27T10:31:00.3876051Z [DEBUG] Copying file db/migration/V4__add_test_results.sql
verify-debug	Run verbose Verify (skip ITs)	2026-09-27T10:31:00.3876784Z [DEBUG] file V4__add_test_results.sql has a filtered file extension
verify-debug	Run verbose Verify (skip ITs)	2026-09-27T10:31:00.3877667Z [DEBUG] Using 'UTF-8' encoding to copy filtered resource 'V4__add_test_results.sql'.
verify-debug	Run verbose Verify (skip ITs)	2026-09-27T10:31:00.3879994Z [DEBUG] copy /home/runner/work/spring-postgres-boilerplate/spring-postgres-boilerplate/src/main/resources/db/migration/V4__add_test_results.sql to /home/runner/work/spring-postgres-boilerplate/spring-postgres-boilerplate/target/classes/db/migration/V4__add_test_results.sql
verify-debug	Run verbose Verify (skip ITs)	2026-09-27T10:31:00.3882573Z [DEBUG] Copying file db/migration/V3__make_refresh_token_hash_varchar.sql
verify-debug	Run verbose Verify (skip ITs)	2026-09-27T10:31:00.3883519Z [DEBUG] file V3__make_refresh_token_hash_varchar.sql has a filtered file extension
verify-debug	Run verbose Verify (skip ITs)	2026-09-27T10:31:00.3884585Z [DEBUG] Using 'UTF-8' encoding to copy filtered resource 'V3__make_refresh_token_hash_varchar.sql'.
verify-debug	Run verbose Verify (skip ITs)	2026-09-27T10:31:00.3887154Z [DEBUG] copy /home/runner/work/spring-postgres-boilerplate/spring-postgres-boilerplate/src/main/resources/db/migration/V3__make_refresh_token_hash_varchar.sql to /home/runner/work/spring-postgres-boilerplate/spring-postgres-boilerplate/target/classes/db/migration/V3__make_refresh_token_hash_varchar.sql
verify-debug	Run verbose Verify (skip ITs)	2026-09-27T10:31:00.3889704Z [DEBUG] no user filter components
verify-debug	Run verbose Verify (skip ITs)	2026-09-27T10:31:00.3890154Z [INFO] 
verify-debug	Run verbose Verify (skip ITs)	2026-09-27T10:31:00.3891013Z [INFO] --- compiler:3.14.0:compile (default-compile) @ spring-postgres-boilerplate ---
verify-debug	Run verbose Verify (skip ITs)	2026-09-27T10:31:00.3892326Z [DEBUG] Using mirror maven-default-http-blocker (http://0.0.0.0/) for apache.snapshots (http://repository.apache.org/snapshots).
verify-debug	Run verbose Verify (skip ITs)	2026-09-27T10:31:00.4054112Z [DEBUG] Dependency collection stats {ConflictMarker.analyzeTime=39855, ConflictMarker.markTime=32651, ConflictMarker.nodeCount=22, ConflictIdSorter.graphTime=14407, ConflictIdSorter.topsortTime=21320, ConflictIdSorter.conflictIdCount=14, ConflictIdSorter.conflictIdCycleCount=0, ConflictResolver.totalTime=297096, ConflictResolver.conflictItemCount=22, DfDependencyCollector.collectTime=53081818, DfDependencyCollector.transformTime=429414}
verify-debug	Run verbose Verify (skip ITs)	2026-09-27T10:31:00.4080778Z [DEBUG] org.apache.maven.plugins:maven-compiler-plugin:jar:3.14.0
verify-debug	Run verbose Verify (skip ITs)	2026-09-27T10:31:00.4101227Z [DEBUG]    org.apache.maven.shared:maven-shared-utils:jar:3.4.2:compile
verify-debug	Run verbose Verify (skip ITs)	2026-09-27T10:31:00.4102313Z [DEBUG]       org.slf4j:slf4j-api:jar:1.7.36:compile
verify-debug	Run verbose Verify (skip ITs)	2026-09-27T10:31:00.4102946Z [DEBUG]       commons-io:commons-io:jar:2.11.0:compile
verify-debug	Run verbose Verify (skip ITs)	2026-09-27T10:31:00.4103657Z [DEBUG]    org.apache.maven.shared:maven-shared-incremental:jar:1.1:compile
verify-debug	Run verbose Verify (skip ITs)	2026-09-27T10:31:00.4104425Z [DEBUG]    org.codehaus.plexus:plexus-java:jar:1.4.0:compile
verify-debug	Run verbose Verify (skip ITs)	2026-09-27T10:31:00.4105001Z [DEBUG]       org.ow2.asm:asm:jar:9.7.1:compile
verify-debug	Run verbose Verify (skip ITs)	2026-09-27T10:31:00.4105549Z [DEBUG]       com.thoughtworks.qdox:qdox:jar:2.2.0:compile
verify-debug	Run verbose Verify (skip ITs)	2026-09-27T10:31:00.4106213Z [DEBUG]    org.codehaus.plexus:plexus-compiler-api:jar:2.15.0:compile
verify-debug	Run verbose Verify (skip ITs)	2026-09-27T10:31:00.4106976Z [DEBUG]    org.codehaus.plexus:plexus-compiler-manager:jar:2.15.0:compile
verify-debug	Run verbose Verify (skip ITs)	2026-09-27T10:31:00.4107638Z [DEBUG]       javax.inject:javax.inject:jar:1:compile
verify-debug	Run verbose Verify (skip ITs)	2026-09-27T10:31:00.4108397Z [DEBUG]       org.codehaus.plexus:plexus-xml:jar:3.0.1:compile (version managed from default)
verify-debug	Run verbose Verify (skip ITs)	2026-09-27T10:31:00.4109358Z [DEBUG]    org.codehaus.plexus:plexus-compiler-javac:jar:2.15.0:runtime
verify-debug	Run verbose Verify (skip ITs)	2026-09-27T10:31:00.4110164Z [DEBUG]    org.codehaus.plexus:plexus-utils:jar:4.0.1:compile
verify-debug	Run verbose Verify (skip ITs)	2026-09-27T10:31:00.4111342Z [DEBUG] Created new class realm plugin>org.apache.maven.plugins:maven-compiler-plugin:3.14.0
verify-debug	Run verbose Verify (skip ITs)	2026-09-27T10:31:00.4112602Z [DEBUG] Importing foreign packages into class realm plugin>org.apache.maven.plugins:maven-compiler-plugin:3.14.0
verify-debug	Run verbose Verify (skip ITs)	2026-09-27T10:31:00.4113614Z [DEBUG]   Imported:  < maven.api
verify-debug	Run verbose Verify (skip ITs)	2026-09-27T10:31:00.4114403Z [DEBUG] Populating class realm plugin>org.apache.maven.plugins:maven-compiler-plugin:3.14.0
verify-debug	Run verbose Verify (skip ITs)	2026-09-27T10:31:00.4115371Z [DEBUG]   Included: org.apache.maven.plugins:maven-compiler-plugin:jar:3.14.0
verify-debug	Run verbose Verify (skip ITs)	2026-09-27T10:31:00.4116281Z [DEBUG]   Included: org.apache.maven.shared:maven-shared-utils:jar:3.4.2
verify-debug	Run verbose Verify (skip ITs)	2026-09-27T10:31:00.4117076Z [DEBUG]   Included: commons-io:commons-io:jar:2.11.0
verify-debug	Run verbose Verify (skip ITs)	2026-09-27T10:31:00.4117821Z [DEBUG]   Included: org.apache.maven.shared:maven-shared-incremental:jar:1.1
verify-debug	Run verbose Verify (skip ITs)	2026-09-27T10:31:00.4118686Z [DEBUG]   Included: org.codehaus.plexus:plexus-java:jar:1.4.0
verify-debug	Run verbose Verify (skip ITs)	2026-09-27T10:31:00.4119342Z [DEBUG]   Included: org.ow2.asm:asm:jar:9.7.1
verify-debug	Run verbose Verify (skip ITs)	2026-09-27T10:31:00.4119916Z [DEBUG]   Included: com.thoughtworks.qdox:qdox:jar:2.2.0
verify-debug	Run verbose Verify (skip ITs)	2026-09-27T10:31:00.4120938Z [DEBUG]   Included: org.codehaus.plexus:plexus-compiler-api:jar:2.15.0
verify-debug	Run verbose Verify (skip ITs)	2026-09-27T10:31:00.4121818Z [DEBUG]   Included: org.codehaus.plexus:plexus-compiler-manager:jar:2.15.0
verify-debug	Run verbose Verify (skip ITs)	2026-09-27T10:31:00.4122577Z [DEBUG]   Included: org.codehaus.plexus:plexus-xml:jar:3.0.1
verify-debug	Run verbose Verify (skip ITs)	2026-09-27T10:31:00.4123334Z [DEBUG]   Included: org.codehaus.plexus:plexus-compiler-javac:jar:2.15.0
verify-debug	Run verbose Verify (skip ITs)	2026-09-27T10:31:00.4124108Z [DEBUG]   Included: org.codehaus.plexus:plexus-utils:jar:4.0.1
verify-debug	Run verbose Verify (skip ITs)	2026-09-27T10:31:00.4484017Z [DEBUG] Loading mojo org.apache.maven.plugins:maven-compiler-plugin:3.14.0:compile from plugin realm ClassRealm[plugin>org.apache.maven.plugins:maven-compiler-plugin:3.14.0, parent: jdk.internal.loader.ClassLoaders$AppClassLoader@c387f44]
verify-debug	Run verbose Verify (skip ITs)	2026-09-27T10:31:00.4519021Z [DEBUG] Configuring mojo execution 'org.apache.maven.plugins:maven-compiler-plugin:3.14.0:compile:default-compile' with basic configurator -->
verify-debug	Run verbose Verify (skip ITs)	2026-09-27T10:31:00.4528791Z [DEBUG]   (s) groupId = org.mapstruct
verify-debug	Run verbose Verify (skip ITs)	2026-09-27T10:31:00.4529649Z [DEBUG]   (s) artifactId = mapstruct-processor
verify-debug	Run verbose Verify (skip ITs)	2026-09-27T10:31:00.4530434Z [DEBUG]   (s) version = 1.6.3
verify-debug	Run verbose Verify (skip ITs)	2026-09-27T10:31:00.4531200Z [DEBUG]   (f) annotationProcessorPaths = [org.mapstruct:mapstruct-processor:1.6.3.jar]
verify-debug	Run verbose Verify (skip ITs)	2026-09-27T10:31:00.4532135Z [DEBUG]   (f) annotationProcessorPathsUseDepMgmt = false
verify-debug	Run verbose Verify (skip ITs)	2026-09-27T10:31:00.4533075Z [DEBUG]   (f) basedir = /home/runner/work/spring-postgres-boilerplate/spring-postgres-boilerplate
verify-debug	Run verbose Verify (skip ITs)	2026-09-27T10:31:00.4552048Z [DEBUG]   (f) buildDirectory = /home/runner/work/spring-postgres-boilerplate/spring-postgres-boilerplate/target
verify-debug	Run verbose Verify (skip ITs)	2026-09-27T10:31:00.4629900Z [DEBUG]   (f) compilePath = [/home/runner/work/spring-postgres-boilerplate/spring-postgres-boilerplate/target/classes, /home/runner/.m2/repository/org/springframework/boot/spring-boot-starter-web/3.5.5/spring-boot-starter-web-3.5.5.jar, /home/runner/.m2/repository/org/springframework/boot/spring-boot-starter/3.5.5/spring-boot-starter-3.5.5.jar, /home/runner/.m2/repository/org/springframework/boot/spring-boot-starter-logging/3.5.5/spring-boot-starter-logging-3.5.5.jar, /home/runner/.m2/repository/ch/qos/logback/logback-classic/1.5.18/logback-classic-1.5.18.jar, /home/runner/.m2/repository/ch/qos/logback/logback-core/1.5.18/logback-core-1.5.18.jar, /home/runner/.m2/repository/org/apache/logging/log4j/log4j-to-slf4j/2.24.3/log4j-to-slf4j-2.24.3.jar, /home/runner/.m2/repository/org/apache/logging/log4j/log4j-api/2.24.3/log4j-api-2.24.3.jar, /home/runner/.m2/repository/org/slf4j/jul-to-slf4j/2.0.17/jul-to-slf4j-2.0.17.jar, /home/runner/.m2/repository/jakarta/annotation/jakarta.annotation-api/2.1.1/jakarta.annotation-api-2.1.1.jar, /home/runner/.m2/repository/org/yaml/snakeyaml/2.4/snakeyaml-2.4.jar, /home/runner/.m2/repository/org/springframework/boot/spring-boot-starter-json/3.5.5/spring-boot-starter-json-3.5.5.jar, /home/runner/.m2/repository/com/fasterxml/jackson/datatype/jackson-datatype-jdk8/2.19.2/jackson-datatype-jdk8-2.19.2.jar, /home/runner/.m2/repository/com/fasterxml/jackson/module/jackson-module-parameter-names/2.19.2/jackson-module-parameter-names-2.19.2.jar, /home/runner/.m2/repository/org/springframework/boot/spring-boot-starter-tomcat/3.5.5/spring-boot-starter-tomcat-3.5.5.jar, /home/runner/.m2/repository/org/apache/tomcat/embed/tomcat-embed-core/10.1.44/tomcat-embed-core-10.1.44.jar, /home/runner/.m2/repository/org/apache/tomcat/embed/tomcat-embed-websocket/10.1.44/tomcat-embed-websocket-10.1.44.jar, /home/runner/.m2/repository/org/springframework/spring-web/6.2.10/spring-web-6.2.10.jar, /home/runner/.m2/repository/org/springframework/spring-beans/6.2.10/spring-beans-6.2.10.jar, /home/runner/.m2/repository/org/springframework/spring-webmvc/6.2.10/spring-webmvc-6.2.10.jar, /home/runner/.m2/repository/org/springframework/spring-context/6.2.10/spring-context-6.2.10.jar, /home/runner/.m2/repository/org/springframework/spring-expression/6.2.10/spring-expression-6.2.10.jar, /home/runner/.m2/repository/org/springframework/boot/spring-boot-starter-data-jpa/3.5.5/spring-boot-starter-data-jpa-3.5.5.jar, /home/runner/.m2/repository/org/springframework/boot/spring-boot-starter-jdbc/3.5.5/spring-boot-starter-jdbc-3.5.5.jar, /home/runner/.m2/repository/com/zaxxer/HikariCP/6.3.2/HikariCP-6.3.2.jar, /home/runner/.m2/repository/org/springframework/spring-jdbc/6.2.10/spring-jdbc-6.2.10.jar, /home/runner/.m2/repository/org/hibernate/orm/hibernate-core/6.6.26.Final/hibernate-core-6.6.26.Final.jar, /home/runner/.m2/repository/jakarta/persistence/jakarta.persistence-api/3.1.0/jakarta.persistence-api-3.1.0.jar, /home/runner/.m2/repository/jakarta/transaction/jakarta.transaction-api/2.0.1/jakarta.transaction-api-2.0.1.jar, /home/runner/.m2/repository/org/jboss/logging/jboss-logging/3.6.1.Final/jboss-logging-3.6.1.Final.jar, /home/runner/.m2/repository/com/fasterxml/classmate/1.7.0/classmate-1.7.0.jar, /home/runner/.m2/repository/org/antlr/antlr4-runtime/4.13.0/antlr4-runtime-4.13.0.jar, /home/runner/.m2/repository/org/springframework/data/spring-data-jpa/3.5.3/spring-data-jpa-3.5.3.jar, /home/runner/.m2/repository/org/springframework/data/spring-data-commons/3.5.3/spring-data-commons-3.5.3.jar, /home/runner/.m2/repository/org/springframework/spring-orm/6.2.10/spring-orm-6.2.10.jar, /home/runner/.m2/repository/org/springframework/spring-tx/6.2.10/spring-tx-6.2.10.jar, /home/runner/.m2/repository/org/slf4j/slf4j-api/2.0.17/slf4j-api-2.0.17.jar, /home/runner/.m2/repository/org/springframework/spring-aspects/6.2.10/spring-aspects-6.2.10.jar, /home/runner/.m2/repository/org/springframework/boot/spring-boot-starter-validation/3.5.5/spring-boot-starter-validation-3.5.5.jar, /home/runner/.m2/repository/org/apache/tomcat/embed/tomcat-embed-el/10.1.44/tomcat-embed-el-10.1.44.jar, /home/runner/.m2/repository/org/hibernate/validator/hibernate-validator/8.0.3.Final/hibernate-validator-8.0.3.Final.jar, /home/runner/.m2/repository/jakarta/validation/jakarta.validation-api/3.0.2/jakarta.validation-api-3.0.2.jar, /home/runner/.m2/repository/org/springframework/boot/spring-boot-starter-security/3.5.5/spring-boot-starter-security-3.5.5.jar, /home/runner/.m2/repository/org/springframework/spring-aop/6.2.10/spring-aop-6.2.10.jar, /home/runner/.m2/repository/org/springframework/security/spring-security-config/6.5.3/spring-security-config-6.5.3.jar, /home/runner/.m2/repository/org/springframework/security/spring-security-web/6.5.3/spring-security-web-6.5.3.jar, /home/runner/.m2/repository/org/springframework/boot/spring-boot-starter-actuator/3.5.5/spring-boot-starter-actuator-3.5.5.jar, /home/runner/.m2/repository/org/springframework/boot/spring-boot-actuator-autoconfigure/3.5.5/spring-boot-actuator-autoconfigure-3.5.5.jar, /home/runner/.m2/repository/org/springframework/boot/spring-boot-actuator/3.5.5/spring-boot-actuator-3.5.5.jar, /home/runner/.m2/repository/io/micrometer/micrometer-observation/1.15.3/micrometer-observation-1.15.3.jar, /home/runner/.m2/repository/io/micrometer/micrometer-commons/1.15.3/micrometer-commons-1.15.3.jar, /home/runner/.m2/repository/io/micrometer/micrometer-jakarta9/1.15.3/micrometer-jakarta9-1.15.3.jar, /home/runner/.m2/repository/org/springframework/boot/spring-boot-starter-aop/3.5.5/spring-boot-starter-aop-3.5.5.jar, /home/runner/.m2/repository/org/aspectj/aspectjweaver/1.9.24/aspectjweaver-1.9.24.jar, /home/runner/.m2/repository/org/flywaydb/flyway-core/11.7.2/flyway-core-11.7.2.jar, /home/runner/.m2/repository/com/fasterxml/jackson/dataformat/jackson-dataformat-toml/2.19.2/jackson-dataformat-toml-2.19.2.jar, /home/runner/.m2/repository/com/fasterxml/jackson/core/jackson-core/2.19.2/jackson-core-2.19.2.jar, /home/runner/.m2/repository/com/fasterxml/jackson/datatype/jackson-datatype-jsr310/2.19.2/jackson-datatype-jsr310-2.19.2.jar, /home/runner/.m2/repository/com/fasterxml/jackson/core/jackson-annotations/2.19.2/jackson-annotations-2.19.2.jar, /home/runner/.m2/repository/org/mapstruct/mapstruct/1.6.3/mapstruct-1.6.3.jar, /home/runner/.m2/repository/io/jsonwebtoken/jjwt-api/0.11.5/jjwt-api-0.11.5.jar, /home/runner/.m2/repository/com/fasterxml/jackson/core/jackson-databind/2.19.2/jackson-databind-2.19.2.jar, /home/runner/.m2/repository/net/logstash/logback/logstash-logback-encoder/9.0/logstash-logback-encoder-9.0.jar, /home/runner/.m2/repository/tools/jackson/core/jackson-databind/3.0.1/jackson-databind-3.0.1.jar, /home/runner/.m2/repository/tools/jackson/core/jackson-core/3.0.1/jackson-core-3.0.1.jar, /home/runner/.m2/repository/org/springdoc/springdoc-openapi-starter-webmvc-ui/2.8.13/springdoc-openapi-starter-webmvc-ui-2.8.13.jar, /home/runner/.m2/repository/org/springdoc/springdoc-openapi-starter-webmvc-api/2.8.13/springdoc-openapi-starter-webmvc-api-2.8.13.jar, /home/runner/.m2/repository/org/springdoc/springdoc-openapi-starter-common/2.8.13/springdoc-openapi-starter-common-2.8.13.jar, /home/runner/.m2/repository/io/swagger/core/v3/swagger-core-jakarta/2.2.36/swagger-core-jakarta-2.2.36.jar, /home/runner/.m2/repository/org/apache/commons/commons-lang3/3.17.0/commons-lang3-3.17.0.jar, /home/runner/.m2/repository/io/swagger/core/v3/swagger-annotations-jakarta/2.2.36/swagger-annotations-jakarta-2.2.36.jar, /home/runner/.m2/repository/io/swagger/core/v3/swagger-models-jakarta/2.2.36/swagger-models-jakarta-2.2.36.jar, /home/runner/.m2/repository/com/fasterxml/jackson/dataformat/jackson-dataformat-yaml/2.19.2/jackson-dataformat-yaml-2.19.2.jar, /home/runner/.m2/repository/org/webjars/swagger-ui/5.28.1/swagger-ui-5.28.1.jar, /home/runner/.m2/repository/org/webjars/webjars-locator-lite/1.1.0/webjars-locator-lite-1.1.0.jar, /home/runner/.m2/repository/org/jspecify/jspecify/1.0.0/jspecify-1.0.0.jar, /home/runner/.m2/repository/io/micrometer/micrometer-registry-prometheus/1.15.3/micrometer-registry-prometheus-1.15.3.jar, /home/runner/.m2/repository/io/micrometer/micrometer-core/1.15.3/micrometer-core-1.15.3.jar, /home/runner/.m2/repository/io/prometheus/prometheus-metrics-core/1.3.10/prometheus-metrics-core-1.3.10.jar, /home/runner/.m2/repository/io/prometheus/prometheus-metrics-model/1.3.10/prometheus-metrics-model-1.3.10.jar, /home/runner/.m2/repository/io/prometheus/prometheus-metrics-config/1.3.10/prometheus-metrics-config-1.3.10.jar, /home/runner/.m2/repository/io/prometheus/prometheus-metrics-tracer-common/1.3.10/prometheus-metrics-tracer-common-1.3.10.jar, /home/runner/.m2/repository/org/springframework/boot/spring-boot/3.5.5/spring-boot-3.5.5.jar, /home/runner/.m2/repository/org/springframework/boot/spring-boot-autoconfigure/3.5.5/spring-boot-autoconfigure-3.5.5.jar, /home/runner/.m2/repository/jakarta/xml/bind/jakarta.xml.bind-api/4.0.2/jakarta.xml.bind-api-4.0.2.jar, /home/runner/.m2/repository/jakarta/activation/jakarta.activation-api/2.1.3/jakarta.activation-api-2.1.3.jar, /home/runner/.m2/repository/org/springframework/spring-core/6.2.10/spring-core-6.2.10.jar, /home/runner/.m2/repository/org/springframework/spring-jcl/6.2.10/spring-jcl-6.2.10.jar, /home/runner/.m2/repository/org/springframework/security/spring-security-core/6.5.3/spring-security-core-6.5.3.jar, /home/runner/.m2/repository/org/springframework/security/spring-security-crypto/6.5.3/spring-security-crypto-6.5.3.jar]
verify-debug	Run verbose Verify (skip ITs)	2026-09-27T10:31:00.4680092Z [DEBUG]   (f) compileSourceRoots = [/home/runner/work/spring-postgres-boilerplate/spring-postgres-boilerplate/src/main/java]
verify-debug	Run verbose Verify (skip ITs)	2026-09-27T10:31:00.4681436Z [DEBUG]   (f) compilerId = javac
verify-debug	Run verbose Verify (skip ITs)	2026-09-27T10:31:00.4681986Z [DEBUG]   (f) createMissingPackageInfoClass = true
verify-debug	Run verbose Verify (skip ITs)	2026-09-27T10:31:00.4682570Z [DEBUG]   (f) debug = true
verify-debug	Run verbose Verify (skip ITs)	2026-09-27T10:31:00.4683072Z [DEBUG]   (f) debugFileName = javac
verify-debug	Run verbose Verify (skip ITs)	2026-09-27T10:31:00.4683559Z [DEBUG]   (f) enablePreview = false
verify-debug	Run verbose Verify (skip ITs)	2026-09-27T10:31:00.4684040Z [DEBUG]   (f) encoding = UTF-8
verify-debug	Run verbose Verify (skip ITs)	2026-09-27T10:31:00.4684503Z [DEBUG]   (f) failOnError = true
verify-debug	Run verbose Verify (skip ITs)	2026-09-27T10:31:00.4684966Z [DEBUG]   (f) failOnWarning = false
verify-debug	Run verbose Verify (skip ITs)	2026-09-27T10:31:00.4685491Z [DEBUG]   (f) fileExtensions = [jar, class]
verify-debug	Run verbose Verify (skip ITs)	2026-09-27T10:31:00.4686037Z [DEBUG]   (f) forceJavacCompilerUse = false
verify-debug	Run verbose Verify (skip ITs)	2026-09-27T10:31:00.4686593Z [DEBUG]   (f) forceLegacyJavacApi = false
verify-debug	Run verbose Verify (skip ITs)	2026-09-27T10:31:00.4687098Z [DEBUG]   (f) fork = false
verify-debug	Run verbose Verify (skip ITs)	2026-09-27T10:31:00.4688292Z [DEBUG]   (f) generatedSourcesDirectory = /home/runner/work/spring-postgres-boilerplate/spring-postgres-boilerplate/target/generated-sources/annotations
verify-debug	Run verbose Verify (skip ITs)	2026-09-27T10:31:00.4689622Z [DEBUG]   (f) moduleVersion = 0.1.0-SNAPSHOT
verify-debug	Run verbose Verify (skip ITs)	2026-09-27T10:31:00.4690901Z [DEBUG]   (f) mojoExecution = org.apache.maven.plugins:maven-compiler-plugin:3.14.0:compile {execution: default-compile}
verify-debug	Run verbose Verify (skip ITs)	2026-09-27T10:31:00.4691975Z [DEBUG]   (f) optimize = false
verify-debug	Run verbose Verify (skip ITs)	2026-09-27T10:31:00.4692970Z [DEBUG]   (f) outputDirectory = /home/runner/work/spring-postgres-boilerplate/spring-postgres-boilerplate/target/classes
verify-debug	Run verbose Verify (skip ITs)	2026-09-27T10:31:00.4694057Z [DEBUG]   (f) parameters = true
verify-debug	Run verbose Verify (skip ITs)	2026-09-27T10:31:00.4695422Z [DEBUG]   (f) project = MavenProject: com.example:spring-postgres-boilerplate:0.1.0-SNAPSHOT @ /home/runner/work/spring-postgres-boilerplate/spring-postgres-boilerplate/pom.xml
verify-debug	Run verbose Verify (skip ITs)	2026-09-27T10:31:00.4697390Z [DEBUG]   (f) projectArtifact = com.example:spring-postgres-boilerplate:jar:0.1.0-SNAPSHOT
verify-debug	Run verbose Verify (skip ITs)	2026-09-27T10:31:00.4698217Z [DEBUG]   (s) release = 21
verify-debug	Run verbose Verify (skip ITs)	2026-09-27T10:31:00.4698827Z [DEBUG]   (f) session = org.apache.maven.execution.MavenSession@44032fde
verify-debug	Run verbose Verify (skip ITs)	2026-09-27T10:31:00.4699569Z [DEBUG]   (f) showCompilationChanges = false
verify-debug	Run verbose Verify (skip ITs)	2026-09-27T10:31:00.4700113Z [DEBUG]   (f) showDeprecation = false
verify-debug	Run verbose Verify (skip ITs)	2026-09-27T10:31:00.4700848Z [DEBUG]   (f) showWarnings = true
verify-debug	Run verbose Verify (skip ITs)	2026-09-27T10:31:00.4701350Z [DEBUG]   (f) skipMultiThreadWarning = false
verify-debug	Run verbose Verify (skip ITs)	2026-09-27T10:31:00.4701876Z [DEBUG]   (f) source = 1.8
verify-debug	Run verbose Verify (skip ITs)	2026-09-27T10:31:00.4702301Z [DEBUG]   (f) staleMillis = 0
verify-debug	Run verbose Verify (skip ITs)	2026-09-27T10:31:00.4702739Z [DEBUG]   (s) target = 1.8
verify-debug	Run verbose Verify (skip ITs)	2026-09-27T10:31:00.4703210Z [DEBUG]   (f) useIncrementalCompilation = true
verify-debug	Run verbose Verify (skip ITs)	2026-09-27T10:31:00.4718482Z [DEBUG]   (f) verbose = false
verify-debug	Run verbose Verify (skip ITs)	2026-09-27T10:31:00.4719056Z [DEBUG] -- end configuration --
verify-debug	Run verbose Verify (skip ITs)	2026-09-27T10:31:00.4719531Z [DEBUG] Using compiler 'javac'.
verify-debug	Run verbose Verify (skip ITs)	2026-09-27T10:31:00.5168877Z [DEBUG] Adding /home/runner/work/spring-postgres-boilerplate/spring-postgres-boilerplate/target/generated-sources/annotations to compile source roots:
verify-debug	Run verbose Verify (skip ITs)	2026-09-27T10:31:00.5171111Z   /home/runner/work/spring-postgres-boilerplate/spring-postgres-boilerplate/src/main/java
verify-debug	Run verbose Verify (skip ITs)	2026-09-27T10:31:00.5172024Z [DEBUG] New compile source roots:
verify-debug	Run verbose Verify (skip ITs)	2026-09-27T10:31:00.5172783Z   /home/runner/work/spring-postgres-boilerplate/spring-postgres-boilerplate/src/main/java
verify-debug	Run verbose Verify (skip ITs)	2026-09-27T10:31:00.5174024Z   /home/runner/work/spring-postgres-boilerplate/spring-postgres-boilerplate/target/generated-sources/annotations
verify-debug	Run verbose Verify (skip ITs)	2026-09-27T10:31:00.5193878Z [DEBUG] Dependency collection stats {ConflictMarker.analyzeTime=17002, ConflictMarker.markTime=13555, ConflictMarker.nodeCount=2, ConflictIdSorter.graphTime=3226, ConflictIdSorter.topsortTime=8225, ConflictIdSorter.conflictIdCount=1, ConflictIdSorter.conflictIdCycleCount=0, ConflictResolver.totalTime=49342, ConflictResolver.conflictItemCount=1, DfDependencyCollector.collectTime=1651349, DfDependencyCollector.transformTime=108012}
verify-debug	Run verbose Verify (skip ITs)	2026-09-27T10:31:00.5197815Z [DEBUG] CompilerReuseStrategy: reuseCreated
verify-debug	Run verbose Verify (skip ITs)	2026-09-27T10:31:00.5200588Z [DEBUG] useIncrementalCompilation enabled
verify-debug	Run verbose Verify (skip ITs)	2026-09-27T10:31:00.5332148Z [INFO] 	Stale source detected: /home/runner/work/spring-postgres-boilerplate/spring-postgres-boilerplate/src/main/java/com/example/boilerplate/testresult/dto/UpdateTestResultRequest.java
verify-debug	Run verbose Verify (skip ITs)	2026-09-27T10:31:00.5334910Z [INFO] 	Stale source detected: /home/runner/work/spring-postgres-boilerplate/spring-postgres-boilerplate/src/main/java/com/example/boilerplate/auth/dto/RegisterRequest.java
verify-debug	Run verbose Verify (skip ITs)	2026-09-27T10:31:00.5337542Z [INFO] 	Stale source detected: /home/runner/work/spring-postgres-boilerplate/spring-postgres-boilerplate/src/main/java/com/example/boilerplate/common/exception/ConflictException.java
verify-debug	Run verbose Verify (skip ITs)	2026-09-27T10:31:00.5340520Z [INFO] 	Stale source detected: /home/runner/work/spring-postgres-boilerplate/spring-postgres-boilerplate/src/main/java/com/example/boilerplate/testresult/TestResultController.java
verify-debug	Run verbose Verify (skip ITs)	2026-09-27T10:31:00.5343299Z [INFO] 	Stale source detected: /home/runner/work/spring-postgres-boilerplate/spring-postgres-boilerplate/src/main/java/com/example/boilerplate/common/exception/GlobalExceptionHandler.java
verify-debug	Run verbose Verify (skip ITs)	2026-09-27T10:31:00.5346183Z [INFO] 	Stale source detected: /home/runner/work/spring-postgres-boilerplate/spring-postgres-boilerplate/src/main/java/com/example/boilerplate/security/CorsConfig.java
verify-debug	Run verbose Verify (skip ITs)	2026-09-27T10:31:00.5348751Z [INFO] 	Stale source detected: /home/runner/work/spring-postgres-boilerplate/spring-postgres-boilerplate/src/main/java/com/example/boilerplate/BoilerplateApplication.java
verify-debug	Run verbose Verify (skip ITs)	2026-09-27T10:31:00.5351591Z [INFO] 	Stale source detected: /home/runner/work/spring-postgres-boilerplate/spring-postgres-boilerplate/src/main/java/com/example/boilerplate/service/RefreshTokenCleanupService.java
verify-debug	Run verbose Verify (skip ITs)	2026-09-27T10:31:00.5354343Z [INFO] 	Stale source detected: /home/runner/work/spring-postgres-boilerplate/spring-postgres-boilerplate/src/main/java/com/example/boilerplate/common/exception/InvalidRefreshTokenException.java
verify-debug	Run verbose Verify (skip ITs)	2026-09-27T10:31:00.5357346Z [INFO] 	Stale source detected: /home/runner/work/spring-postgres-boilerplate/spring-postgres-boilerplate/src/main/java/com/example/boilerplate/testresult/TestResultRepository.java
verify-debug	Run verbose Verify (skip ITs)	2026-09-27T10:31:00.5359878Z [INFO] 	Stale source detected: /home/runner/work/spring-postgres-boilerplate/spring-postgres-boilerplate/src/main/java/com/example/boilerplate/testresult/TestStatus.java
verify-debug	Run verbose Verify (skip ITs)	2026-09-27T10:31:00.5362802Z [INFO] 	Stale source detected: /home/runner/work/spring-postgres-boilerplate/spring-postgres-boilerplate/src/main/java/com/example/boilerplate/common/exception/ApiError.java
verify-debug	Run verbose Verify (skip ITs)	2026-09-27T10:31:00.5365280Z [INFO] 	Stale source detected: /home/runner/work/spring-postgres-boilerplate/spring-postgres-boilerplate/src/main/java/com/example/boilerplate/user/UserService.java
verify-debug	Run verbose Verify (skip ITs)	2026-09-27T10:31:00.5367776Z [INFO] 	Stale source detected: /home/runner/work/spring-postgres-boilerplate/spring-postgres-boilerplate/src/main/java/com/example/boilerplate/common/entity/AuditableEntity.java
verify-debug	Run verbose Verify (skip ITs)	2026-09-27T10:31:00.5370534Z [INFO] 	Stale source detected: /home/runner/work/spring-postgres-boilerplate/spring-postgres-boilerplate/src/main/java/com/example/boilerplate/user/dto/UserResponse.java
verify-debug	Run verbose Verify (skip ITs)	2026-09-27T10:31:00.5373355Z [INFO] 	Stale source detected: /home/runner/work/spring-postgres-boilerplate/spring-postgres-boilerplate/src/main/java/com/example/boilerplate/auth/dto/RefreshTokenRequest.java
verify-debug	Run verbose Verify (skip ITs)	2026-09-27T10:31:00.5375873Z [INFO] 	Stale source detected: /home/runner/work/spring-postgres-boilerplate/spring-postgres-boilerplate/src/main/java/com/example/boilerplate/model/Role.java
verify-debug	Run verbose Verify (skip ITs)	2026-09-27T10:31:00.5378233Z [INFO] 	Stale source detected: /home/runner/work/spring-postgres-boilerplate/spring-postgres-boilerplate/src/main/java/com/example/boilerplate/model/RefreshToken.java
verify-debug	Run verbose Verify (skip ITs)	2026-09-27T10:31:00.5380840Z [INFO] 	Stale source detected: /home/runner/work/spring-postgres-boilerplate/spring-postgres-boilerplate/src/main/java/com/example/boilerplate/security/JwtService.java
verify-debug	Run verbose Verify (skip ITs)	2026-09-27T10:31:00.5383277Z [INFO] 	Stale source detected: /home/runner/work/spring-postgres-boilerplate/spring-postgres-boilerplate/src/main/java/com/example/boilerplate/user/UserMapper.java
verify-debug	Run verbose Verify (skip ITs)	2026-09-27T10:31:00.5385758Z [INFO] 	Stale source detected: /home/runner/work/spring-postgres-boilerplate/spring-postgres-boilerplate/src/main/java/com/example/boilerplate/testresult/TestResultService.java
verify-debug	Run verbose Verify (skip ITs)	2026-09-27T10:31:00.5388297Z [INFO] 	Stale source detected: /home/runner/work/spring-postgres-boilerplate/spring-postgres-boilerplate/src/main/java/com/example/boilerplate/service/AuthService.java
verify-debug	Run verbose Verify (skip ITs)	2026-09-27T10:31:00.5390990Z [INFO] 	Stale source detected: /home/runner/work/spring-postgres-boilerplate/spring-postgres-boilerplate/src/main/java/com/example/boilerplate/user/UserController.java
verify-debug	Run verbose Verify (skip ITs)	2026-09-27T10:31:00.5393457Z [INFO] 	Stale source detected: /home/runner/work/spring-postgres-boilerplate/spring-postgres-boilerplate/src/main/java/com/example/boilerplate/testresult/TestResult.java
verify-debug	Run verbose Verify (skip ITs)	2026-09-27T10:31:00.5396094Z [INFO] 	Stale source detected: /home/runner/work/spring-postgres-boilerplate/spring-postgres-boilerplate/src/main/java/com/example/boilerplate/testresult/dto/TestResultSummaryResponse.java
verify-debug	Run verbose Verify (skip ITs)	2026-09-27T10:31:00.5398739Z [INFO] 	Stale source detected: /home/runner/work/spring-postgres-boilerplate/spring-postgres-boilerplate/src/main/java/com/example/boilerplate/config/JwtProperties.java
verify-debug	Run verbose Verify (skip ITs)	2026-09-27T10:31:00.5401649Z [INFO] 	Stale source detected: /home/runner/work/spring-postgres-boilerplate/spring-postgres-boilerplate/src/main/java/com/example/boilerplate/security/JwtAuthenticationFilter.java
verify-debug	Run verbose Verify (skip ITs)	2026-09-27T10:31:00.5404313Z [INFO] 	Stale source detected: /home/runner/work/spring-postgres-boilerplate/spring-postgres-boilerplate/src/main/java/com/example/boilerplate/common/web/RequestCorrelationFilter.java
verify-debug	Run verbose Verify (skip ITs)	2026-09-27T10:31:00.5406946Z [INFO] 	Stale source detected: /home/runner/work/spring-postgres-boilerplate/spring-postgres-boilerplate/src/main/java/com/example/boilerplate/common/exception/NotFoundException.java
verify-debug	Run verbose Verify (skip ITs)	2026-09-27T10:31:00.5409598Z [INFO] 	Stale source detected: /home/runner/work/spring-postgres-boilerplate/spring-postgres-boilerplate/src/main/java/com/example/boilerplate/model/User.java
verify-debug	Run verbose Verify (skip ITs)	2026-09-27T10:31:00.5412316Z [INFO] 	Stale source detected: /home/runner/work/spring-postgres-boilerplate/spring-postgres-boilerplate/src/main/java/com/example/boilerplate/repository/RefreshTokenRepository.java
verify-debug	Run verbose Verify (skip ITs)	2026-09-27T10:31:00.5414908Z [INFO] 	Stale source detected: /home/runner/work/spring-postgres-boilerplate/spring-postgres-boilerplate/src/main/java/com/example/boilerplate/testresult/dto/CreateTestResultRequest.java
verify-debug	Run verbose Verify (skip ITs)	2026-09-27T10:31:00.5417424Z [INFO] 	Stale source detected: /home/runner/work/spring-postgres-boilerplate/spring-postgres-boilerplate/src/main/java/com/example/boilerplate/web/ApiError.java
verify-debug	Run verbose Verify (skip ITs)	2026-09-27T10:31:00.5419806Z [INFO] 	Stale source detected: /home/runner/work/spring-postgres-boilerplate/spring-postgres-boilerplate/src/main/java/com/example/boilerplate/user/UserRepository.java
verify-debug	Run verbose Verify (skip ITs)	2026-09-27T10:31:00.5422543Z [INFO] 	Stale source detected: /home/runner/work/spring-postgres-boilerplate/spring-postgres-boilerplate/src/main/java/com/example/boilerplate/config/SecurityConfig.java
verify-debug	Run verbose Verify (skip ITs)	2026-09-27T10:31:00.5424835Z [INFO] 	Stale source detected: /home/runner/work/spring-postgres-boilerplate/spring-postgres-boilerplate/src/main/java/com/example/boilerplate/auth/dto/AuthTokensResponse.java
verify-debug	Run verbose Verify (skip ITs)	2026-09-27T10:31:00.5426265Z [INFO] 	Stale source detected: /home/runner/work/spring-postgres-boilerplate/spring-postgres-boilerplate/src/main/java/com/example/boilerplate/security/SecurityConfig.java
verify-debug	Run verbose Verify (skip ITs)	2026-09-27T10:31:00.5427712Z [INFO] 	Stale source detected: /home/runner/work/spring-postgres-boilerplate/spring-postgres-boilerplate/src/main/java/com/example/boilerplate/auth/dto/TokenResponse.java
verify-debug	Run verbose Verify (skip ITs)	2026-09-27T10:31:00.5429179Z [INFO] 	Stale source detected: /home/runner/work/spring-postgres-boilerplate/spring-postgres-boilerplate/src/main/java/com/example/boilerplate/testresult/dto/StatusCount.java
verify-debug	Run verbose Verify (skip ITs)	2026-09-27T10:31:00.5430833Z [INFO] 	Stale source detected: /home/runner/work/spring-postgres-boilerplate/spring-postgres-boilerplate/src/main/java/com/example/boilerplate/web/GlobalExceptionHandler.java
verify-debug	Run verbose Verify (skip ITs)	2026-09-27T10:31:00.5432291Z [INFO] 	Stale source detected: /home/runner/work/spring-postgres-boilerplate/spring-postgres-boilerplate/src/main/java/com/example/boilerplate/testresult/dto/TestResultResponse.java
verify-debug	Run verbose Verify (skip ITs)	2026-09-27T10:31:00.5433777Z [INFO] 	Stale source detected: /home/runner/work/spring-postgres-boilerplate/spring-postgres-boilerplate/src/main/java/com/example/boilerplate/auth/AuthController.java
verify-debug	Run verbose Verify (skip ITs)	2026-09-27T10:31:00.5435201Z [INFO] 	Stale source detected: /home/runner/work/spring-postgres-boilerplate/spring-postgres-boilerplate/src/main/java/com/example/boilerplate/web/AuthController.java
verify-debug	Run verbose Verify (skip ITs)	2026-09-27T10:31:00.5436517Z [INFO] 	Stale source detected: /home/runner/work/spring-postgres-boilerplate/spring-postgres-boilerplate/src/main/java/com/example/boilerplate/auth/dto/LoginRequest.java
verify-debug	Run verbose Verify (skip ITs)	2026-09-27T10:31:00.5437857Z [INFO] 	Stale source detected: /home/runner/work/spring-postgres-boilerplate/spring-postgres-boilerplate/src/main/java/com/example/boilerplate/repository/UserRepository.java
verify-debug	Run verbose Verify (skip ITs)	2026-09-27T10:31:00.5439293Z [INFO] 	Input tree files (+): /home/runner/work/spring-postgres-boilerplate/spring-postgres-boilerplate/src/main/java/com/example/boilerplate/BoilerplateApplication.java
verify-debug	Run verbose Verify (skip ITs)	2026-09-27T10:31:00.5441113Z [INFO] 	Input tree files (+): /home/runner/work/spring-postgres-boilerplate/spring-postgres-boilerplate/src/main/java/com/example/boilerplate/auth/AuthController.java
verify-debug	Run verbose Verify (skip ITs)	2026-09-27T10:31:00.5443302Z [INFO] 	Input tree files (+): /home/runner/work/spring-postgres-boilerplate/spring-postgres-boilerplate/src/main/java/com/example/boilerplate/auth/dto/AuthTokensResponse.java
verify-debug	Run verbose Verify (skip ITs)	2026-09-27T10:31:00.5445271Z [INFO] 	Input tree files (+): /home/runner/work/spring-postgres-boilerplate/spring-postgres-boilerplate/src/main/java/com/example/boilerplate/auth/dto/LoginRequest.java
verify-debug	Run verbose Verify (skip ITs)	2026-09-27T10:31:00.5447446Z [INFO] 	Input tree files (+): /home/runner/work/spring-postgres-boilerplate/spring-postgres-boilerplate/src/main/java/com/example/boilerplate/auth/dto/RefreshTokenRequest.java
verify-debug	Run verbose Verify (skip ITs)	2026-09-27T10:31:00.5449560Z [INFO] 	Input tree files (+): /home/runner/work/spring-postgres-boilerplate/spring-postgres-boilerplate/src/main/java/com/example/boilerplate/auth/dto/RegisterRequest.java
verify-debug	Run verbose Verify (skip ITs)	2026-09-27T10:31:00.5451633Z [INFO] 	Input tree files (+): /home/runner/work/spring-postgres-boilerplate/spring-postgres-boilerplate/src/main/java/com/example/boilerplate/auth/dto/TokenResponse.java
verify-debug	Run verbose Verify (skip ITs)	2026-09-27T10:31:00.5453612Z [INFO] 	Input tree files (+): /home/runner/work/spring-postgres-boilerplate/spring-postgres-boilerplate/src/main/java/com/example/boilerplate/common/entity/AuditableEntity.java
verify-debug	Run verbose Verify (skip ITs)	2026-09-27T10:31:00.5455522Z [INFO] 	Input tree files (+): /home/runner/work/spring-postgres-boilerplate/spring-postgres-boilerplate/src/main/java/com/example/boilerplate/common/exception/ApiError.java
verify-debug	Run verbose Verify (skip ITs)	2026-09-27T10:31:00.5457775Z [INFO] 	Input tree files (+): /home/runner/work/spring-postgres-boilerplate/spring-postgres-boilerplate/src/main/java/com/example/boilerplate/common/exception/ConflictException.java
verify-debug	Run verbose Verify (skip ITs)	2026-09-27T10:31:00.5460086Z [INFO] 	Input tree files (+): /home/runner/work/spring-postgres-boilerplate/spring-postgres-boilerplate/src/main/java/com/example/boilerplate/common/exception/GlobalExceptionHandler.java
verify-debug	Run verbose Verify (skip ITs)	2026-09-27T10:31:00.5462874Z [INFO] 	Input tree files (+): /home/runner/work/spring-postgres-boilerplate/spring-postgres-boilerplate/src/main/java/com/example/boilerplate/common/exception/InvalidRefreshTokenException.java
verify-debug	Run verbose Verify (skip ITs)	2026-09-27T10:31:00.5464229Z [INFO] 	Input tree files (+): /home/runner/work/spring-postgres-boilerplate/spring-postgres-boilerplate/src/main/java/com/example/boilerplate/common/exception/NotFoundException.java
verify-debug	Run verbose Verify (skip ITs)	2026-09-27T10:31:00.5465545Z [INFO] 	Input tree files (+): /home/runner/work/spring-postgres-boilerplate/spring-postgres-boilerplate/src/main/java/com/example/boilerplate/common/web/RequestCorrelationFilter.java
verify-debug	Run verbose Verify (skip ITs)	2026-09-27T10:31:00.5466824Z [INFO] 	Input tree files (+): /home/runner/work/spring-postgres-boilerplate/spring-postgres-boilerplate/src/main/java/com/example/boilerplate/config/JwtProperties.java
verify-debug	Run verbose Verify (skip ITs)	2026-09-27T10:31:00.5468006Z [INFO] 	Input tree files (+): /home/runner/work/spring-postgres-boilerplate/spring-postgres-boilerplate/src/main/java/com/example/boilerplate/config/SecurityConfig.java
verify-debug	Run verbose Verify (skip ITs)	2026-09-27T10:31:00.5469180Z [INFO] 	Input tree files (+): /home/runner/work/spring-postgres-boilerplate/spring-postgres-boilerplate/src/main/java/com/example/boilerplate/model/RefreshToken.java
verify-debug	Run verbose Verify (skip ITs)	2026-09-27T10:31:00.5470439Z [INFO] 	Input tree files (+): /home/runner/work/spring-postgres-boilerplate/spring-postgres-boilerplate/src/main/java/com/example/boilerplate/model/Role.java
verify-debug	Run verbose Verify (skip ITs)	2026-09-27T10:31:00.5471750Z [INFO] 	Input tree files (+): /home/runner/work/spring-postgres-boilerplate/spring-postgres-boilerplate/src/main/java/com/example/boilerplate/model/User.java
verify-debug	Run verbose Verify (skip ITs)	2026-09-27T10:31:00.5472956Z [INFO] 	Input tree files (+): /home/runner/work/spring-postgres-boilerplate/spring-postgres-boilerplate/src/main/java/com/example/boilerplate/repository/RefreshTokenRepository.java
verify-debug	Run verbose Verify (skip ITs)	2026-09-27T10:31:00.5474219Z [INFO] 	Input tree files (+): /home/runner/work/spring-postgres-boilerplate/spring-postgres-boilerplate/src/main/java/com/example/boilerplate/repository/UserRepository.java
verify-debug	Run verbose Verify (skip ITs)	2026-09-27T10:31:00.5475442Z [INFO] 	Input tree files (+): /home/runner/work/spring-postgres-boilerplate/spring-postgres-boilerplate/src/main/java/com/example/boilerplate/security/CorsConfig.java
verify-debug	Run verbose Verify (skip ITs)	2026-09-27T10:31:00.5476673Z [INFO] 	Input tree files (+): /home/runner/work/spring-postgres-boilerplate/spring-postgres-boilerplate/src/main/java/com/example/boilerplate/security/JwtAuthenticationFilter.java
verify-debug	Run verbose Verify (skip ITs)	2026-09-27T10:31:00.5477904Z [INFO] 	Input tree files (+): /home/runner/work/spring-postgres-boilerplate/spring-postgres-boilerplate/src/main/java/com/example/boilerplate/security/JwtService.java
verify-debug	Run verbose Verify (skip ITs)	2026-09-27T10:31:00.5479264Z [INFO] 	Input tree files (+): /home/runner/work/spring-postgres-boilerplate/spring-postgres-boilerplate/src/main/java/com/example/boilerplate/security/SecurityConfig.java
verify-debug	Run verbose Verify (skip ITs)	2026-09-27T10:31:00.5480602Z [INFO] 	Input tree files (+): /home/runner/work/spring-postgres-boilerplate/spring-postgres-boilerplate/src/main/java/com/example/boilerplate/service/AuthService.java
verify-debug	Run verbose Verify (skip ITs)	2026-09-27T10:31:00.5481847Z [INFO] 	Input tree files (+): /home/runner/work/spring-postgres-boilerplate/spring-postgres-boilerplate/src/main/java/com/example/boilerplate/service/RefreshTokenCleanupService.java
verify-debug	Run verbose Verify (skip ITs)	2026-09-27T10:31:00.5483084Z [INFO] 	Input tree files (+): /home/runner/work/spring-postgres-boilerplate/spring-postgres-boilerplate/src/main/java/com/example/boilerplate/testresult/TestResult.java
verify-debug	Run verbose Verify (skip ITs)	2026-09-27T10:31:00.5484302Z [INFO] 	Input tree files (+): /home/runner/work/spring-postgres-boilerplate/spring-postgres-boilerplate/src/main/java/com/example/boilerplate/testresult/TestResultController.java
verify-debug	Run verbose Verify (skip ITs)	2026-09-27T10:31:00.5485564Z [INFO] 	Input tree files (+): /home/runner/work/spring-postgres-boilerplate/spring-postgres-boilerplate/src/main/java/com/example/boilerplate/testresult/TestResultRepository.java
verify-debug	Run verbose Verify (skip ITs)	2026-09-27T10:31:00.5486809Z [INFO] 	Input tree files (+): /home/runner/work/spring-postgres-boilerplate/spring-postgres-boilerplate/src/main/java/com/example/boilerplate/testresult/TestResultService.java
verify-debug	Run verbose Verify (skip ITs)	2026-09-27T10:31:00.5488128Z [INFO] 	Input tree files (+): /home/runner/work/spring-postgres-boilerplate/spring-postgres-boilerplate/src/main/java/com/example/boilerplate/testresult/TestStatus.java
verify-debug	Run verbose Verify (skip ITs)	2026-09-27T10:31:00.5489378Z [INFO] 	Input tree files (+): /home/runner/work/spring-postgres-boilerplate/spring-postgres-boilerplate/src/main/java/com/example/boilerplate/testresult/dto/CreateTestResultRequest.java
verify-debug	Run verbose Verify (skip ITs)	2026-09-27T10:31:00.5491249Z [INFO] 	Input tree files (+): /home/runner/work/spring-postgres-boilerplate/spring-postgres-boilerplate/src/main/java/com/example/boilerplate/testresult/dto/StatusCount.java
verify-debug	Run verbose Verify (skip ITs)	2026-09-27T10:31:00.5492552Z [INFO] 	Input tree files (+): /home/runner/work/spring-postgres-boilerplate/spring-postgres-boilerplate/src/main/java/com/example/boilerplate/testresult/dto/TestResultResponse.java
verify-debug	Run verbose Verify (skip ITs)	2026-09-27T10:31:00.5495012Z [INFO] 	Input tree files (+): /home/runner/work/spring-postgres-boilerplate/spring-postgres-boilerplate/src/main/java/com/example/boilerplate/testresult/dto/TestResultSummaryResponse.java
verify-debug	Run verbose Verify (skip ITs)	2026-09-27T10:31:00.5497576Z [INFO] 	Input tree files (+): /home/runner/work/spring-postgres-boilerplate/spring-postgres-boilerplate/src/main/java/com/example/boilerplate/testresult/dto/UpdateTestResultRequest.java
verify-debug	Run verbose Verify (skip ITs)	2026-09-27T10:31:00.5498920Z [INFO] 	Input tree files (+): /home/runner/work/spring-postgres-boilerplate/spring-postgres-boilerplate/src/main/java/com/example/boilerplate/user/UserController.java
verify-debug	Run verbose Verify (skip ITs)	2026-09-27T10:31:00.5500078Z [INFO] 	Input tree files (+): /home/runner/work/spring-postgres-boilerplate/spring-postgres-boilerplate/src/main/java/com/example/boilerplate/user/UserMapper.java
verify-debug	Run verbose Verify (skip ITs)	2026-09-27T10:31:00.5501587Z [INFO] 	Input tree files (+): /home/runner/work/spring-postgres-boilerplate/spring-postgres-boilerplate/src/main/java/com/example/boilerplate/user/UserRepository.java
verify-debug	Run verbose Verify (skip ITs)	2026-09-27T10:31:00.5502742Z [INFO] 	Input tree files (+): /home/runner/work/spring-postgres-boilerplate/spring-postgres-boilerplate/src/main/java/com/example/boilerplate/user/UserService.java
verify-debug	Run verbose Verify (skip ITs)	2026-09-27T10:31:00.5503899Z [INFO] 	Input tree files (+): /home/runner/work/spring-postgres-boilerplate/spring-postgres-boilerplate/src/main/java/com/example/boilerplate/user/dto/UserResponse.java
verify-debug	Run verbose Verify (skip ITs)	2026-09-27T10:31:00.5505171Z [INFO] 	Input tree files (+): /home/runner/work/spring-postgres-boilerplate/spring-postgres-boilerplate/src/main/java/com/example/boilerplate/web/ApiError.java
verify-debug	Run verbose Verify (skip ITs)	2026-09-27T10:31:00.5506301Z [INFO] 	Input tree files (+): /home/runner/work/spring-postgres-boilerplate/spring-postgres-boilerplate/src/main/java/com/example/boilerplate/web/AuthController.java
verify-debug	Run verbose Verify (skip ITs)	2026-09-27T10:31:00.5507488Z [INFO] 	Input tree files (+): /home/runner/work/spring-postgres-boilerplate/spring-postgres-boilerplate/src/main/java/com/example/boilerplate/web/GlobalExceptionHandler.java
verify-debug	Run verbose Verify (skip ITs)	2026-09-27T10:31:00.5508605Z [INFO] Recompiling the module because of changed source code.
verify-debug	Run verbose Verify (skip ITs)	2026-09-27T10:31:00.5508948Z [DEBUG] Classpath:
verify-debug	Run verbose Verify (skip ITs)	2026-09-27T10:31:00.5509377Z [DEBUG]  /home/runner/work/spring-postgres-boilerplate/spring-postgres-boilerplate/target/classes
verify-debug	Run verbose Verify (skip ITs)	2026-09-27T10:31:00.5510162Z [DEBUG]  /home/runner/.m2/repository/org/springframework/boot/spring-boot-starter-web/3.5.5/spring-boot-starter-web-3.5.5.jar
verify-debug	Run verbose Verify (skip ITs)	2026-09-27T10:31:00.5511401Z [DEBUG]  /home/runner/.m2/repository/org/springframework/boot/spring-boot-starter/3.5.5/spring-boot-starter-3.5.5.jar
verify-debug	Run verbose Verify (skip ITs)	2026-09-27T10:31:00.5512280Z [DEBUG]  /home/runner/.m2/repository/org/springframework/boot/spring-boot-starter-logging/3.5.5/spring-boot-starter-logging-3.5.5.jar
verify-debug	Run verbose Verify (skip ITs)	2026-09-27T10:31:00.5513083Z [DEBUG]  /home/runner/.m2/repository/ch/qos/logback/logback-classic/1.5.18/logback-classic-1.5.18.jar
verify-debug	Run verbose Verify (skip ITs)	2026-09-27T10:31:00.5513724Z [DEBUG]  /home/runner/.m2/repository/ch/qos/logback/logback-core/1.5.18/logback-core-1.5.18.jar
verify-debug	Run verbose Verify (skip ITs)	2026-09-27T10:31:00.5514402Z [DEBUG]  /home/runner/.m2/repository/org/apache/logging/log4j/log4j-to-slf4j/2.24.3/log4j-to-slf4j-2.24.3.jar
verify-debug	Run verbose Verify (skip ITs)	2026-09-27T10:31:00.5515249Z [DEBUG]  /home/runner/.m2/repository/org/apache/logging/log4j/log4j-api/2.24.3/log4j-api-2.24.3.jar
verify-debug	Run verbose Verify (skip ITs)	2026-09-27T10:31:00.5515866Z [DEBUG]  /home/runner/.m2/repository/org/slf4j/jul-to-slf4j/2.0.17/jul-to-slf4j-2.0.17.jar
verify-debug	Run verbose Verify (skip ITs)	2026-09-27T10:31:00.5516565Z [DEBUG]  /home/runner/.m2/repository/jakarta/annotation/jakarta.annotation-api/2.1.1/jakarta.annotation-api-2.1.1.jar
verify-debug	Run verbose Verify (skip ITs)	2026-09-27T10:31:00.5517230Z [DEBUG]  /home/runner/.m2/repository/org/yaml/snakeyaml/2.4/snakeyaml-2.4.jar
verify-debug	Run verbose Verify (skip ITs)	2026-09-27T10:31:00.5517930Z [DEBUG]  /home/runner/.m2/repository/org/springframework/boot/spring-boot-starter-json/3.5.5/spring-boot-starter-json-3.5.5.jar
verify-debug	Run verbose Verify (skip ITs)	2026-09-27T10:31:00.5518821Z [DEBUG]  /home/runner/.m2/repository/com/fasterxml/jackson/datatype/jackson-datatype-jdk8/2.19.2/jackson-datatype-jdk8-2.19.2.jar
verify-debug	Run verbose Verify (skip ITs)	2026-09-27T10:31:00.5519786Z [DEBUG]  /home/runner/.m2/repository/com/fasterxml/jackson/module/jackson-module-parameter-names/2.19.2/jackson-module-parameter-names-2.19.2.jar
verify-debug	Run verbose Verify (skip ITs)	2026-09-27T10:31:00.5521101Z [DEBUG]  /home/runner/.m2/repository/org/springframework/boot/spring-boot-starter-tomcat/3.5.5/spring-boot-starter-tomcat-3.5.5.jar
verify-debug	Run verbose Verify (skip ITs)	2026-09-27T10:31:00.5521971Z [DEBUG]  /home/runner/.m2/repository/org/apache/tomcat/embed/tomcat-embed-core/10.1.44/tomcat-embed-core-10.1.44.jar
verify-debug	Run verbose Verify (skip ITs)	2026-09-27T10:31:00.5522796Z [DEBUG]  /home/runner/.m2/repository/org/apache/tomcat/embed/tomcat-embed-websocket/10.1.44/tomcat-embed-websocket-10.1.44.jar
verify-debug	Run verbose Verify (skip ITs)	2026-09-27T10:31:00.5523562Z [DEBUG]  /home/runner/.m2/repository/org/springframework/spring-web/6.2.10/spring-web-6.2.10.jar
verify-debug	Run verbose Verify (skip ITs)	2026-09-27T10:31:00.5524212Z [DEBUG]  /home/runner/.m2/repository/org/springframework/spring-beans/6.2.10/spring-beans-6.2.10.jar
verify-debug	Run verbose Verify (skip ITs)	2026-09-27T10:31:00.5524889Z [DEBUG]  /home/runner/.m2/repository/org/springframework/spring-webmvc/6.2.10/spring-webmvc-6.2.10.jar
verify-debug	Run verbose Verify (skip ITs)	2026-09-27T10:31:00.5525592Z [DEBUG]  /home/runner/.m2/repository/org/springframework/spring-context/6.2.10/spring-context-6.2.10.jar
verify-debug	Run verbose Verify (skip ITs)	2026-09-27T10:31:00.5526342Z [DEBUG]  /home/runner/.m2/repository/org/springframework/spring-expression/6.2.10/spring-expression-6.2.10.jar
verify-debug	Run verbose Verify (skip ITs)	2026-09-27T10:31:00.5527219Z [DEBUG]  /home/runner/.m2/repository/org/springframework/boot/spring-boot-starter-data-jpa/3.5.5/spring-boot-starter-data-jpa-3.5.5.jar
verify-debug	Run verbose Verify (skip ITs)	2026-09-27T10:31:00.5528145Z [DEBUG]  /home/runner/.m2/repository/org/springframework/boot/spring-boot-starter-jdbc/3.5.5/spring-boot-starter-jdbc-3.5.5.jar
verify-debug	Run verbose Verify (skip ITs)	2026-09-27T10:31:00.5528861Z [DEBUG]  /home/runner/.m2/repository/com/zaxxer/HikariCP/6.3.2/HikariCP-6.3.2.jar
verify-debug	Run verbose Verify (skip ITs)	2026-09-27T10:31:00.5529452Z [DEBUG]  /home/runner/.m2/repository/org/springframework/spring-jdbc/6.2.10/spring-jdbc-6.2.10.jar
verify-debug	Run verbose Verify (skip ITs)	2026-09-27T10:31:00.5530162Z [DEBUG]  /home/runner/.m2/repository/org/hibernate/orm/hibernate-core/6.6.26.Final/hibernate-core-6.6.26.Final.jar
verify-debug	Run verbose Verify (skip ITs)	2026-09-27T10:31:00.5531378Z [DEBUG]  /home/runner/.m2/repository/jakarta/persistence/jakarta.persistence-api/3.1.0/jakarta.persistence-api-3.1.0.jar
verify-debug	Run verbose Verify (skip ITs)	2026-09-27T10:31:00.5532216Z [DEBUG]  /home/runner/.m2/repository/jakarta/transaction/jakarta.transaction-api/2.0.1/jakarta.transaction-api-2.0.1.jar
verify-debug	Run verbose Verify (skip ITs)	2026-09-27T10:31:00.5532995Z [DEBUG]  /home/runner/.m2/repository/org/jboss/logging/jboss-logging/3.6.1.Final/jboss-logging-3.6.1.Final.jar
verify-debug	Run verbose Verify (skip ITs)	2026-09-27T10:31:00.5533645Z [DEBUG]  /home/runner/.m2/repository/com/fasterxml/classmate/1.7.0/classmate-1.7.0.jar
verify-debug	Run verbose Verify (skip ITs)	2026-09-27T10:31:00.5534243Z [DEBUG]  /home/runner/.m2/repository/org/antlr/antlr4-runtime/4.13.0/antlr4-runtime-4.13.0.jar
verify-debug	Run verbose Verify (skip ITs)	2026-09-27T10:31:00.5534925Z [DEBUG]  /home/runner/.m2/repository/org/springframework/data/spring-data-jpa/3.5.3/spring-data-jpa-3.5.3.jar
verify-debug	Run verbose Verify (skip ITs)	2026-09-27T10:31:00.5535700Z [DEBUG]  /home/runner/.m2/repository/org/springframework/data/spring-data-commons/3.5.3/spring-data-commons-3.5.3.jar
verify-debug	Run verbose Verify (skip ITs)	2026-09-27T10:31:00.5536422Z [DEBUG]  /home/runner/.m2/repository/org/springframework/spring-orm/6.2.10/spring-orm-6.2.10.jar
verify-debug	Run verbose Verify (skip ITs)	2026-09-27T10:31:00.5537053Z [DEBUG]  /home/runner/.m2/repository/org/springframework/spring-tx/6.2.10/spring-tx-6.2.10.jar
verify-debug	Run verbose Verify (skip ITs)	2026-09-27T10:31:00.5537626Z [DEBUG]  /home/runner/.m2/repository/org/slf4j/slf4j-api/2.0.17/slf4j-api-2.0.17.jar
verify-debug	Run verbose Verify (skip ITs)	2026-09-27T10:31:00.5538399Z [DEBUG]  /home/runner/.m2/repository/org/springframework/spring-aspects/6.2.10/spring-aspects-6.2.10.jar
verify-debug	Run verbose Verify (skip ITs)	2026-09-27T10:31:00.5539261Z [DEBUG]  /home/runner/.m2/repository/org/springframework/boot/spring-boot-starter-validation/3.5.5/spring-boot-starter-validation-3.5.5.jar
verify-debug	Run verbose Verify (skip ITs)	2026-09-27T10:31:00.5540135Z [DEBUG]  /home/runner/.m2/repository/org/apache/tomcat/embed/tomcat-embed-el/10.1.44/tomcat-embed-el-10.1.44.jar
verify-debug	Run verbose Verify (skip ITs)	2026-09-27T10:31:00.5541267Z [DEBUG]  /home/runner/.m2/repository/org/hibernate/validator/hibernate-validator/8.0.3.Final/hibernate-validator-8.0.3.Final.jar
verify-debug	Run verbose Verify (skip ITs)	2026-09-27T10:31:00.5542122Z [DEBUG]  /home/runner/.m2/repository/jakarta/validation/jakarta.validation-api/3.0.2/jakarta.validation-api-3.0.2.jar
verify-debug	Run verbose Verify (skip ITs)	2026-09-27T10:31:00.5543007Z [DEBUG]  /home/runner/.m2/repository/org/springframework/boot/spring-boot-starter-security/3.5.5/spring-boot-starter-security-3.5.5.jar
verify-debug	Run verbose Verify (skip ITs)	2026-09-27T10:31:00.5543801Z [DEBUG]  /home/runner/.m2/repository/org/springframework/spring-aop/6.2.10/spring-aop-6.2.10.jar
verify-debug	Run verbose Verify (skip ITs)	2026-09-27T10:31:00.5544575Z [DEBUG]  /home/runner/.m2/repository/org/springframework/security/spring-security-config/6.5.3/spring-security-config-6.5.3.jar
verify-debug	Run verbose Verify (skip ITs)	2026-09-27T10:31:00.5545441Z [DEBUG]  /home/runner/.m2/repository/org/springframework/security/spring-security-web/6.5.3/spring-security-web-6.5.3.jar
verify-debug	Run verbose Verify (skip ITs)	2026-09-27T10:31:00.5546329Z [DEBUG]  /home/runner/.m2/repository/org/springframework/boot/spring-boot-starter-actuator/3.5.5/spring-boot-starter-actuator-3.5.5.jar
verify-debug	Run verbose Verify (skip ITs)	2026-09-27T10:31:00.5547335Z [DEBUG]  /home/runner/.m2/repository/org/springframework/boot/spring-boot-actuator-autoconfigure/3.5.5/spring-boot-actuator-autoconfigure-3.5.5.jar
verify-debug	Run verbose Verify (skip ITs)	2026-09-27T10:31:00.5548300Z [DEBUG]  /home/runner/.m2/repository/org/springframework/boot/spring-boot-actuator/3.5.5/spring-boot-actuator-3.5.5.jar
verify-debug	Run verbose Verify (skip ITs)	2026-09-27T10:31:00.5549109Z [DEBUG]  /home/runner/.m2/repository/io/micrometer/micrometer-observation/1.15.3/micrometer-observation-1.15.3.jar
verify-debug	Run verbose Verify (skip ITs)	2026-09-27T10:31:00.5549861Z [DEBUG]  /home/runner/.m2/repository/io/micrometer/micrometer-commons/1.15.3/micrometer-commons-1.15.3.jar
verify-debug	Run verbose Verify (skip ITs)	2026-09-27T10:31:00.5550724Z [DEBUG]  /home/runner/.m2/repository/io/micrometer/micrometer-jakarta9/1.15.3/micrometer-jakarta9-1.15.3.jar
verify-debug	Run verbose Verify (skip ITs)	2026-09-27T10:31:00.5551541Z [DEBUG]  /home/runner/.m2/repository/org/springframework/boot/spring-boot-starter-aop/3.5.5/spring-boot-starter-aop-3.5.5.jar
verify-debug	Run verbose Verify (skip ITs)	2026-09-27T10:31:00.5552296Z [DEBUG]  /home/runner/.m2/repository/org/aspectj/aspectjweaver/1.9.24/aspectjweaver-1.9.24.jar
verify-debug	Run verbose Verify (skip ITs)	2026-09-27T10:31:00.5552911Z [DEBUG]  /home/runner/.m2/repository/org/flywaydb/flyway-core/11.7.2/flyway-core-11.7.2.jar
verify-debug	Run verbose Verify (skip ITs)	2026-09-27T10:31:00.5553686Z [DEBUG]  /home/runner/.m2/repository/com/fasterxml/jackson/dataformat/jackson-dataformat-toml/2.19.2/jackson-dataformat-toml-2.19.2.jar
verify-debug	Run verbose Verify (skip ITs)	2026-09-27T10:31:00.5554660Z [DEBUG]  /home/runner/.m2/repository/com/fasterxml/jackson/core/jackson-core/2.19.2/jackson-core-2.19.2.jar
verify-debug	Run verbose Verify (skip ITs)	2026-09-27T10:31:00.5555483Z [DEBUG]  /home/runner/.m2/repository/com/fasterxml/jackson/datatype/jackson-datatype-jsr310/2.19.2/jackson-datatype-jsr310-2.19.2.jar
verify-debug	Run verbose Verify (skip ITs)	2026-09-27T10:31:00.5556377Z [DEBUG]  /home/runner/.m2/repository/com/fasterxml/jackson/core/jackson-annotations/2.19.2/jackson-annotations-2.19.2.jar
verify-debug	Run verbose Verify (skip ITs)	2026-09-27T10:31:00.5557073Z [DEBUG]  /home/runner/.m2/repository/org/mapstruct/mapstruct/1.6.3/mapstruct-1.6.3.jar
verify-debug	Run verbose Verify (skip ITs)	2026-09-27T10:31:00.5557636Z [DEBUG]  /home/runner/.m2/repository/io/jsonwebtoken/jjwt-api/0.11.5/jjwt-api-0.11.5.jar
verify-debug	Run verbose Verify (skip ITs)	2026-09-27T10:31:00.5558316Z [DEBUG]  /home/runner/.m2/repository/com/fasterxml/jackson/core/jackson-databind/2.19.2/jackson-databind-2.19.2.jar
verify-debug	Run verbose Verify (skip ITs)	2026-09-27T10:31:00.5559117Z [DEBUG]  /home/runner/.m2/repository/net/logstash/logback/logstash-logback-encoder/9.0/logstash-logback-encoder-9.0.jar
verify-debug	Run verbose Verify (skip ITs)	2026-09-27T10:31:00.5559885Z [DEBUG]  /home/runner/.m2/repository/tools/jackson/core/jackson-databind/3.0.1/jackson-databind-3.0.1.jar
verify-debug	Run verbose Verify (skip ITs)	2026-09-27T10:31:00.5560910Z [DEBUG]  /home/runner/.m2/repository/tools/jackson/core/jackson-core/3.0.1/jackson-core-3.0.1.jar
verify-debug	Run verbose Verify (skip ITs)	2026-09-27T10:31:00.5561932Z [DEBUG]  /home/runner/.m2/repository/org/springdoc/springdoc-openapi-starter-webmvc-ui/2.8.13/springdoc-openapi-starter-webmvc-ui-2.8.13.jar
verify-debug	Run verbose Verify (skip ITs)	2026-09-27T10:31:00.5562962Z [DEBUG]  /home/runner/.m2/repository/org/springdoc/springdoc-openapi-starter-webmvc-api/2.8.13/springdoc-openapi-starter-webmvc-api-2.8.13.jar
verify-debug	Run verbose Verify (skip ITs)	2026-09-27T10:31:00.5563951Z [DEBUG]  /home/runner/.m2/repository/org/springdoc/springdoc-openapi-starter-common/2.8.13/springdoc-openapi-starter-common-2.8.13.jar
verify-debug	Run verbose Verify (skip ITs)	2026-09-27T10:31:00.5564822Z [DEBUG]  /home/runner/.m2/repository/io/swagger/core/v3/swagger-core-jakarta/2.2.36/swagger-core-jakarta-2.2.36.jar
verify-debug	Run verbose Verify (skip ITs)	2026-09-27T10:31:00.5565547Z [DEBUG]  /home/runner/.m2/repository/org/apache/commons/commons-lang3/3.17.0/commons-lang3-3.17.0.jar
verify-debug	Run verbose Verify (skip ITs)	2026-09-27T10:31:00.5566336Z [DEBUG]  /home/runner/.m2/repository/io/swagger/core/v3/swagger-annotations-jakarta/2.2.36/swagger-annotations-jakarta-2.2.36.jar
verify-debug	Run verbose Verify (skip ITs)	2026-09-27T10:31:00.5567199Z [DEBUG]  /home/runner/.m2/repository/io/swagger/core/v3/swagger-models-jakarta/2.2.36/swagger-models-jakarta-2.2.36.jar
verify-debug	Run verbose Verify (skip ITs)	2026-09-27T10:31:00.5568077Z [DEBUG]  /home/runner/.m2/repository/com/fasterxml/jackson/dataformat/jackson-dataformat-yaml/2.19.2/jackson-dataformat-yaml-2.19.2.jar
verify-debug	Run verbose Verify (skip ITs)	2026-09-27T10:31:00.5568837Z [DEBUG]  /home/runner/.m2/repository/org/webjars/swagger-ui/5.28.1/swagger-ui-5.28.1.jar
verify-debug	Run verbose Verify (skip ITs)	2026-09-27T10:31:00.5569491Z [DEBUG]  /home/runner/.m2/repository/org/webjars/webjars-locator-lite/1.1.0/webjars-locator-lite-1.1.0.jar
verify-debug	Run verbose Verify (skip ITs)	2026-09-27T10:31:00.5570129Z [DEBUG]  /home/runner/.m2/repository/org/jspecify/jspecify/1.0.0/jspecify-1.0.0.jar
verify-debug	Run verbose Verify (skip ITs)	2026-09-27T10:31:00.5571004Z [DEBUG]  /home/runner/.m2/repository/io/micrometer/micrometer-registry-prometheus/1.15.3/micrometer-registry-prometheus-1.15.3.jar
verify-debug	Run verbose Verify (skip ITs)	2026-09-27T10:31:00.5571806Z [DEBUG]  /home/runner/.m2/repository/io/micrometer/micrometer-core/1.15.3/micrometer-core-1.15.3.jar
verify-debug	Run verbose Verify (skip ITs)	2026-09-27T10:31:00.5572551Z [DEBUG]  /home/runner/.m2/repository/io/prometheus/prometheus-metrics-core/1.3.10/prometheus-metrics-core-1.3.10.jar
verify-debug	Run verbose Verify (skip ITs)	2026-09-27T10:31:00.5573367Z [DEBUG]  /home/runner/.m2/repository/io/prometheus/prometheus-metrics-model/1.3.10/prometheus-metrics-model-1.3.10.jar
verify-debug	Run verbose Verify (skip ITs)	2026-09-27T10:31:00.5574197Z [DEBUG]  /home/runner/.m2/repository/io/prometheus/prometheus-metrics-config/1.3.10/prometheus-metrics-config-1.3.10.jar
verify-debug	Run verbose Verify (skip ITs)	2026-09-27T10:31:00.5575129Z [DEBUG]  /home/runner/.m2/repository/io/prometheus/prometheus-metrics-tracer-common/1.3.10/prometheus-metrics-tracer-common-1.3.10.jar
verify-debug	Run verbose Verify (skip ITs)	2026-09-27T10:31:00.5575940Z [DEBUG]  /home/runner/.m2/repository/org/springframework/boot/spring-boot/3.5.5/spring-boot-3.5.5.jar
verify-debug	Run verbose Verify (skip ITs)	2026-09-27T10:31:00.5576729Z [DEBUG]  /home/runner/.m2/repository/org/springframework/boot/spring-boot-autoconfigure/3.5.5/spring-boot-autoconfigure-3.5.5.jar
verify-debug	Run verbose Verify (skip ITs)	2026-09-27T10:31:00.5577815Z [DEBUG]  /home/runner/.m2/repository/jakarta/xml/bind/jakarta.xml.bind-api/4.0.2/jakarta.xml.bind-api-4.0.2.jar
verify-debug	Run verbose Verify (skip ITs)	2026-09-27T10:31:00.5578612Z [DEBUG]  /home/runner/.m2/repository/jakarta/activation/jakarta.activation-api/2.1.3/jakarta.activation-api-2.1.3.jar
verify-debug	Run verbose Verify (skip ITs)	2026-09-27T10:31:00.5579348Z [DEBUG]  /home/runner/.m2/repository/org/springframework/spring-core/6.2.10/spring-core-6.2.10.jar
verify-debug	Run verbose Verify (skip ITs)	2026-09-27T10:31:00.5579993Z [DEBUG]  /home/runner/.m2/repository/org/springframework/spring-jcl/6.2.10/spring-jcl-6.2.10.jar
verify-debug	Run verbose Verify (skip ITs)	2026-09-27T10:31:00.5581021Z [DEBUG]  /home/runner/.m2/repository/org/springframework/security/spring-security-core/6.5.3/spring-security-core-6.5.3.jar
verify-debug	Run verbose Verify (skip ITs)	2026-09-27T10:31:00.5581897Z [DEBUG]  /home/runner/.m2/repository/org/springframework/security/spring-security-crypto/6.5.3/spring-security-crypto-6.5.3.jar
verify-debug	Run verbose Verify (skip ITs)	2026-09-27T10:31:00.5582481Z [DEBUG] Source roots:
verify-debug	Run verbose Verify (skip ITs)	2026-09-27T10:31:00.5582903Z [DEBUG]  /home/runner/work/spring-postgres-boilerplate/spring-postgres-boilerplate/src/main/java
verify-debug	Run verbose Verify (skip ITs)	2026-09-27T10:31:00.5583681Z [DEBUG]  /home/runner/work/spring-postgres-boilerplate/spring-postgres-boilerplate/target/generated-sources/annotations
verify-debug	Run verbose Verify (skip ITs)	2026-09-27T10:31:00.5584255Z [DEBUG] Command line options:
verify-debug	Run verbose Verify (skip ITs)	2026-09-27T10:31:00.5621103Z [DEBUG] -d /home/runner/work/spring-postgres-boilerplate/spring-postgres-boilerplate/target/classes -classpath /home/runner/work/spring-postgres-boilerplate/spring-postgres-boilerplate/target/classes:/home/runner/.m2/repository/org/springframework/boot/spring-boot-starter-web/3.5.5/spring-boot-starter-web-3.5.5.jar:/home/runner/.m2/repository/org/springframework/boot/spring-boot-starter/3.5.5/spring-boot-starter-3.5.5.jar:/home/runner/.m2/repository/org/springframework/boot/spring-boot-starter-logging/3.5.5/spring-boot-starter-logging-3.5.5.jar:/home/runner/.m2/repository/ch/qos/logback/logback-classic/1.5.18/logback-classic-1.5.18.jar:/home/runner/.m2/repository/ch/qos/logback/logback-core/1.5.18/logback-core-1.5.18.jar:/home/runner/.m2/repository/org/apache/logging/log4j/log4j-to-slf4j/2.24.3/log4j-to-slf4j-2.24.3.jar:/home/runner/.m2/repository/org/apache/logging/log4j/log4j-api/2.24.3/log4j-api-2.24.3.jar:/home/runner/.m2/repository/org/slf4j/jul-to-slf4j/2.0.17/jul-to-slf4j-2.0.17.jar:/home/runner/.m2/repository/jakarta/annotation/jakarta.annotation-api/2.1.1/jakarta.annotation-api-2.1.1.jar:/home/runner/.m2/repository/org/yaml/snakeyaml/2.4/snakeyaml-2.4.jar:/home/runner/.m2/repository/org/springframework/boot/spring-boot-starter-json/3.5.5/spring-boot-starter-json-3.5.5.jar:/home/runner/.m2/repository/com/fasterxml/jackson/datatype/jackson-datatype-jdk8/2.19.2/jackson-datatype-jdk8-2.19.2.jar:/home/runner/.m2/repository/com/fasterxml/jackson/module/jackson-module-parameter-names/2.19.2/jackson-module-parameter-names-2.19.2.jar:/home/runner/.m2/repository/org/springframework/boot/spring-boot-starter-tomcat/3.5.5/spring-boot-starter-tomcat-3.5.5.jar:/home/runner/.m2/repository/org/apache/tomcat/embed/tomcat-embed-core/10.1.44/tomcat-embed-core-10.1.44.jar:/home/runner/.m2/repository/org/apache/tomcat/embed/tomcat-embed-websocket/10.1.44/tomcat-embed-websocket-10.1.44.jar:/home/runner/.m2/repository/org/springframework/spring-web/6.2.10/spring-web-6.2.10.jar:/home/runner/.m2/repository/org/springframework/spring-beans/6.2.10/spring-beans-6.2.10.jar:/home/runner/.m2/repository/org/springframework/spring-webmvc/6.2.10/spring-webmvc-6.2.10.jar:/home/runner/.m2/repository/org/springframework/spring-context/6.2.10/spring-context-6.2.10.jar:/home/runner/.m2/repository/org/springframework/spring-expression/6.2.10/spring-expression-6.2.10.jar:/home/runner/.m2/repository/org/springframework/boot/spring-boot-starter-data-jpa/3.5.5/spring-boot-starter-data-jpa-3.5.5.jar:/home/runner/.m2/repository/org/springframework/boot/spring-boot-starter-jdbc/3.5.5/spring-boot-starter-jdbc-3.5.5.jar:/home/runner/.m2/repository/com/zaxxer/HikariCP/6.3.2/HikariCP-6.3.2.jar:/home/runner/.m2/repository/org/springframework/spring-jdbc/6.2.10/spring-jdbc-6.2.10.jar:/home/runner/.m2/repository/org/hibernate/orm/hibernate-core/6.6.26.Final/hibernate-core-6.6.26.Final.jar:/home/runner/.m2/repository/jakarta/persistence/jakarta.persistence-api/3.1.0/jakarta.persistence-api-3.1.0.jar:/home/runner/.m2/repository/jakarta/transaction/jakarta.transaction-api/2.0.1/jakarta.transaction-api-2.0.1.jar:/home/runner/.m2/repository/org/jboss/logging/jboss-logging/3.6.1.Final/jboss-logging-3.6.1.Final.jar:/home/runner/.m2/repository/com/fasterxml/classmate/1.7.0/classmate-1.7.0.jar:/home/runner/.m2/repository/org/antlr/antlr4-runtime/4.13.0/antlr4-runtime-4.13.0.jar:/home/runner/.m2/repository/org/springframework/data/spring-data-jpa/3.5.3/spring-data-jpa-3.5.3.jar:/home/runner/.m2/repository/org/springframework/data/spring-data-commons/3.5.3/spring-data-commons-3.5.3.jar:/home/runner/.m2/repository/org/springframework/spring-orm/6.2.10/spring-orm-6.2.10.jar:/home/runner/.m2/repository/org/springframework/spring-tx/6.2.10/spring-tx-6.2.10.jar:/home/runner/.m2/repository/org/slf4j/slf4j-api/2.0.17/slf4j-api-2.0.17.jar:/home/runner/.m2/repository/org/springframework/spring-aspects/6.2.10/spring-aspects-6.2.10.jar:/home/runner/.m2/repository/org/springframework/boot/spring-boot-starter-validation/3.5.5/spring-boot-starter-validation-3.5.5.jar:/home/runner/.m2/repository/org/apache/tomcat/embed/tomcat-embed-el/10.1.44/tomcat-embed-el-10.1.44.jar:/home/runner/.m2/repository/org/hibernate/validator/hibernate-validator/8.0.3.Final/hibernate-validator-8.0.3.Final.jar:/home/runner/.m2/repository/jakarta/validation/jakarta.validation-api/3.0.2/jakarta.validation-api-3.0.2.jar:/home/runner/.m2/repository/org/springframework/boot/spring-boot-starter-security/3.5.5/spring-boot-starter-security-3.5.5.jar:/home/runner/.m2/repository/org/springframework/spring-aop/6.2.10/spring-aop-6.2.10.jar:/home/runner/.m2/repository/org/springframework/security/spring-security-config/6.5.3/spring-security-config-6.5.3.jar:/home/runner/.m2/repository/org/springframework/security/spring-security-web/6.5.3/spring-security-web-6.5.3.jar:/home/runner/.m2/repository/org/springframework/boot/spring-boot-starter-actuator/3.5.5/spring-boot-starter-actuator-3.5.5.jar:/home/runner/.m2/repository/org/springframework/boot/spring-boot-actuator-autoconfigure/3.5.5/spring-boot-actuator-autoconfigure-3.5.5.jar:/home/runner/.m2/repository/org/springframework/boot/spring-boot-actuator/3.5.5/spring-boot-actuator-3.5.5.jar:/home/runner/.m2/repository/io/micrometer/micrometer-observation/1.15.3/micrometer-observation-1.15.3.jar:/home/runner/.m2/repository/io/micrometer/micrometer-commons/1.15.3/micrometer-commons-1.15.3.jar:/home/runner/.m2/repository/io/micrometer/micrometer-jakarta9/1.15.3/micrometer-jakarta9-1.15.3.jar:/home/runner/.m2/repository/org/springframework/boot/spring-boot-starter-aop/3.5.5/spring-boot-starter-aop-3.5.5.jar:/home/runner/.m2/repository/org/aspectj/aspectjweaver/1.9.24/aspectjweaver-1.9.24.jar:/home/runner/.m2/repository/org/flywaydb/flyway-core/11.7.2/flyway-core-11.7.2.jar:/home/runner/.m2/repository/com/fasterxml/jackson/dataformat/jackson-dataformat-toml/2.19.2/jackson-dataformat-toml-2.19.2.jar:/home/runner/.m2/repository/com/fasterxml/jackson/core/jackson-core/2.19.2/jackson-core-2.19.2.jar:/home/runner/.m2/repository/com/fasterxml/jackson/datatype/jackson-datatype-jsr310/2.19.2/jackson-datatype-jsr310-2.19.2.jar:/home/runner/.m2/repository/com/fasterxml/jackson/core/jackson-annotations/2.19.2/jackson-annotations-2.19.2.jar:/home/runner/.m2/repository/org/mapstruct/mapstruct/1.6.3/mapstruct-1.6.3.jar:/home/runner/.m2/repository/io/jsonwebtoken/jjwt-api/0.11.5/jjwt-api-0.11.5.jar:/home/runner/.m2/repository/com/fasterxml/jackson/core/jackson-databind/2.19.2/jackson-databind-2.19.2.jar:/home/runner/.m2/repository/net/logstash/logback/logstash-logback-encoder/9.0/logstash-logback-encoder-9.0.jar:/home/runner/.m2/repository/tools/jackson/core/jackson-databind/3.0.1/jackson-databind-3.0.1.jar:/home/runner/.m2/repository/tools/jackson/core/jackson-core/3.0.1/jackson-core-3.0.1.jar:/home/runner/.m2/repository/org/springdoc/springdoc-openapi-starter-webmvc-ui/2.8.13/springdoc-openapi-starter-webmvc-ui-2.8.13.jar:/home/runner/.m2/repository/org/springdoc/springdoc-openapi-starter-webmvc-api/2.8.13/springdoc-openapi-starter-webmvc-api-2.8.13.jar:/home/runner/.m2/repository/org/springdoc/springdoc-openapi-starter-common/2.8.13/springdoc-openapi-starter-common-2.8.13.jar:/home/runner/.m2/repository/io/swagger/core/v3/swagger-core-jakarta/2.2.36/swagger-core-jakarta-2.2.36.jar:/home/runner/.m2/repository/org/apache/commons/commons-lang3/3.17.0/commons-lang3-3.17.0.jar:/home/runner/.m2/repository/io/swagger/core/v3/swagger-annotations-jakarta/2.2.36/swagger-annotations-jakarta-2.2.36.jar:/home/runner/.m2/repository/io/swagger/core/v3/swagger-models-jakarta/2.2.36/swagger-models-jakarta-2.2.36.jar:/home/runner/.m2/repository/com/fasterxml/jackson/dataformat/jackson-dataformat-yaml/2.19.2/jackson-dataformat-yaml-2.19.2.jar:/home/runner/.m2/repository/org/webjars/swagger-ui/5.28.1/swagger-ui-5.28.1.jar:/home/runner/.m2/repository/org/webjars/webjars-locator-lite/1.1.0/webjars-locator-lite-1.1.0.jar:/home/runner/.m2/repository/org/jspecify/jspecify/1.0.0/jspecify-1.0.0.jar:/home/runner/.m2/repository/io/micrometer/micrometer-registry-prometheus/1.15.3/micrometer-registry-prometheus-1.15.3.jar:/home/runner/.m2/repository/io/micrometer/micrometer-core/1.15.3/micrometer-core-1.15.3.jar:/home/runner/.m2/repository/io/prometheus/prometheus-metrics-core/1.3.10/prometheus-metrics-core-1.3.10.jar:/home/runner/.m2/repository/io/prometheus/prometheus-metrics-model/1.3.10/prometheus-metrics-model-1.3.10.jar:/home/runner/.m2/repository/io/prometheus/prometheus-metrics-config/1.3.10/prometheus-metrics-config-1.3.10.jar:/home/runner/.m2/repository/io/prometheus/prometheus-metrics-tracer-common/1.3.10/prometheus-metrics-tracer-common-1.3.10.jar:/home/runner/.m2/repository/org/springframework/boot/spring-boot/3.5.5/spring-boot-3.5.5.jar:/home/runner/.m2/repository/org/springframework/boot/spring-boot-autoconfigure/3.5.5/spring-boot-autoconfigure-3.5.5.jar:/home/runner/.m2/repository/jakarta/xml/bind/jakarta.xml.bind-api/4.0.2/jakarta.xml.bind-api-4.0.2.jar:/home/runner/.m2/repository/jakarta/activation/jakarta.activation-api/2.1.3/jakarta.activation-api-2.1.3.jar:/home/runner/.m2/repository/org/springframework/spring-core/6.2.10/spring-core-6.2.10.jar:/home/runner/.m2/repository/org/springframework/spring-jcl/6.2.10/spring-jcl-6.2.10.jar:/home/runner/.m2/repository/org/springframework/security/spring-security-core/6.5.3/spring-security-core-6.5.3.jar:/home/runner/.m2/repository/org/springframework/security/spring-security-crypto/6.5.3/spring-security-crypto-6.5.3.jar: -sourcepath /home/runner/work/spring-postgres-boilerplate/spring-postgres-boilerplate/src/main/java:/home/runner/work/spring-postgres-boilerplate/spring-postgres-boilerplate/target/generated-sources/annotations: -s /home/runner/work/spring-postgres-boilerplate/spring-postgres-boilerplate/target/generated-sources/annotations -processorpath /home/runner/.m2/repository/org/mapstruct/mapstruct-processor/1.6.3/mapstruct-processor-1.6.3.jar: -g -parameters --release 21 -encoding UTF-8 -XDuseUnsharedTable=true
verify-debug	Run verbose Verify (skip ITs)	2026-09-27T10:31:00.5658227Z [DEBUG] incrementalBuildHelper#beforeRebuildExecution
verify-debug	Run verbose Verify (skip ITs)	2026-09-27T10:31:00.5658731Z [INFO] Compiling 45 source files with javac [debug parameters release 21] to target/classes
verify-debug	Run verbose Verify (skip ITs)	2026-09-27T10:31:01.3599164Z [DEBUG] incrementalBuildHelper#afterRebuildExecution
verify-debug	Run verbose Verify (skip ITs)	2026-09-27T10:31:01.3621576Z [INFO] -------------------------------------------------------------
verify-debug	Run verbose Verify (skip ITs)	2026-09-27T10:31:01.3622427Z [ERROR] COMPILATION ERROR : 
verify-debug	Run verbose Verify (skip ITs)	2026-09-27T10:31:01.3623181Z [INFO] -------------------------------------------------------------
verify-debug	Run verbose Verify (skip ITs)	2026-09-27T10:31:01.3624932Z [ERROR] /home/runner/work/spring-postgres-boilerplate/spring-postgres-boilerplate/src/main/java/com/example/boilerplate/auth/AuthController.java:[1,1] illegal character: '\ufeff'
verify-debug	Run verbose Verify (skip ITs)	2026-09-27T10:31:01.3627658Z [ERROR] /home/runner/work/spring-postgres-boilerplate/spring-postgres-boilerplate/src/main/java/com/example/boilerplate/auth/AuthController.java:[1,10] class, interface, enum, or record expected
verify-debug	Run verbose Verify (skip ITs)	2026-09-27T10:31:01.3631012Z [ERROR] /home/runner/work/spring-postgres-boilerplate/spring-postgres-boilerplate/src/main/java/com/example/boilerplate/auth/AuthController.java:[3,1] class, interface, enum, or record expected
verify-debug	Run verbose Verify (skip ITs)	2026-09-27T10:31:01.3633838Z [ERROR] /home/runner/work/spring-postgres-boilerplate/spring-postgres-boilerplate/src/main/java/com/example/boilerplate/auth/AuthController.java:[4,1] class, interface, enum, or record expected
verify-debug	Run verbose Verify (skip ITs)	2026-09-27T10:31:01.3637822Z [ERROR] /home/runner/work/spring-postgres-boilerplate/spring-postgres-boilerplate/src/main/java/com/example/boilerplate/auth/AuthController.java:[5,1] class, interface, enum, or record expected
verify-debug	Run verbose Verify (skip ITs)	2026-09-27T10:31:01.3647268Z [ERROR] /home/runner/work/spring-postgres-boilerplate/spring-postgres-boilerplate/src/main/java/com/example/boilerplate/auth/AuthController.java:[6,1] class, interface, enum, or record expected
verify-debug	Run verbose Verify (skip ITs)	2026-09-27T10:31:01.3655312Z [ERROR] /home/runner/work/spring-postgres-boilerplate/spring-postgres-boilerplate/src/main/java/com/example/boilerplate/auth/AuthController.java:[7,1] class, interface, enum, or record expected
verify-debug	Run verbose Verify (skip ITs)	2026-09-27T10:31:01.3663725Z [ERROR] /home/runner/work/spring-postgres-boilerplate/spring-postgres-boilerplate/src/main/java/com/example/boilerplate/config/SecurityConfig.java:[1,1] illegal character: '\ufeff'
verify-debug	Run verbose Verify (skip ITs)	2026-09-27T10:31:01.3666804Z [ERROR] /home/runner/work/spring-postgres-boilerplate/spring-postgres-boilerplate/src/main/java/com/example/boilerplate/config/SecurityConfig.java:[1,10] class, interface, enum, or record expected
verify-debug	Run verbose Verify (skip ITs)	2026-09-27T10:31:01.3669676Z [ERROR] /home/runner/work/spring-postgres-boilerplate/spring-postgres-boilerplate/src/main/java/com/example/boilerplate/config/SecurityConfig.java:[3,1] class, interface, enum, or record expected
verify-debug	Run verbose Verify (skip ITs)	2026-09-27T10:31:01.3679417Z [ERROR] /home/runner/work/spring-postgres-boilerplate/spring-postgres-boilerplate/src/main/java/com/example/boilerplate/config/SecurityConfig.java:[4,1] class, interface, enum, or record expected
verify-debug	Run verbose Verify (skip ITs)	2026-09-27T10:31:01.3682730Z [ERROR] /home/runner/work/spring-postgres-boilerplate/spring-postgres-boilerplate/src/main/java/com/example/boilerplate/config/SecurityConfig.java:[5,1] class, interface, enum, or record expected
verify-debug	Run verbose Verify (skip ITs)	2026-09-27T10:31:01.3685682Z [ERROR] /home/runner/work/spring-postgres-boilerplate/spring-postgres-boilerplate/src/main/java/com/example/boilerplate/config/SecurityConfig.java:[6,1] class, interface, enum, or record expected
verify-debug	Run verbose Verify (skip ITs)	2026-09-27T10:31:01.3688570Z [ERROR] /home/runner/work/spring-postgres-boilerplate/spring-postgres-boilerplate/src/main/java/com/example/boilerplate/config/SecurityConfig.java:[7,1] class, interface, enum, or record expected
verify-debug	Run verbose Verify (skip ITs)	2026-09-27T10:31:01.3691507Z [ERROR] /home/runner/work/spring-postgres-boilerplate/spring-postgres-boilerplate/src/main/java/com/example/boilerplate/config/SecurityConfig.java:[8,1] class, interface, enum, or record expected
verify-debug	Run verbose Verify (skip ITs)	2026-09-27T10:31:01.3694241Z [ERROR] /home/runner/work/spring-postgres-boilerplate/spring-postgres-boilerplate/src/main/java/com/example/boilerplate/config/SecurityConfig.java:[9,1] class, interface, enum, or record expected
verify-debug	Run verbose Verify (skip ITs)	2026-09-27T10:31:01.3697011Z [ERROR] /home/runner/work/spring-postgres-boilerplate/spring-postgres-boilerplate/src/main/java/com/example/boilerplate/config/SecurityConfig.java:[10,1] class, interface, enum, or record expected
verify-debug	Run verbose Verify (skip ITs)	2026-09-27T10:31:01.3699913Z [ERROR] /home/runner/work/spring-postgres-boilerplate/spring-postgres-boilerplate/src/main/java/com/example/boilerplate/config/SecurityConfig.java:[11,1] class, interface, enum, or record expected
verify-debug	Run verbose Verify (skip ITs)	2026-09-27T10:31:01.3704110Z [ERROR] /home/runner/work/spring-postgres-boilerplate/spring-postgres-boilerplate/src/main/java/com/example/boilerplate/config/SecurityConfig.java:[12,1] class, interface, enum, or record expected
verify-debug	Run verbose Verify (skip ITs)	2026-09-27T10:31:01.3710138Z [ERROR] /home/runner/work/spring-postgres-boilerplate/spring-postgres-boilerplate/src/main/java/com/example/boilerplate/config/SecurityConfig.java:[13,1] class, interface, enum, or record expected
verify-debug	Run verbose Verify (skip ITs)	2026-09-27T10:31:01.3713489Z [ERROR] /home/runner/work/spring-postgres-boilerplate/spring-postgres-boilerplate/src/main/java/com/example/boilerplate/config/SecurityConfig.java:[14,1] class, interface, enum, or record expected
verify-debug	Run verbose Verify (skip ITs)	2026-09-27T10:31:01.3728120Z [ERROR] /home/runner/work/spring-postgres-boilerplate/spring-postgres-boilerplate/src/main/java/com/example/boilerplate/config/SecurityConfig.java:[15,1] class, interface, enum, or record expected
verify-debug	Run verbose Verify (skip ITs)	2026-09-27T10:31:01.3731321Z [ERROR] /home/runner/work/spring-postgres-boilerplate/spring-postgres-boilerplate/src/main/java/com/example/boilerplate/config/SecurityConfig.java:[16,1] class, interface, enum, or record expected
verify-debug	Run verbose Verify (skip ITs)	2026-09-27T10:31:01.3734252Z [ERROR] /home/runner/work/spring-postgres-boilerplate/spring-postgres-boilerplate/src/main/java/com/example/boilerplate/config/SecurityConfig.java:[17,1] class, interface, enum, or record expected
verify-debug	Run verbose Verify (skip ITs)	2026-09-27T10:31:01.3737088Z [ERROR] /home/runner/work/spring-postgres-boilerplate/spring-postgres-boilerplate/src/main/java/com/example/boilerplate/config/SecurityConfig.java:[18,1] class, interface, enum, or record expected
verify-debug	Run verbose Verify (skip ITs)	2026-09-27T10:31:01.3739896Z [ERROR] /home/runner/work/spring-postgres-boilerplate/spring-postgres-boilerplate/src/main/java/com/example/boilerplate/config/SecurityConfig.java:[19,1] class, interface, enum, or record expected
verify-debug	Run verbose Verify (skip ITs)	2026-09-27T10:31:01.3742988Z [ERROR] /home/runner/work/spring-postgres-boilerplate/spring-postgres-boilerplate/src/main/java/com/example/boilerplate/config/SecurityConfig.java:[21,1] class, interface, enum, or record expected
verify-debug	Run verbose Verify (skip ITs)	2026-09-27T10:31:01.3752532Z [ERROR] /home/runner/work/spring-postgres-boilerplate/spring-postgres-boilerplate/src/main/java/com/example/boilerplate/config/SecurityConfig.java:[22,1] class, interface, enum, or record expected
verify-debug	Run verbose Verify (skip ITs)	2026-09-27T10:31:01.3762385Z [ERROR] /home/runner/work/spring-postgres-boilerplate/spring-postgres-boilerplate/src/main/java/com/example/boilerplate/config/SecurityConfig.java:[23,1] class, interface, enum, or record expected
verify-debug	Run verbose Verify (skip ITs)	2026-09-27T10:31:01.3769220Z [ERROR] /home/runner/work/spring-postgres-boilerplate/spring-postgres-boilerplate/src/main/java/com/example/boilerplate/config/SecurityConfig.java:[24,1] class, interface, enum, or record expected
verify-debug	Run verbose Verify (skip ITs)	2026-09-27T10:31:01.3772512Z [ERROR] /home/runner/work/spring-postgres-boilerplate/spring-postgres-boilerplate/src/main/java/com/example/boilerplate/config/SecurityConfig.java:[25,1] class, interface, enum, or record expected
verify-debug	Run verbose Verify (skip ITs)	2026-09-27T10:31:01.3775497Z [ERROR] /home/runner/work/spring-postgres-boilerplate/spring-postgres-boilerplate/src/main/java/com/example/boilerplate/config/SecurityConfig.java:[26,1] class, interface, enum, or record expected
verify-debug	Run verbose Verify (skip ITs)	2026-09-27T10:31:01.3786251Z [ERROR] /home/runner/work/spring-postgres-boilerplate/spring-postgres-boilerplate/src/main/java/com/example/boilerplate/security/JwtAuthenticationFilter.java:[1,1] illegal character: '\ufeff'
verify-debug	Run verbose Verify (skip ITs)	2026-09-27T10:31:01.3789302Z [ERROR] /home/runner/work/spring-postgres-boilerplate/spring-postgres-boilerplate/src/main/java/com/example/boilerplate/security/JwtAuthenticationFilter.java:[1,10] class, interface, enum, or record expected
verify-debug	Run verbose Verify (skip ITs)	2026-09-27T10:31:01.3792727Z [ERROR] /home/runner/work/spring-postgres-boilerplate/spring-postgres-boilerplate/src/main/java/com/example/boilerplate/security/JwtAuthenticationFilter.java:[3,1] class, interface, enum, or record expected
verify-debug	Run verbose Verify (skip ITs)	2026-09-27T10:31:01.3795880Z [ERROR] /home/runner/work/spring-postgres-boilerplate/spring-postgres-boilerplate/src/main/java/com/example/boilerplate/security/JwtAuthenticationFilter.java:[4,1] class, interface, enum, or record expected
verify-debug	Run verbose Verify (skip ITs)	2026-09-27T10:31:01.3798923Z [ERROR] /home/runner/work/spring-postgres-boilerplate/spring-postgres-boilerplate/src/main/java/com/example/boilerplate/security/JwtAuthenticationFilter.java:[5,1] class, interface, enum, or record expected
verify-debug	Run verbose Verify (skip ITs)	2026-09-27T10:31:01.3803191Z [ERROR] /home/runner/work/spring-postgres-boilerplate/spring-postgres-boilerplate/src/main/java/com/example/boilerplate/security/JwtAuthenticationFilter.java:[6,1] class, interface, enum, or record expected
verify-debug	Run verbose Verify (skip ITs)	2026-09-27T10:31:01.3806324Z [ERROR] /home/runner/work/spring-postgres-boilerplate/spring-postgres-boilerplate/src/main/java/com/example/boilerplate/security/JwtAuthenticationFilter.java:[7,1] class, interface, enum, or record expected
verify-debug	Run verbose Verify (skip ITs)	2026-09-27T10:31:01.3809660Z [ERROR] /home/runner/work/spring-postgres-boilerplate/spring-postgres-boilerplate/src/main/java/com/example/boilerplate/security/JwtAuthenticationFilter.java:[8,1] class, interface, enum, or record expected
verify-debug	Run verbose Verify (skip ITs)	2026-09-27T10:31:01.3813039Z [ERROR] /home/runner/work/spring-postgres-boilerplate/spring-postgres-boilerplate/src/main/java/com/example/boilerplate/security/JwtAuthenticationFilter.java:[9,1] class, interface, enum, or record expected
verify-debug	Run verbose Verify (skip ITs)	2026-09-27T10:31:01.3816169Z [ERROR] /home/runner/work/spring-postgres-boilerplate/spring-postgres-boilerplate/src/main/java/com/example/boilerplate/security/JwtAuthenticationFilter.java:[10,1] class, interface, enum, or record expected
verify-debug	Run verbose Verify (skip ITs)	2026-09-27T10:31:01.3819283Z [ERROR] /home/runner/work/spring-postgres-boilerplate/spring-postgres-boilerplate/src/main/java/com/example/boilerplate/security/JwtAuthenticationFilter.java:[11,1] class, interface, enum, or record expected
verify-debug	Run verbose Verify (skip ITs)	2026-09-27T10:31:01.3822544Z [ERROR] /home/runner/work/spring-postgres-boilerplate/spring-postgres-boilerplate/src/main/java/com/example/boilerplate/security/JwtAuthenticationFilter.java:[12,1] class, interface, enum, or record expected
verify-debug	Run verbose Verify (skip ITs)	2026-09-27T10:31:01.3825585Z [ERROR] /home/runner/work/spring-postgres-boilerplate/spring-postgres-boilerplate/src/main/java/com/example/boilerplate/security/JwtService.java:[1,1] illegal character: '\ufeff'
verify-debug	Run verbose Verify (skip ITs)	2026-09-27T10:31:01.3828298Z [ERROR] /home/runner/work/spring-postgres-boilerplate/spring-postgres-boilerplate/src/main/java/com/example/boilerplate/security/JwtService.java:[1,10] class, interface, enum, or record expected
verify-debug	Run verbose Verify (skip ITs)	2026-09-27T10:31:01.3831324Z [ERROR] /home/runner/work/spring-postgres-boilerplate/spring-postgres-boilerplate/src/main/java/com/example/boilerplate/security/JwtService.java:[3,1] class, interface, enum, or record expected
verify-debug	Run verbose Verify (skip ITs)	2026-09-27T10:31:01.3834157Z [ERROR] /home/runner/work/spring-postgres-boilerplate/spring-postgres-boilerplate/src/main/java/com/example/boilerplate/security/JwtService.java:[4,1] class, interface, enum, or record expected
verify-debug	Run verbose Verify (skip ITs)	2026-09-27T10:31:01.3836988Z [ERROR] /home/runner/work/spring-postgres-boilerplate/spring-postgres-boilerplate/src/main/java/com/example/boilerplate/security/JwtService.java:[5,1] class, interface, enum, or record expected
verify-debug	Run verbose Verify (skip ITs)	2026-09-27T10:31:01.3839743Z [ERROR] /home/runner/work/spring-postgres-boilerplate/spring-postgres-boilerplate/src/main/java/com/example/boilerplate/security/JwtService.java:[6,1] class, interface, enum, or record expected
verify-debug	Run verbose Verify (skip ITs)	2026-09-27T10:31:01.3842689Z [ERROR] /home/runner/work/spring-postgres-boilerplate/spring-postgres-boilerplate/src/main/java/com/example/boilerplate/security/JwtService.java:[7,1] class, interface, enum, or record expected
verify-debug	Run verbose Verify (skip ITs)	2026-09-27T10:31:01.3845398Z [ERROR] /home/runner/work/spring-postgres-boilerplate/spring-postgres-boilerplate/src/main/java/com/example/boilerplate/security/JwtService.java:[8,1] class, interface, enum, or record expected
verify-debug	Run verbose Verify (skip ITs)	2026-09-27T10:31:01.3848127Z [ERROR] /home/runner/work/spring-postgres-boilerplate/spring-postgres-boilerplate/src/main/java/com/example/boilerplate/security/JwtService.java:[9,1] class, interface, enum, or record expected
verify-debug	Run verbose Verify (skip ITs)	2026-09-27T10:31:01.3850997Z [ERROR] /home/runner/work/spring-postgres-boilerplate/spring-postgres-boilerplate/src/main/java/com/example/boilerplate/security/JwtService.java:[10,1] class, interface, enum, or record expected
verify-debug	Run verbose Verify (skip ITs)	2026-09-27T10:31:01.3853767Z [ERROR] /home/runner/work/spring-postgres-boilerplate/spring-postgres-boilerplate/src/main/java/com/example/boilerplate/security/JwtService.java:[12,1] class, interface, enum, or record expected
verify-debug	Run verbose Verify (skip ITs)	2026-09-27T10:31:01.3856565Z [ERROR] /home/runner/work/spring-postgres-boilerplate/spring-postgres-boilerplate/src/main/java/com/example/boilerplate/security/JwtService.java:[13,1] class, interface, enum, or record expected
verify-debug	Run verbose Verify (skip ITs)	2026-09-27T10:31:01.3859352Z [ERROR] /home/runner/work/spring-postgres-boilerplate/spring-postgres-boilerplate/src/main/java/com/example/boilerplate/security/JwtService.java:[14,1] class, interface, enum, or record expected
verify-debug	Run verbose Verify (skip ITs)	2026-09-27T10:31:01.3862554Z [ERROR] /home/runner/work/spring-postgres-boilerplate/spring-postgres-boilerplate/src/main/java/com/example/boilerplate/security/JwtService.java:[15,1] class, interface, enum, or record expected
verify-debug	Run verbose Verify (skip ITs)	2026-09-27T10:31:01.3865267Z [ERROR] /home/runner/work/spring-postgres-boilerplate/spring-postgres-boilerplate/src/main/java/com/example/boilerplate/service/AuthService.java:[1,1] illegal character: '\ufeff'
verify-debug	Run verbose Verify (skip ITs)	2026-09-27T10:31:01.3867982Z [ERROR] /home/runner/work/spring-postgres-boilerplate/spring-postgres-boilerplate/src/main/java/com/example/boilerplate/service/AuthService.java:[1,10] class, interface, enum, or record expected
verify-debug	Run verbose Verify (skip ITs)	2026-09-27T10:31:01.3870979Z [ERROR] /home/runner/work/spring-postgres-boilerplate/spring-postgres-boilerplate/src/main/java/com/example/boilerplate/service/AuthService.java:[3,1] class, interface, enum, or record expected
verify-debug	Run verbose Verify (skip ITs)	2026-09-27T10:31:01.3873907Z [ERROR] /home/runner/work/spring-postgres-boilerplate/spring-postgres-boilerplate/src/main/java/com/example/boilerplate/service/AuthService.java:[4,1] class, interface, enum, or record expected
verify-debug	Run verbose Verify (skip ITs)	2026-09-27T10:31:01.3876939Z [ERROR] /home/runner/work/spring-postgres-boilerplate/spring-postgres-boilerplate/src/main/java/com/example/boilerplate/service/AuthService.java:[5,1] class, interface, enum, or record expected
verify-debug	Run verbose Verify (skip ITs)	2026-09-27T10:31:01.3879795Z [ERROR] /home/runner/work/spring-postgres-boilerplate/spring-postgres-boilerplate/src/main/java/com/example/boilerplate/service/AuthService.java:[6,1] class, interface, enum, or record expected
verify-debug	Run verbose Verify (skip ITs)	2026-09-27T10:31:01.3882877Z [ERROR] /home/runner/work/spring-postgres-boilerplate/spring-postgres-boilerplate/src/main/java/com/example/boilerplate/service/AuthService.java:[7,1] class, interface, enum, or record expected
verify-debug	Run verbose Verify (skip ITs)	2026-09-27T10:31:01.3885706Z [ERROR] /home/runner/work/spring-postgres-boilerplate/spring-postgres-boilerplate/src/main/java/com/example/boilerplate/service/AuthService.java:[8,1] class, interface, enum, or record expected
verify-debug	Run verbose Verify (skip ITs)	2026-09-27T10:31:01.3888547Z [ERROR] /home/runner/work/spring-postgres-boilerplate/spring-postgres-boilerplate/src/main/java/com/example/boilerplate/service/AuthService.java:[9,1] class, interface, enum, or record expected
verify-debug	Run verbose Verify (skip ITs)	2026-09-27T10:31:01.3891494Z [ERROR] /home/runner/work/spring-postgres-boilerplate/spring-postgres-boilerplate/src/main/java/com/example/boilerplate/service/AuthService.java:[11,1] class, interface, enum, or record expected
verify-debug	Run verbose Verify (skip ITs)	2026-09-27T10:31:01.3894266Z [ERROR] /home/runner/work/spring-postgres-boilerplate/spring-postgres-boilerplate/src/main/java/com/example/boilerplate/service/AuthService.java:[12,1] class, interface, enum, or record expected
verify-debug	Run verbose Verify (skip ITs)	2026-09-27T10:31:01.3897016Z [ERROR] /home/runner/work/spring-postgres-boilerplate/spring-postgres-boilerplate/src/main/java/com/example/boilerplate/service/AuthService.java:[13,1] class, interface, enum, or record expected
verify-debug	Run verbose Verify (skip ITs)	2026-09-27T10:31:01.3899851Z [ERROR] /home/runner/work/spring-postgres-boilerplate/spring-postgres-boilerplate/src/main/java/com/example/boilerplate/service/AuthService.java:[14,1] class, interface, enum, or record expected
verify-debug	Run verbose Verify (skip ITs)	2026-09-27T10:31:01.3902999Z [ERROR] /home/runner/work/spring-postgres-boilerplate/spring-postgres-boilerplate/src/main/java/com/example/boilerplate/service/AuthService.java:[16,1] class, interface, enum, or record expected
verify-debug	Run verbose Verify (skip ITs)	2026-09-27T10:31:01.3905980Z [ERROR] /home/runner/work/spring-postgres-boilerplate/spring-postgres-boilerplate/src/main/java/com/example/boilerplate/service/AuthService.java:[17,1] class, interface, enum, or record expected
verify-debug	Run verbose Verify (skip ITs)	2026-09-27T10:31:01.3908908Z [ERROR] /home/runner/work/spring-postgres-boilerplate/spring-postgres-boilerplate/src/main/java/com/example/boilerplate/service/AuthService.java:[18,1] class, interface, enum, or record expected
verify-debug	Run verbose Verify (skip ITs)	2026-09-27T10:31:01.3912022Z [ERROR] /home/runner/work/spring-postgres-boilerplate/spring-postgres-boilerplate/src/main/java/com/example/boilerplate/service/AuthService.java:[19,1] class, interface, enum, or record expected
verify-debug	Run verbose Verify (skip ITs)	2026-09-27T10:31:01.3915205Z [ERROR] /home/runner/work/spring-postgres-boilerplate/spring-postgres-boilerplate/src/main/java/com/example/boilerplate/service/AuthService.java:[20,1] class, interface, enum, or record expected
verify-debug	Run verbose Verify (skip ITs)	2026-09-27T10:31:01.3918620Z [ERROR] /home/runner/work/spring-postgres-boilerplate/spring-postgres-boilerplate/src/main/java/com/example/boilerplate/service/AuthService.java:[21,1] class, interface, enum, or record expected
verify-debug	Run verbose Verify (skip ITs)	2026-09-27T10:31:01.3922913Z [ERROR] /home/runner/work/spring-postgres-boilerplate/spring-postgres-boilerplate/src/main/java/com/example/boilerplate/testresult/TestResult.java:[1,1] illegal character: '\ufeff'
verify-debug	Run verbose Verify (skip ITs)	2026-09-27T10:31:01.3925419Z [ERROR] /home/runner/work/spring-postgres-boilerplate/spring-postgres-boilerplate/src/main/java/com/example/boilerplate/testresult/TestResult.java:[1,10] class, interface, enum, or record expected
verify-debug	Run verbose Verify (skip ITs)	2026-09-27T10:31:01.3926899Z [ERROR] /home/runner/work/spring-postgres-boilerplate/spring-postgres-boilerplate/src/main/java/com/example/boilerplate/testresult/TestResult.java:[3,1] class, interface, enum, or record expected
verify-debug	Run verbose Verify (skip ITs)	2026-09-27T10:31:01.3928344Z [ERROR] /home/runner/work/spring-postgres-boilerplate/spring-postgres-boilerplate/src/main/java/com/example/boilerplate/testresult/TestResult.java:[4,1] class, interface, enum, or record expected
verify-debug	Run verbose Verify (skip ITs)	2026-09-27T10:31:01.3929948Z [ERROR] /home/runner/work/spring-postgres-boilerplate/spring-postgres-boilerplate/src/main/java/com/example/boilerplate/testresult/TestResult.java:[5,1] class, interface, enum, or record expected
verify-debug	Run verbose Verify (skip ITs)	2026-09-27T10:31:01.3931725Z [ERROR] /home/runner/work/spring-postgres-boilerplate/spring-postgres-boilerplate/src/main/java/com/example/boilerplate/testresult/TestResult.java:[6,1] class, interface, enum, or record expected
verify-debug	Run verbose Verify (skip ITs)	2026-09-27T10:31:01.3933143Z [ERROR] /home/runner/work/spring-postgres-boilerplate/spring-postgres-boilerplate/src/main/java/com/example/boilerplate/testresult/TestResult.java:[7,1] class, interface, enum, or record expected
verify-debug	Run verbose Verify (skip ITs)	2026-09-27T10:31:01.3934544Z [ERROR] /home/runner/work/spring-postgres-boilerplate/spring-postgres-boilerplate/src/main/java/com/example/boilerplate/testresult/TestResultService.java:[1,1] illegal character: '\ufeff'
verify-debug	Run verbose Verify (skip ITs)	2026-09-27T10:31:01.3935976Z [ERROR] /home/runner/work/spring-postgres-boilerplate/spring-postgres-boilerplate/src/main/java/com/example/boilerplate/testresult/TestResultService.java:[1,10] class, interface, enum, or record expected
verify-debug	Run verbose Verify (skip ITs)	2026-09-27T10:31:01.3937444Z [ERROR] /home/runner/work/spring-postgres-boilerplate/spring-postgres-boilerplate/src/main/java/com/example/boilerplate/testresult/TestResultService.java:[3,1] class, interface, enum, or record expected
verify-debug	Run verbose Verify (skip ITs)	2026-09-27T10:31:01.3938901Z [ERROR] /home/runner/work/spring-postgres-boilerplate/spring-postgres-boilerplate/src/main/java/com/example/boilerplate/testresult/TestResultService.java:[4,1] class, interface, enum, or record expected
verify-debug	Run verbose Verify (skip ITs)	2026-09-27T10:31:01.3940594Z [ERROR] /home/runner/work/spring-postgres-boilerplate/spring-postgres-boilerplate/src/main/java/com/example/boilerplate/testresult/TestResultService.java:[5,1] class, interface, enum, or record expected
verify-debug	Run verbose Verify (skip ITs)	2026-09-27T10:31:01.3942070Z [ERROR] /home/runner/work/spring-postgres-boilerplate/spring-postgres-boilerplate/src/main/java/com/example/boilerplate/testresult/TestResultService.java:[6,1] class, interface, enum, or record expected
verify-debug	Run verbose Verify (skip ITs)	2026-09-27T10:31:01.3943509Z [ERROR] /home/runner/work/spring-postgres-boilerplate/spring-postgres-boilerplate/src/main/java/com/example/boilerplate/testresult/TestResultService.java:[7,1] class, interface, enum, or record expected
verify-debug	Run verbose Verify (skip ITs)	2026-09-27T10:31:01.3944955Z [ERROR] /home/runner/work/spring-postgres-boilerplate/spring-postgres-boilerplate/src/main/java/com/example/boilerplate/testresult/TestResultService.java:[8,1] class, interface, enum, or record expected
verify-debug	Run verbose Verify (skip ITs)	2026-09-27T10:31:01.3946443Z [ERROR] /home/runner/work/spring-postgres-boilerplate/spring-postgres-boilerplate/src/main/java/com/example/boilerplate/testresult/TestResultService.java:[9,1] class, interface, enum, or record expected
verify-debug	Run verbose Verify (skip ITs)	2026-09-27T10:31:01.3947990Z [ERROR] /home/runner/work/spring-postgres-boilerplate/spring-postgres-boilerplate/src/main/java/com/example/boilerplate/user/UserController.java:[1,1] illegal character: '\ufeff'
verify-debug	Run verbose Verify (skip ITs)	2026-09-27T10:31:01.3949321Z [ERROR] /home/runner/work/spring-postgres-boilerplate/spring-postgres-boilerplate/src/main/java/com/example/boilerplate/user/UserController.java:[1,10] class, interface, enum, or record expected
verify-debug	Run verbose Verify (skip ITs)	2026-09-27T10:31:01.3950954Z [ERROR] /home/runner/work/spring-postgres-boilerplate/spring-postgres-boilerplate/src/main/java/com/example/boilerplate/user/UserController.java:[3,1] class, interface, enum, or record expected
verify-debug	Run verbose Verify (skip ITs)	2026-09-27T10:31:01.3952339Z [ERROR] /home/runner/work/spring-postgres-boilerplate/spring-postgres-boilerplate/src/main/java/com/example/boilerplate/user/UserController.java:[4,1] class, interface, enum, or record expected
verify-debug	Run verbose Verify (skip ITs)	2026-09-27T10:31:01.3953705Z [ERROR] /home/runner/work/spring-postgres-boilerplate/spring-postgres-boilerplate/src/main/java/com/example/boilerplate/user/UserController.java:[5,1] class, interface, enum, or record expected
verify-debug	Run verbose Verify (skip ITs)	2026-09-27T10:31:01.3955027Z [ERROR] /home/runner/work/spring-postgres-boilerplate/spring-postgres-boilerplate/src/main/java/com/example/boilerplate/user/UserMapper.java:[1,1] illegal character: '\ufeff'
verify-debug	Run verbose Verify (skip ITs)	2026-09-27T10:31:01.3956473Z [ERROR] /home/runner/work/spring-postgres-boilerplate/spring-postgres-boilerplate/src/main/java/com/example/boilerplate/user/UserMapper.java:[1,10] class, interface, enum, or record expected
verify-debug	Run verbose Verify (skip ITs)	2026-09-27T10:31:01.3957282Z [INFO] 100 errors 
verify-debug	Run verbose Verify (skip ITs)	2026-09-27T10:31:01.3957566Z [INFO] -------------------------------------------------------------
verify-debug	Run verbose Verify (skip ITs)	2026-09-27T10:31:01.3957996Z [INFO] ------------------------------------------------------------------------
verify-debug	Run verbose Verify (skip ITs)	2026-09-27T10:31:01.3958348Z [INFO] BUILD FAILURE
verify-debug	Run verbose Verify (skip ITs)	2026-09-27T10:31:01.3958644Z [INFO] ------------------------------------------------------------------------
verify-debug	Run verbose Verify (skip ITs)	2026-09-27T10:31:01.3959007Z [INFO] Total time:  2.354 s
verify-debug	Run verbose Verify (skip ITs)	2026-09-27T10:31:01.3959279Z [INFO] Finished at: 2026-09-27T10:31:01Z
verify-debug	Run verbose Verify (skip ITs)	2026-09-27T10:31:01.3959625Z [INFO] ------------------------------------------------------------------------
verify-debug	Run verbose Verify (skip ITs)	2026-09-27T10:31:01.3960749Z [ERROR] Failed to execute goal org.apache.maven.plugins:maven-compiler-plugin:3.14.0:compile (default-compile) on project spring-postgres-boilerplate: Compilation failure: Compilation failure: 
verify-debug	Run verbose Verify (skip ITs)	2026-09-27T10:31:01.3962083Z [ERROR] /home/runner/work/spring-postgres-boilerplate/spring-postgres-boilerplate/src/main/java/com/example/boilerplate/auth/AuthController.java:[1,1] illegal character: '\ufeff'
verify-debug	Run verbose Verify (skip ITs)	2026-09-27T10:31:01.3963424Z [ERROR] /home/runner/work/spring-postgres-boilerplate/spring-postgres-boilerplate/src/main/java/com/example/boilerplate/auth/AuthController.java:[1,10] class, interface, enum, or record expected
verify-debug	Run verbose Verify (skip ITs)	2026-09-27T10:31:01.3964803Z [ERROR] /home/runner/work/spring-postgres-boilerplate/spring-postgres-boilerplate/src/main/java/com/example/boilerplate/auth/AuthController.java:[3,1] class, interface, enum, or record expected
verify-debug	Run verbose Verify (skip ITs)	2026-09-27T10:31:01.3966182Z [ERROR] /home/runner/work/spring-postgres-boilerplate/spring-postgres-boilerplate/src/main/java/com/example/boilerplate/auth/AuthController.java:[4,1] class, interface, enum, or record expected
verify-debug	Run verbose Verify (skip ITs)	2026-09-27T10:31:01.3967560Z [ERROR] /home/runner/work/spring-postgres-boilerplate/spring-postgres-boilerplate/src/main/java/com/example/boilerplate/auth/AuthController.java:[5,1] class, interface, enum, or record expected
verify-debug	Run verbose Verify (skip ITs)	2026-09-27T10:31:01.3968924Z [ERROR] /home/runner/work/spring-postgres-boilerplate/spring-postgres-boilerplate/src/main/java/com/example/boilerplate/auth/AuthController.java:[6,1] class, interface, enum, or record expected
verify-debug	Run verbose Verify (skip ITs)	2026-09-27T10:31:01.3970508Z [ERROR] /home/runner/work/spring-postgres-boilerplate/spring-postgres-boilerplate/src/main/java/com/example/boilerplate/auth/AuthController.java:[7,1] class, interface, enum, or record expected
verify-debug	Run verbose Verify (skip ITs)	2026-09-27T10:31:01.3971875Z [ERROR] /home/runner/work/spring-postgres-boilerplate/spring-postgres-boilerplate/src/main/java/com/example/boilerplate/config/SecurityConfig.java:[1,1] illegal character: '\ufeff'
verify-debug	Run verbose Verify (skip ITs)	2026-09-27T10:31:01.3973358Z [ERROR] /home/runner/work/spring-postgres-boilerplate/spring-postgres-boilerplate/src/main/java/com/example/boilerplate/config/SecurityConfig.java:[1,10] class, interface, enum, or record expected
verify-debug	Run verbose Verify (skip ITs)	2026-09-27T10:31:01.3974771Z [ERROR] /home/runner/work/spring-postgres-boilerplate/spring-postgres-boilerplate/src/main/java/com/example/boilerplate/config/SecurityConfig.java:[3,1] class, interface, enum, or record expected
verify-debug	Run verbose Verify (skip ITs)	2026-09-27T10:31:01.3976172Z [ERROR] /home/runner/work/spring-postgres-boilerplate/spring-postgres-boilerplate/src/main/java/com/example/boilerplate/config/SecurityConfig.java:[4,1] class, interface, enum, or record expected
verify-debug	Run verbose Verify (skip ITs)	2026-09-27T10:31:01.3977568Z [ERROR] /home/runner/work/spring-postgres-boilerplate/spring-postgres-boilerplate/src/main/java/com/example/boilerplate/config/SecurityConfig.java:[5,1] class, interface, enum, or record expected
verify-debug	Run verbose Verify (skip ITs)	2026-09-27T10:31:01.3979094Z [ERROR] /home/runner/work/spring-postgres-boilerplate/spring-postgres-boilerplate/src/main/java/com/example/boilerplate/config/SecurityConfig.java:[6,1] class, interface, enum, or record expected
verify-debug	Run verbose Verify (skip ITs)	2026-09-27T10:31:01.3981225Z [ERROR] /home/runner/work/spring-postgres-boilerplate/spring-postgres-boilerplate/src/main/java/com/example/boilerplate/config/SecurityConfig.java:[7,1] class, interface, enum, or record expected
verify-debug	Run verbose Verify (skip ITs)	2026-09-27T10:31:01.3982634Z [ERROR] /home/runner/work/spring-postgres-boilerplate/spring-postgres-boilerplate/src/main/java/com/example/boilerplate/config/SecurityConfig.java:[8,1] class, interface, enum, or record expected
verify-debug	Run verbose Verify (skip ITs)	2026-09-27T10:31:01.3984035Z [ERROR] /home/runner/work/spring-postgres-boilerplate/spring-postgres-boilerplate/src/main/java/com/example/boilerplate/config/SecurityConfig.java:[9,1] class, interface, enum, or record expected
verify-debug	Run verbose Verify (skip ITs)	2026-09-27T10:31:01.3985430Z [ERROR] /home/runner/work/spring-postgres-boilerplate/spring-postgres-boilerplate/src/main/java/com/example/boilerplate/config/SecurityConfig.java:[10,1] class, interface, enum, or record expected
verify-debug	Run verbose Verify (skip ITs)	2026-09-27T10:31:01.3986875Z [ERROR] /home/runner/work/spring-postgres-boilerplate/spring-postgres-boilerplate/src/main/java/com/example/boilerplate/config/SecurityConfig.java:[11,1] class, interface, enum, or record expected
verify-debug	Run verbose Verify (skip ITs)	2026-09-27T10:31:01.3988304Z [ERROR] /home/runner/work/spring-postgres-boilerplate/spring-postgres-boilerplate/src/main/java/com/example/boilerplate/config/SecurityConfig.java:[12,1] class, interface, enum, or record expected
verify-debug	Run verbose Verify (skip ITs)	2026-09-27T10:31:01.3989700Z [ERROR] /home/runner/work/spring-postgres-boilerplate/spring-postgres-boilerplate/src/main/java/com/example/boilerplate/config/SecurityConfig.java:[13,1] class, interface, enum, or record expected
verify-debug	Run verbose Verify (skip ITs)	2026-09-27T10:31:01.3991544Z [ERROR] /home/runner/work/spring-postgres-boilerplate/spring-postgres-boilerplate/src/main/java/com/example/boilerplate/config/SecurityConfig.java:[14,1] class, interface, enum, or record expected
verify-debug	Run verbose Verify (skip ITs)	2026-09-27T10:31:01.3992975Z [ERROR] /home/runner/work/spring-postgres-boilerplate/spring-postgres-boilerplate/src/main/java/com/example/boilerplate/config/SecurityConfig.java:[15,1] class, interface, enum, or record expected
verify-debug	Run verbose Verify (skip ITs)	2026-09-27T10:31:01.3994367Z [ERROR] /home/runner/work/spring-postgres-boilerplate/spring-postgres-boilerplate/src/main/java/com/example/boilerplate/config/SecurityConfig.java:[16,1] class, interface, enum, or record expected
verify-debug	Run verbose Verify (skip ITs)	2026-09-27T10:31:01.3995756Z [ERROR] /home/runner/work/spring-postgres-boilerplate/spring-postgres-boilerplate/src/main/java/com/example/boilerplate/config/SecurityConfig.java:[17,1] class, interface, enum, or record expected
verify-debug	Run verbose Verify (skip ITs)	2026-09-27T10:31:01.3997146Z [ERROR] /home/runner/work/spring-postgres-boilerplate/spring-postgres-boilerplate/src/main/java/com/example/boilerplate/config/SecurityConfig.java:[18,1] class, interface, enum, or record expected
verify-debug	Run verbose Verify (skip ITs)	2026-09-27T10:31:01.3998534Z [ERROR] /home/runner/work/spring-postgres-boilerplate/spring-postgres-boilerplate/src/main/java/com/example/boilerplate/config/SecurityConfig.java:[19,1] class, interface, enum, or record expected
verify-debug	Run verbose Verify (skip ITs)	2026-09-27T10:31:01.4000099Z [ERROR] /home/runner/work/spring-postgres-boilerplate/spring-postgres-boilerplate/src/main/java/com/example/boilerplate/config/SecurityConfig.java:[21,1] class, interface, enum, or record expected
verify-debug	Run verbose Verify (skip ITs)	2026-09-27T10:31:01.4001730Z [ERROR] /home/runner/work/spring-postgres-boilerplate/spring-postgres-boilerplate/src/main/java/com/example/boilerplate/config/SecurityConfig.java:[22,1] class, interface, enum, or record expected
verify-debug	Run verbose Verify (skip ITs)	2026-09-27T10:31:01.4003125Z [ERROR] /home/runner/work/spring-postgres-boilerplate/spring-postgres-boilerplate/src/main/java/com/example/boilerplate/config/SecurityConfig.java:[23,1] class, interface, enum, or record expected
verify-debug	Run verbose Verify (skip ITs)	2026-09-27T10:31:01.4004512Z [ERROR] /home/runner/work/spring-postgres-boilerplate/spring-postgres-boilerplate/src/main/java/com/example/boilerplate/config/SecurityConfig.java:[24,1] class, interface, enum, or record expected
verify-debug	Run verbose Verify (skip ITs)	2026-09-27T10:31:01.4005912Z [ERROR] /home/runner/work/spring-postgres-boilerplate/spring-postgres-boilerplate/src/main/java/com/example/boilerplate/config/SecurityConfig.java:[25,1] class, interface, enum, or record expected
verify-debug	Run verbose Verify (skip ITs)	2026-09-27T10:31:01.4007429Z [ERROR] /home/runner/work/spring-postgres-boilerplate/spring-postgres-boilerplate/src/main/java/com/example/boilerplate/config/SecurityConfig.java:[26,1] class, interface, enum, or record expected
verify-debug	Run verbose Verify (skip ITs)	2026-09-27T10:31:01.4008828Z [ERROR] /home/runner/work/spring-postgres-boilerplate/spring-postgres-boilerplate/src/main/java/com/example/boilerplate/security/JwtAuthenticationFilter.java:[1,1] illegal character: '\ufeff'
verify-debug	Run verbose Verify (skip ITs)	2026-09-27T10:31:01.4010535Z [ERROR] /home/runner/work/spring-postgres-boilerplate/spring-postgres-boilerplate/src/main/java/com/example/boilerplate/security/JwtAuthenticationFilter.java:[1,10] class, interface, enum, or record expected
verify-debug	Run verbose Verify (skip ITs)	2026-09-27T10:31:01.4012059Z [ERROR] /home/runner/work/spring-postgres-boilerplate/spring-postgres-boilerplate/src/main/java/com/example/boilerplate/security/JwtAuthenticationFilter.java:[3,1] class, interface, enum, or record expected
verify-debug	Run verbose Verify (skip ITs)	2026-09-27T10:31:01.4013571Z [ERROR] /home/runner/work/spring-postgres-boilerplate/spring-postgres-boilerplate/src/main/java/com/example/boilerplate/security/JwtAuthenticationFilter.java:[4,1] class, interface, enum, or record expected
verify-debug	Run verbose Verify (skip ITs)	2026-09-27T10:31:01.4015073Z [ERROR] /home/runner/work/spring-postgres-boilerplate/spring-postgres-boilerplate/src/main/java/com/example/boilerplate/security/JwtAuthenticationFilter.java:[5,1] class, interface, enum, or record expected
verify-debug	Run verbose Verify (skip ITs)	2026-09-27T10:31:01.4016575Z [ERROR] /home/runner/work/spring-postgres-boilerplate/spring-postgres-boilerplate/src/main/java/com/example/boilerplate/security/JwtAuthenticationFilter.java:[6,1] class, interface, enum, or record expected
verify-debug	Run verbose Verify (skip ITs)	2026-09-27T10:31:01.4018057Z [ERROR] /home/runner/work/spring-postgres-boilerplate/spring-postgres-boilerplate/src/main/java/com/example/boilerplate/security/JwtAuthenticationFilter.java:[7,1] class, interface, enum, or record expected
verify-debug	Run verbose Verify (skip ITs)	2026-09-27T10:31:01.4019536Z [ERROR] /home/runner/work/spring-postgres-boilerplate/spring-postgres-boilerplate/src/main/java/com/example/boilerplate/security/JwtAuthenticationFilter.java:[8,1] class, interface, enum, or record expected
verify-debug	Run verbose Verify (skip ITs)	2026-09-27T10:31:01.4021230Z [ERROR] /home/runner/work/spring-postgres-boilerplate/spring-postgres-boilerplate/src/main/java/com/example/boilerplate/security/JwtAuthenticationFilter.java:[9,1] class, interface, enum, or record expected
verify-debug	Run verbose Verify (skip ITs)	2026-09-27T10:31:01.4022771Z [ERROR] /home/runner/work/spring-postgres-boilerplate/spring-postgres-boilerplate/src/main/java/com/example/boilerplate/security/JwtAuthenticationFilter.java:[10,1] class, interface, enum, or record expected
verify-debug	Run verbose Verify (skip ITs)	2026-09-27T10:31:01.4025811Z [ERROR] /home/runner/work/spring-postgres-boilerplate/spring-postgres-boilerplate/src/main/java/com/example/boilerplate/security/JwtAuthenticationFilter.java:[11,1] class, interface, enum, or record expected
verify-debug	Run verbose Verify (skip ITs)	2026-09-27T10:31:01.4028540Z [ERROR] /home/runner/work/spring-postgres-boilerplate/spring-postgres-boilerplate/src/main/java/com/example/boilerplate/security/JwtAuthenticationFilter.java:[12,1] class, interface, enum, or record expected
verify-debug	Run verbose Verify (skip ITs)	2026-09-27T10:31:01.4031495Z [ERROR] /home/runner/work/spring-postgres-boilerplate/spring-postgres-boilerplate/src/main/java/com/example/boilerplate/security/JwtService.java:[1,1] illegal character: '\ufeff'
verify-debug	Run verbose Verify (skip ITs)	2026-09-27T10:31:01.4033839Z [ERROR] /home/runner/work/spring-postgres-boilerplate/spring-postgres-boilerplate/src/main/java/com/example/boilerplate/security/JwtService.java:[1,10] class, interface, enum, or record expected
verify-debug	Run verbose Verify (skip ITs)	2026-09-27T10:31:01.4036360Z [ERROR] /home/runner/work/spring-postgres-boilerplate/spring-postgres-boilerplate/src/main/java/com/example/boilerplate/security/JwtService.java:[3,1] class, interface, enum, or record expected
verify-debug	Run verbose Verify (skip ITs)	2026-09-27T10:31:01.4038941Z [ERROR] /home/runner/work/spring-postgres-boilerplate/spring-postgres-boilerplate/src/main/java/com/example/boilerplate/security/JwtService.java:[4,1] class, interface, enum, or record expected
verify-debug	Run verbose Verify (skip ITs)	2026-09-27T10:31:01.4041540Z [ERROR] /home/runner/work/spring-postgres-boilerplate/spring-postgres-boilerplate/src/main/java/com/example/boilerplate/security/JwtService.java:[5,1] class, interface, enum, or record expected
verify-debug	Run verbose Verify (skip ITs)	2026-09-27T10:31:01.4044260Z [ERROR] /home/runner/work/spring-postgres-boilerplate/spring-postgres-boilerplate/src/main/java/com/example/boilerplate/security/JwtService.java:[6,1] class, interface, enum, or record expected
verify-debug	Run verbose Verify (skip ITs)	2026-09-27T10:31:01.4046804Z [ERROR] /home/runner/work/spring-postgres-boilerplate/spring-postgres-boilerplate/src/main/java/com/example/boilerplate/security/JwtService.java:[7,1] class, interface, enum, or record expected
verify-debug	Run verbose Verify (skip ITs)	2026-09-27T10:31:01.4049350Z [ERROR] /home/runner/work/spring-postgres-boilerplate/spring-postgres-boilerplate/src/main/java/com/example/boilerplate/security/JwtService.java:[8,1] class, interface, enum, or record expected
verify-debug	Run verbose Verify (skip ITs)	2026-09-27T10:31:01.4052088Z [ERROR] /home/runner/work/spring-postgres-boilerplate/spring-postgres-boilerplate/src/main/java/com/example/boilerplate/security/JwtService.java:[9,1] class, interface, enum, or record expected
verify-debug	Run verbose Verify (skip ITs)	2026-09-27T10:31:01.4054641Z [ERROR] /home/runner/work/spring-postgres-boilerplate/spring-postgres-boilerplate/src/main/java/com/example/boilerplate/security/JwtService.java:[10,1] class, interface, enum, or record expected
verify-debug	Run verbose Verify (skip ITs)	2026-09-27T10:31:01.4057190Z [ERROR] /home/runner/work/spring-postgres-boilerplate/spring-postgres-boilerplate/src/main/java/com/example/boilerplate/security/JwtService.java:[12,1] class, interface, enum, or record expected
verify-debug	Run verbose Verify (skip ITs)	2026-09-27T10:31:01.4059716Z [ERROR] /home/runner/work/spring-postgres-boilerplate/spring-postgres-boilerplate/src/main/java/com/example/boilerplate/security/JwtService.java:[13,1] class, interface, enum, or record expected
verify-debug	Run verbose Verify (skip ITs)	2026-09-27T10:31:01.4062433Z [ERROR] /home/runner/work/spring-postgres-boilerplate/spring-postgres-boilerplate/src/main/java/com/example/boilerplate/security/JwtService.java:[14,1] class, interface, enum, or record expected
verify-debug	Run verbose Verify (skip ITs)	2026-09-27T10:31:01.4065021Z [ERROR] /home/runner/work/spring-postgres-boilerplate/spring-postgres-boilerplate/src/main/java/com/example/boilerplate/security/JwtService.java:[15,1] class, interface, enum, or record expected
verify-debug	Run verbose Verify (skip ITs)	2026-09-27T10:31:01.4067451Z [ERROR] /home/runner/work/spring-postgres-boilerplate/spring-postgres-boilerplate/src/main/java/com/example/boilerplate/service/AuthService.java:[1,1] illegal character: '\ufeff'
verify-debug	Run verbose Verify (skip ITs)	2026-09-27T10:31:01.4069890Z [ERROR] /home/runner/work/spring-postgres-boilerplate/spring-postgres-boilerplate/src/main/java/com/example/boilerplate/service/AuthService.java:[1,10] class, interface, enum, or record expected
verify-debug	Run verbose Verify (skip ITs)	2026-09-27T10:31:01.4072492Z [ERROR] /home/runner/work/spring-postgres-boilerplate/spring-postgres-boilerplate/src/main/java/com/example/boilerplate/service/AuthService.java:[3,1] class, interface, enum, or record expected
verify-debug	Run verbose Verify (skip ITs)	2026-09-27T10:31:01.4074964Z [ERROR] /home/runner/work/spring-postgres-boilerplate/spring-postgres-boilerplate/src/main/java/com/example/boilerplate/service/AuthService.java:[4,1] class, interface, enum, or record expected
verify-debug	Run verbose Verify (skip ITs)	2026-09-27T10:31:01.4077627Z [ERROR] /home/runner/work/spring-postgres-boilerplate/spring-postgres-boilerplate/src/main/java/com/example/boilerplate/service/AuthService.java:[5,1] class, interface, enum, or record expected
verify-debug	Run verbose Verify (skip ITs)	2026-09-27T10:31:01.4080097Z [ERROR] /home/runner/work/spring-postgres-boilerplate/spring-postgres-boilerplate/src/main/java/com/example/boilerplate/service/AuthService.java:[6,1] class, interface, enum, or record expected
verify-debug	Run verbose Verify (skip ITs)	2026-09-27T10:31:01.4082885Z [ERROR] /home/runner/work/spring-postgres-boilerplate/spring-postgres-boilerplate/src/main/java/com/example/boilerplate/service/AuthService.java:[7,1] class, interface, enum, or record expected
verify-debug	Run verbose Verify (skip ITs)	2026-09-27T10:31:01.4085519Z [ERROR] /home/runner/work/spring-postgres-boilerplate/spring-postgres-boilerplate/src/main/java/com/example/boilerplate/service/AuthService.java:[8,1] class, interface, enum, or record expected
verify-debug	Run verbose Verify (skip ITs)	2026-09-27T10:31:01.4088056Z [ERROR] /home/runner/work/spring-postgres-boilerplate/spring-postgres-boilerplate/src/main/java/com/example/boilerplate/service/AuthService.java:[9,1] class, interface, enum, or record expected
verify-debug	Run verbose Verify (skip ITs)	2026-09-27T10:31:01.4090786Z [ERROR] /home/runner/work/spring-postgres-boilerplate/spring-postgres-boilerplate/src/main/java/com/example/boilerplate/service/AuthService.java:[11,1] class, interface, enum, or record expected
verify-debug	Run verbose Verify (skip ITs)	2026-09-27T10:31:01.4093522Z [ERROR] /home/runner/work/spring-postgres-boilerplate/spring-postgres-boilerplate/src/main/java/com/example/boilerplate/service/AuthService.java:[12,1] class, interface, enum, or record expected
verify-debug	Run verbose Verify (skip ITs)	2026-09-27T10:31:01.4096083Z [ERROR] /home/runner/work/spring-postgres-boilerplate/spring-postgres-boilerplate/src/main/java/com/example/boilerplate/service/AuthService.java:[13,1] class, interface, enum, or record expected
verify-debug	Run verbose Verify (skip ITs)	2026-09-27T10:31:01.4098627Z [ERROR] /home/runner/work/spring-postgres-boilerplate/spring-postgres-boilerplate/src/main/java/com/example/boilerplate/service/AuthService.java:[14,1] class, interface, enum, or record expected
verify-debug	Run verbose Verify (skip ITs)	2026-09-27T10:31:01.4101363Z [ERROR] /home/runner/work/spring-postgres-boilerplate/spring-postgres-boilerplate/src/main/java/com/example/boilerplate/service/AuthService.java:[16,1] class, interface, enum, or record expected
verify-debug	Run verbose Verify (skip ITs)	2026-09-27T10:31:01.4103936Z [ERROR] /home/runner/work/spring-postgres-boilerplate/spring-postgres-boilerplate/src/main/java/com/example/boilerplate/service/AuthService.java:[17,1] class, interface, enum, or record expected
verify-debug	Run verbose Verify (skip ITs)	2026-09-27T10:31:01.4106505Z [ERROR] /home/runner/work/spring-postgres-boilerplate/spring-postgres-boilerplate/src/main/java/com/example/boilerplate/service/AuthService.java:[18,1] class, interface, enum, or record expected
verify-debug	Run verbose Verify (skip ITs)	2026-09-27T10:31:01.4109047Z [ERROR] /home/runner/work/spring-postgres-boilerplate/spring-postgres-boilerplate/src/main/java/com/example/boilerplate/service/AuthService.java:[19,1] class, interface, enum, or record expected
verify-debug	Run verbose Verify (skip ITs)	2026-09-27T10:31:01.4111811Z [ERROR] /home/runner/work/spring-postgres-boilerplate/spring-postgres-boilerplate/src/main/java/com/example/boilerplate/service/AuthService.java:[20,1] class, interface, enum, or record expected
verify-debug	Run verbose Verify (skip ITs)	2026-09-27T10:31:01.4114355Z [ERROR] /home/runner/work/spring-postgres-boilerplate/spring-postgres-boilerplate/src/main/java/com/example/boilerplate/service/AuthService.java:[21,1] class, interface, enum, or record expected
verify-debug	Run verbose Verify (skip ITs)	2026-09-27T10:31:01.4116877Z [ERROR] /home/runner/work/spring-postgres-boilerplate/spring-postgres-boilerplate/src/main/java/com/example/boilerplate/testresult/TestResult.java:[1,1] illegal character: '\ufeff'
verify-debug	Run verbose Verify (skip ITs)	2026-09-27T10:31:01.4119381Z [ERROR] /home/runner/work/spring-postgres-boilerplate/spring-postgres-boilerplate/src/main/java/com/example/boilerplate/testresult/TestResult.java:[1,10] class, interface, enum, or record expected
verify-debug	Run verbose Verify (skip ITs)	2026-09-27T10:31:01.4122149Z [ERROR] /home/runner/work/spring-postgres-boilerplate/spring-postgres-boilerplate/src/main/java/com/example/boilerplate/testresult/TestResult.java:[3,1] class, interface, enum, or record expected
verify-debug	Run verbose Verify (skip ITs)	2026-09-27T10:31:01.4124913Z [ERROR] /home/runner/work/spring-postgres-boilerplate/spring-postgres-boilerplate/src/main/java/com/example/boilerplate/testresult/TestResult.java:[4,1] class, interface, enum, or record expected
verify-debug	Run verbose Verify (skip ITs)	2026-09-27T10:31:01.4127531Z [ERROR] /home/runner/work/spring-postgres-boilerplate/spring-postgres-boilerplate/src/main/java/com/example/boilerplate/testresult/TestResult.java:[5,1] class, interface, enum, or record expected
verify-debug	Run verbose Verify (skip ITs)	2026-09-27T10:31:01.4130146Z [ERROR] /home/runner/work/spring-postgres-boilerplate/spring-postgres-boilerplate/src/main/java/com/example/boilerplate/testresult/TestResult.java:[6,1] class, interface, enum, or record expected
verify-debug	Run verbose Verify (skip ITs)	2026-09-27T10:31:01.4132938Z [ERROR] /home/runner/work/spring-postgres-boilerplate/spring-postgres-boilerplate/src/main/java/com/example/boilerplate/testresult/TestResult.java:[7,1] class, interface, enum, or record expected
verify-debug	Run verbose Verify (skip ITs)	2026-09-27T10:31:01.4135503Z [ERROR] /home/runner/work/spring-postgres-boilerplate/spring-postgres-boilerplate/src/main/java/com/example/boilerplate/testresult/TestResultService.java:[1,1] illegal character: '\ufeff'
verify-debug	Run verbose Verify (skip ITs)	2026-09-27T10:31:01.4138172Z [ERROR] /home/runner/work/spring-postgres-boilerplate/spring-postgres-boilerplate/src/main/java/com/example/boilerplate/testresult/TestResultService.java:[1,10] class, interface, enum, or record expected
verify-debug	Run verbose Verify (skip ITs)	2026-09-27T10:31:01.4141237Z [ERROR] /home/runner/work/spring-postgres-boilerplate/spring-postgres-boilerplate/src/main/java/com/example/boilerplate/testresult/TestResultService.java:[3,1] class, interface, enum, or record expected
verify-debug	Run verbose Verify (skip ITs)	2026-09-27T10:31:01.4143944Z [ERROR] /home/runner/work/spring-postgres-boilerplate/spring-postgres-boilerplate/src/main/java/com/example/boilerplate/testresult/TestResultService.java:[4,1] class, interface, enum, or record expected
verify-debug	Run verbose Verify (skip ITs)	2026-09-27T10:31:01.4146604Z [ERROR] /home/runner/work/spring-postgres-boilerplate/spring-postgres-boilerplate/src/main/java/com/example/boilerplate/testresult/TestResultService.java:[5,1] class, interface, enum, or record expected
verify-debug	Run verbose Verify (skip ITs)	2026-09-27T10:31:01.4149267Z [ERROR] /home/runner/work/spring-postgres-boilerplate/spring-postgres-boilerplate/src/main/java/com/example/boilerplate/testresult/TestResultService.java:[6,1] class, interface, enum, or record expected
verify-debug	Run verbose Verify (skip ITs)	2026-09-27T10:31:01.4152122Z [ERROR] /home/runner/work/spring-postgres-boilerplate/spring-postgres-boilerplate/src/main/java/com/example/boilerplate/testresult/TestResultService.java:[7,1] class, interface, enum, or record expected
verify-debug	Run verbose Verify (skip ITs)	2026-09-27T10:31:01.4154764Z [ERROR] /home/runner/work/spring-postgres-boilerplate/spring-postgres-boilerplate/src/main/java/com/example/boilerplate/testresult/TestResultService.java:[8,1] class, interface, enum, or record expected
verify-debug	Run verbose Verify (skip ITs)	2026-09-27T10:31:01.4157286Z [ERROR] /home/runner/work/spring-postgres-boilerplate/spring-postgres-boilerplate/src/main/java/com/example/boilerplate/testresult/TestResultService.java:[9,1] class, interface, enum, or record expected
verify-debug	Run verbose Verify (skip ITs)	2026-09-27T10:31:01.4159234Z [ERROR] /home/runner/work/spring-postgres-boilerplate/spring-postgres-boilerplate/src/main/java/com/example/boilerplate/user/UserController.java:[1,1] illegal character: '\ufeff'
verify-debug	Run verbose Verify (skip ITs)	2026-09-27T10:31:01.4160913Z [ERROR] /home/runner/work/spring-postgres-boilerplate/spring-postgres-boilerplate/src/main/java/com/example/boilerplate/user/UserController.java:[1,10] class, interface, enum, or record expected
verify-debug	Run verbose Verify (skip ITs)	2026-09-27T10:31:01.4162986Z [ERROR] /home/runner/work/spring-postgres-boilerplate/spring-postgres-boilerplate/src/main/java/com/example/boilerplate/user/UserController.java:[3,1] class, interface, enum, or record expected
verify-debug	Run verbose Verify (skip ITs)	2026-09-27T10:31:01.4164552Z [ERROR] /home/runner/work/spring-postgres-boilerplate/spring-postgres-boilerplate/src/main/java/com/example/boilerplate/user/UserController.java:[4,1] class, interface, enum, or record expected
verify-debug	Run verbose Verify (skip ITs)	2026-09-27T10:31:01.4166094Z [ERROR] /home/runner/work/spring-postgres-boilerplate/spring-postgres-boilerplate/src/main/java/com/example/boilerplate/user/UserController.java:[5,1] class, interface, enum, or record expected
verify-debug	Run verbose Verify (skip ITs)	2026-09-27T10:31:01.4168580Z [ERROR] /home/runner/work/spring-postgres-boilerplate/spring-postgres-boilerplate/src/main/java/com/example/boilerplate/user/UserMapper.java:[1,1] illegal character: '\ufeff'
verify-debug	Run verbose Verify (skip ITs)	2026-09-27T10:31:01.4169959Z [ERROR] /home/runner/work/spring-postgres-boilerplate/spring-postgres-boilerplate/src/main/java/com/example/boilerplate/user/UserMapper.java:[1,10] class, interface, enum, or record expected
verify-debug	Run verbose Verify (skip ITs)	2026-09-27T10:31:01.4171238Z [ERROR] -> [Help 1]
verify-debug	Run verbose Verify (skip ITs)	2026-09-27T10:31:01.4172148Z org.apache.maven.lifecycle.LifecycleExecutionException: Failed to execute goal org.apache.maven.plugins:maven-compiler-plugin:3.14.0:compile (default-compile) on project spring-postgres-boilerplate: Compilation failure
verify-debug	Run verbose Verify (skip ITs)	2026-09-27T10:31:01.4173279Z     at org.apache.maven.lifecycle.internal.MojoExecutor.doExecute2 (MojoExecutor.java:333)
verify-debug	Run verbose Verify (skip ITs)	2026-09-27T10:31:01.4173937Z     at org.apache.maven.lifecycle.internal.MojoExecutor.doExecute (MojoExecutor.java:316)
verify-debug	Run verbose Verify (skip ITs)	2026-09-27T10:31:01.4174566Z     at org.apache.maven.lifecycle.internal.MojoExecutor.execute (MojoExecutor.java:212)
verify-debug	Run verbose Verify (skip ITs)	2026-09-27T10:31:01.4175192Z     at org.apache.maven.lifecycle.internal.MojoExecutor.execute (MojoExecutor.java:174)
verify-debug	Run verbose Verify (skip ITs)	2026-09-27T10:31:01.4175816Z     at org.apache.maven.lifecycle.internal.MojoExecutor.access$000 (MojoExecutor.java:75)
verify-debug	Run verbose Verify (skip ITs)	2026-09-27T10:31:01.4176583Z     at org.apache.maven.lifecycle.internal.MojoExecutor$1.run (MojoExecutor.java:162)
verify-debug	Run verbose Verify (skip ITs)	2026-09-27T10:31:01.4177286Z     at org.apache.maven.plugin.DefaultMojosExecutionStrategy.execute (DefaultMojosExecutionStrategy.java:39)
verify-debug	Run verbose Verify (skip ITs)	2026-09-27T10:31:01.4178016Z     at org.apache.maven.lifecycle.internal.MojoExecutor.execute (MojoExecutor.java:159)
verify-debug	Run verbose Verify (skip ITs)	2026-09-27T10:31:01.4178751Z     at org.apache.maven.lifecycle.internal.LifecycleModuleBuilder.buildProject (LifecycleModuleBuilder.java:105)
verify-debug	Run verbose Verify (skip ITs)	2026-09-27T10:31:01.4179600Z     at org.apache.maven.lifecycle.internal.LifecycleModuleBuilder.buildProject (LifecycleModuleBuilder.java:73)
verify-debug	Run verbose Verify (skip ITs)	2026-09-27T10:31:01.4180747Z     at org.apache.maven.lifecycle.internal.builder.singlethreaded.SingleThreadedBuilder.build (SingleThreadedBuilder.java:53)
verify-debug	Run verbose Verify (skip ITs)	2026-09-27T10:31:01.4181678Z     at org.apache.maven.lifecycle.internal.LifecycleStarter.execute (LifecycleStarter.java:118)
verify-debug	Run verbose Verify (skip ITs)	2026-09-27T10:31:01.4182286Z     at org.apache.maven.DefaultMaven.doExecute (DefaultMaven.java:261)
verify-debug	Run verbose Verify (skip ITs)	2026-09-27T10:31:01.4182778Z     at org.apache.maven.DefaultMaven.doExecute (DefaultMaven.java:173)
verify-debug	Run verbose Verify (skip ITs)	2026-09-27T10:31:01.4183256Z     at org.apache.maven.DefaultMaven.execute (DefaultMaven.java:101)
verify-debug	Run verbose Verify (skip ITs)	2026-09-27T10:31:01.4183707Z     at org.apache.maven.cli.MavenCli.execute (MavenCli.java:919)
verify-debug	Run verbose Verify (skip ITs)	2026-09-27T10:31:01.4184139Z     at org.apache.maven.cli.MavenCli.doMain (MavenCli.java:285)
verify-debug	Run verbose Verify (skip ITs)	2026-09-27T10:31:01.4184563Z     at org.apache.maven.cli.MavenCli.main (MavenCli.java:207)
verify-debug	Run verbose Verify (skip ITs)	2026-09-27T10:31:01.4185158Z     at jdk.internal.reflect.DirectMethodHandleAccessor.invoke (DirectMethodHandleAccessor.java:103)
verify-debug	Run verbose Verify (skip ITs)	2026-09-27T10:31:01.4185731Z     at java.lang.reflect.Method.invoke (Method.java:580)
verify-debug	Run verbose Verify (skip ITs)	2026-09-27T10:31:01.4186265Z     at org.codehaus.plexus.classworlds.launcher.Launcher.launchEnhanced (Launcher.java:255)
verify-debug	Run verbose Verify (skip ITs)	2026-09-27T10:31:01.4186907Z     at org.codehaus.plexus.classworlds.launcher.Launcher.launch (Launcher.java:201)
verify-debug	Run verbose Verify (skip ITs)	2026-09-27T10:31:01.4187568Z     at org.codehaus.plexus.classworlds.launcher.Launcher.mainWithExitCode (Launcher.java:362)
verify-debug	Run verbose Verify (skip ITs)	2026-09-27T10:31:01.4188202Z     at org.codehaus.plexus.classworlds.launcher.Launcher.main (Launcher.java:314)
verify-debug	Run verbose Verify (skip ITs)	2026-09-27T10:31:01.4188832Z Caused by: org.apache.maven.plugin.compiler.CompilationFailureException: Compilation failure
verify-debug	Run verbose Verify (skip ITs)	2026-09-27T10:31:01.4189560Z     at org.apache.maven.plugin.compiler.AbstractCompilerMojo.execute (AbstractCompilerMojo.java:1309)
verify-debug	Run verbose Verify (skip ITs)	2026-09-27T10:31:01.4190468Z     at org.apache.maven.plugin.compiler.CompilerMojo.execute (CompilerMojo.java:225)
verify-debug	Run verbose Verify (skip ITs)	2026-09-27T10:31:01.4191191Z     at org.apache.maven.plugin.DefaultBuildPluginManager.executeMojo (DefaultBuildPluginManager.java:126)
verify-debug	Run verbose Verify (skip ITs)	2026-09-27T10:31:01.4191927Z     at org.apache.maven.lifecycle.internal.MojoExecutor.doExecute2 (MojoExecutor.java:328)
verify-debug	Run verbose Verify (skip ITs)	2026-09-27T10:31:01.4192740Z     at org.apache.maven.lifecycle.internal.MojoExecutor.doExecute (MojoExecutor.java:316)
verify-debug	Run verbose Verify (skip ITs)	2026-09-27T10:31:01.4193369Z     at org.apache.maven.lifecycle.internal.MojoExecutor.execute (MojoExecutor.java:212)
verify-debug	Run verbose Verify (skip ITs)	2026-09-27T10:31:01.4193988Z     at org.apache.maven.lifecycle.internal.MojoExecutor.execute (MojoExecutor.java:174)
verify-debug	Run verbose Verify (skip ITs)	2026-09-27T10:31:01.4194619Z     at org.apache.maven.lifecycle.internal.MojoExecutor.access$000 (MojoExecutor.java:75)
verify-debug	Run verbose Verify (skip ITs)	2026-09-27T10:31:01.4195236Z     at org.apache.maven.lifecycle.internal.MojoExecutor$1.run (MojoExecutor.java:162)
verify-debug	Run verbose Verify (skip ITs)	2026-09-27T10:31:01.4195935Z     at org.apache.maven.plugin.DefaultMojosExecutionStrategy.execute (DefaultMojosExecutionStrategy.java:39)
verify-debug	Run verbose Verify (skip ITs)	2026-09-27T10:31:01.4196647Z     at org.apache.maven.lifecycle.internal.MojoExecutor.execute (MojoExecutor.java:159)
verify-debug	Run verbose Verify (skip ITs)	2026-09-27T10:31:01.4197381Z     at org.apache.maven.lifecycle.internal.LifecycleModuleBuilder.buildProject (LifecycleModuleBuilder.java:105)
verify-debug	Run verbose Verify (skip ITs)	2026-09-27T10:31:01.4198232Z     at org.apache.maven.lifecycle.internal.LifecycleModuleBuilder.buildProject (LifecycleModuleBuilder.java:73)
verify-debug	Run verbose Verify (skip ITs)	2026-09-27T10:31:01.4199152Z     at org.apache.maven.lifecycle.internal.builder.singlethreaded.SingleThreadedBuilder.build (SingleThreadedBuilder.java:53)
verify-debug	Run verbose Verify (skip ITs)	2026-09-27T10:31:01.4200111Z     at org.apache.maven.lifecycle.internal.LifecycleStarter.execute (LifecycleStarter.java:118)
verify-debug	Run verbose Verify (skip ITs)	2026-09-27T10:31:01.4201163Z     at org.apache.maven.DefaultMaven.doExecute (DefaultMaven.java:261)
verify-debug	Run verbose Verify (skip ITs)	2026-09-27T10:31:01.4201656Z     at org.apache.maven.DefaultMaven.doExecute (DefaultMaven.java:173)
verify-debug	Run verbose Verify (skip ITs)	2026-09-27T10:31:01.4202130Z     at org.apache.maven.DefaultMaven.execute (DefaultMaven.java:101)
verify-debug	Run verbose Verify (skip ITs)	2026-09-27T10:31:01.4202584Z     at org.apache.maven.cli.MavenCli.execute (MavenCli.java:919)
verify-debug	Run verbose Verify (skip ITs)	2026-09-27T10:31:01.4203019Z     at org.apache.maven.cli.MavenCli.doMain (MavenCli.java:285)
verify-debug	Run verbose Verify (skip ITs)	2026-09-27T10:31:01.4203441Z     at org.apache.maven.cli.MavenCli.main (MavenCli.java:207)
verify-debug	Run verbose Verify (skip ITs)	2026-09-27T10:31:01.4204008Z     at jdk.internal.reflect.DirectMethodHandleAccessor.invoke (DirectMethodHandleAccessor.java:103)
verify-debug	Run verbose Verify (skip ITs)	2026-09-27T10:31:01.4204589Z     at java.lang.reflect.Method.invoke (Method.java:580)
verify-debug	Run verbose Verify (skip ITs)	2026-09-27T10:31:01.4205115Z     at org.codehaus.plexus.classworlds.launcher.Launcher.launchEnhanced (Launcher.java:255)
verify-debug	Run verbose Verify (skip ITs)	2026-09-27T10:31:01.4205775Z     at org.codehaus.plexus.classworlds.launcher.Launcher.launch (Launcher.java:201)
verify-debug	Run verbose Verify (skip ITs)	2026-09-27T10:31:01.4206426Z     at org.codehaus.plexus.classworlds.launcher.Launcher.mainWithExitCode (Launcher.java:362)
verify-debug	Run verbose Verify (skip ITs)	2026-09-27T10:31:01.4207076Z     at org.codehaus.plexus.classworlds.launcher.Launcher.main (Launcher.java:314)
verify-debug	Run verbose Verify (skip ITs)	2026-09-27T10:31:01.4207504Z [ERROR] 
verify-debug	Run verbose Verify (skip ITs)	2026-09-27T10:31:01.4207698Z [ERROR] 
verify-debug	Run verbose Verify (skip ITs)	2026-09-27T10:31:01.4208112Z [ERROR] For more information about the errors and possible solutions, please read the following articles:
verify-debug	Run verbose Verify (skip ITs)	2026-09-27T10:31:01.4208792Z [ERROR] [Help 1] http://cwiki.apache.org/confluence/display/MAVEN/MojoFailureException
verify-debug	Run verbose Verify (skip ITs)	2026-09-27T10:31:01.4209866Z [DEBUG] Shutting down adapter factory; available factories [file-lock, rwlock-local, semaphore-local, noop]; available name mappers [discriminating, file-gaecv, file-gav, file-hgaecv, file-hgav, file-static, gaecv, gav, static]
verify-debug	Run verbose Verify (skip ITs)	2026-09-27T10:31:01.4211064Z [DEBUG] Shutting down 'file-lock' factory
verify-debug	Run verbose Verify (skip ITs)	2026-09-27T10:31:01.4211395Z [DEBUG] Shutting down 'rwlock-local' factory
verify-debug	Run verbose Verify (skip ITs)	2026-09-27T10:31:01.4211733Z [DEBUG] Shutting down 'semaphore-local' factory
verify-debug	Run verbose Verify (skip ITs)	2026-09-27T10:31:01.4212052Z [DEBUG] Shutting down 'noop' factory
verify-debug	Upload verbose log	﻿2026-09-27T10:31:01.4279190Z ##[group]Run actions/upload-artifact@v4
verify-debug	Upload verbose log	2026-09-27T10:31:01.4279510Z with:
verify-debug	Upload verbose log	2026-09-27T10:31:01.4279730Z   name: verify-debug-logs
verify-debug	Upload verbose log	2026-09-27T10:31:01.4279985Z   path: mvn-verify-debug.log
verify-debug	Upload verbose log	2026-09-27T10:31:01.4280428Z   if-no-files-found: warn
verify-debug	Upload verbose log	2026-09-27T10:31:01.4280675Z   compression-level: 6
verify-debug	Upload verbose log	2026-09-27T10:31:01.4280901Z   overwrite: false
verify-debug	Upload verbose log	2026-09-27T10:31:01.4281120Z   include-hidden-files: false
verify-debug	Upload verbose log	2026-09-27T10:31:01.4281369Z env:
verify-debug	Upload verbose log	2026-09-27T10:31:01.4281723Z   JAVA_HOME: /opt/hostedtoolcache/Java_Temurin-Hotspot_jdk/21.0.12-1/x64
verify-debug	Upload verbose log	2026-09-27T10:31:01.4282400Z   JAVA_HOME_21_X64: /opt/hostedtoolcache/Java_Temurin-Hotspot_jdk/21.0.12-1/x64
verify-debug	Upload verbose log	2026-09-27T10:31:01.4282793Z ##[endgroup]
verify-debug	Upload verbose log	2026-09-27T10:31:01.5924314Z (node:2341) [DEP0040] DeprecationWarning: The `punycode` module is deprecated. Please use a userland alternative instead.
verify-debug	Upload verbose log	2026-09-27T10:31:01.5925455Z (Use `node --trace-deprecation ...` to show where the warning was created)
verify-debug	Upload verbose log	2026-09-27T10:31:01.5974577Z With the provided path, there will be 1 file uploaded
verify-debug	Upload verbose log	2026-09-27T10:31:01.5976929Z Artifact name is valid!
verify-debug	Upload verbose log	2026-09-27T10:31:01.5978098Z Root directory input is valid!
verify-debug	Upload verbose log	2026-09-27T10:31:01.9936615Z Beginning upload of artifact content to blob storage
verify-debug	Upload verbose log	2026-09-27T10:31:02.0163187Z (node:2341) [DEP0169] DeprecationWarning: `url.parse()` behavior is not standardized and prone to errors that have security implications. Use the WHATWG URL API instead. CVEs are not issued for `url.parse()` vulnerabilities.
verify-debug	Upload verbose log	2026-09-27T10:31:02.3563249Z Uploaded bytes 22381
verify-debug	Upload verbose log	2026-09-27T10:31:02.4335826Z Finished uploading artifact content to blob storage!
verify-debug	Upload verbose log	2026-09-27T10:31:02.4337203Z SHA256 digest of uploaded artifact zip is 3839e495504e9764134255c35d9524642e2c2fd458a444e4236bab44578b1928
verify-debug	Upload verbose log	2026-09-27T10:31:02.4338678Z Finalizing artifact upload
verify-debug	Upload verbose log	2026-09-27T10:31:02.6888092Z Artifact verify-debug-logs.zip successfully finalized. Artifact ID 10929780960
verify-debug	Upload verbose log	2026-09-27T10:31:02.6889954Z Artifact verify-debug-logs has been successfully uploaded! Final size is 22381 bytes. Artifact ID is 10929780960
verify-debug	Upload verbose log	2026-09-27T10:31:02.6896641Z Artifact download URL: https://github.com/neszaDev/spring-postgres-boilerplate/actions/runs/36312769239/artifacts/10929780960
verify-debug	Upload test reports (if any)	﻿2026-09-27T10:31:02.7042921Z ##[group]Run actions/upload-artifact@v4
verify-debug	Upload test reports (if any)	2026-09-27T10:31:02.7043239Z with:
verify-debug	Upload test reports (if any)	2026-09-27T10:31:02.7043456Z   name: test-reports
verify-debug	Upload test reports (if any)	2026-09-27T10:31:02.7043764Z   path: target/**/surefire-reports
verify-debug	Upload test reports (if any)	target/**/failsafe-reports
verify-debug	Upload test reports (if any)	2026-09-27T10:31:02.7044129Z   if-no-files-found: warn
verify-debug	Upload test reports (if any)	2026-09-27T10:31:02.7044373Z   compression-level: 6
verify-debug	Upload test reports (if any)	2026-09-27T10:31:02.7044612Z   overwrite: false
verify-debug	Upload test reports (if any)	2026-09-27T10:31:02.7044843Z   include-hidden-files: false
verify-debug	Upload test reports (if any)	2026-09-27T10:31:02.7045086Z env:
verify-debug	Upload test reports (if any)	2026-09-27T10:31:02.7045395Z   JAVA_HOME: /opt/hostedtoolcache/Java_Temurin-Hotspot_jdk/21.0.12-1/x64
verify-debug	Upload test reports (if any)	2026-09-27T10:31:02.7045913Z   JAVA_HOME_21_X64: /opt/hostedtoolcache/Java_Temurin-Hotspot_jdk/21.0.12-1/x64
verify-debug	Upload test reports (if any)	2026-09-27T10:31:02.7046306Z ##[endgroup]
verify-debug	Upload test reports (if any)	2026-09-27T10:31:02.8791999Z (node:2354) [DEP0040] DeprecationWarning: The `punycode` module is deprecated. Please use a userland alternative instead.
verify-debug	Upload test reports (if any)	2026-09-27T10:31:02.8792769Z (Use `node --trace-deprecation ...` to show where the warning was created)
verify-debug	Upload test reports (if any)	2026-09-27T10:31:02.8892725Z ##[warning]No files were found with the provided path: target/**/surefire-reports
verify-debug	Upload test reports (if any)	target/**/failsafe-reports. No artifacts will be uploaded.
verify-debug	Post Set up JDK 21	﻿2026-09-27T10:31:02.9079551Z Post job cleanup.
verify-debug	Post Set up JDK 21	2026-09-27T10:31:03.0477162Z (node:2366) [DEP0040] DeprecationWarning: The `punycode` module is deprecated. Please use a userland alternative instead.
verify-debug	Post Set up JDK 21	2026-09-27T10:31:03.0478284Z (Use `node --trace-deprecation ...` to show where the warning was created)
verify-debug	Post Set up JDK 21	2026-09-27T10:31:03.0483645Z Cache hit occurred on the primary key setup-java-Linux-x64-maven-409b2a0314088bc976e93e0496ede877b5d9e118296fa53d47bd7efd7eeea48b, not saving cache.
verify-debug	Post Run actions/checkout@v4	﻿2026-09-27T10:31:03.0737005Z Post job cleanup.
verify-debug	Post Run actions/checkout@v4	2026-09-27T10:31:03.1681137Z [command]/usr/bin/git version
verify-debug	Post Run actions/checkout@v4	2026-09-27T10:31:03.1741249Z git version 2.55.0
verify-debug	Post Run actions/checkout@v4	2026-09-27T10:31:03.1771204Z Temporarily overriding HOME='/home/runner/work/_temp/ae83d01a-f155-4fdc-922f-6b622522789f' before making global git config changes
verify-debug	Post Run actions/checkout@v4	2026-09-27T10:31:03.1772687Z Adding repository directory to the temporary git global config as a safe directory
verify-debug	Post Run actions/checkout@v4	2026-09-27T10:31:03.1795592Z [command]/usr/bin/git config --global --add safe.directory /home/runner/work/spring-postgres-boilerplate/spring-postgres-boilerplate
verify-debug	Post Run actions/checkout@v4	2026-09-27T10:31:03.1864647Z [command]/usr/bin/git config --local --name-only --get-regexp core\.sshCommand
verify-debug	Post Run actions/checkout@v4	2026-09-27T10:31:03.1883082Z [command]/usr/bin/git submodule foreach --recursive sh -c "git config --local --name-only --get-regexp 'core\.sshCommand' && git config --local --unset-all 'core.sshCommand' || :"
verify-debug	Post Run actions/checkout@v4	2026-09-27T10:31:03.2160653Z [command]/usr/bin/git config --local --name-only --get-regexp http\.https\:\/\/github\.com\/\.extraheader
verify-debug	Post Run actions/checkout@v4	2026-09-27T10:31:03.2192395Z http.https://github.com/.extraheader
verify-debug	Post Run actions/checkout@v4	2026-09-27T10:31:03.2203673Z [command]/usr/bin/git config --local --unset-all http.https://github.com/.extraheader
verify-debug	Post Run actions/checkout@v4	2026-09-27T10:31:03.2242129Z [command]/usr/bin/git submodule foreach --recursive sh -c "git config --local --name-only --get-regexp 'http\.https\:\/\/github\.com\/\.extraheader' && git config --local --unset-all 'http.https://github.com/.extraheader' || :"
verify-debug	Post Run actions/checkout@v4	2026-09-27T10:31:03.2531741Z [command]/usr/bin/git config --local --name-only --get-regexp ^includeIf\.gitdir:
verify-debug	Post Run actions/checkout@v4	2026-09-27T10:31:03.2582263Z [command]/usr/bin/git submodule foreach --recursive git config --local --show-origin --name-only --get-regexp remote.origin.url
verify-debug	Complete job	﻿2026-09-27T10:31:03.3035306Z Cleaning up orphan processes
verify-debug	Complete job	2026-09-27T10:31:03.3314369Z ##[warning]Node.js 20 is deprecated. The following actions target Node.js 20 but are being forced to run on Node.js 24: actions/checkout@v4, actions/setup-java@v4, actions/upload-artifact@v4. For more information see: https://github.blog/changelog/2025-09-19-deprecation-of-node-20-on-github-actions-runners/
