verify	Set up job	﻿2026-09-27T10:30:48.9310992Z Current runner version: '2.337.0'
verify	Set up job	2026-09-27T10:30:48.9335927Z ##[group]Runner Image Provisioner
verify	Set up job	2026-09-27T10:30:48.9336985Z Hosted Compute Agent
verify	Set up job	2026-09-27T10:30:48.9337589Z Version: 20260828.587
verify	Set up job	2026-09-27T10:30:48.9338619Z Commit: abac92662cab4cc7352de4f9f9d2e2419aad9c29
verify	Set up job	2026-09-27T10:30:48.9339424Z Build Date: 2026-08-28T16:44:25Z
verify	Set up job	2026-09-27T10:30:48.9340100Z Worker ID: {dcba0750-ee53-40dc-a76c-315192868f30}
verify	Set up job	2026-09-27T10:30:48.9340899Z Azure Region: westcentralus
verify	Set up job	2026-09-27T10:30:48.9341570Z ##[endgroup]
verify	Set up job	2026-09-27T10:30:48.9343249Z ##[group]Operating System
verify	Set up job	2026-09-27T10:30:48.9343965Z Ubuntu
verify	Set up job	2026-09-27T10:30:48.9344499Z 24.04.5
verify	Set up job	2026-09-27T10:30:48.9345100Z LTS
verify	Set up job	2026-09-27T10:30:48.9345617Z ##[endgroup]
verify	Set up job	2026-09-27T10:30:48.9346227Z ##[group]Runner Image
verify	Set up job	2026-09-27T10:30:48.9346888Z Image: ubuntu-24.04
verify	Set up job	2026-09-27T10:30:48.9347453Z Version: 20260920.314.1
verify	Set up job	2026-09-27T10:30:48.9348771Z Included Software: https://github.com/actions/runner-images/blob/ubuntu24/20260920.314/images/ubuntu/Ubuntu2404-Readme.md
verify	Set up job	2026-09-27T10:30:48.9350610Z Image Release: https://github.com/actions/runner-images/releases/tag/ubuntu24%2F20260920.314
verify	Set up job	2026-09-27T10:30:48.9351601Z ##[endgroup]
verify	Set up job	2026-09-27T10:30:48.9352830Z ##[group]GITHUB_TOKEN Permissions
verify	Set up job	2026-09-27T10:30:48.9354948Z Contents: read
verify	Set up job	2026-09-27T10:30:48.9355589Z Metadata: read
verify	Set up job	2026-09-27T10:30:48.9356587Z Packages: read
verify	Set up job	2026-09-27T10:30:48.9357167Z ##[endgroup]
verify	Set up job	2026-09-27T10:30:48.9359428Z Secret source: Actions
verify	Set up job	2026-09-27T10:30:48.9360526Z Cache mode: write
verify	Set up job	2026-09-27T10:30:48.9361221Z Prepare workflow directory
verify	Set up job	2026-09-27T10:30:48.9698797Z Prepare all required actions
verify	Set up job	2026-09-27T10:30:48.9745928Z Getting action download info
verify	Set up job	2026-09-27T10:30:49.2681126Z Download action repository 'actions/checkout@v4' (SHA:11d5960a326750d5838078e36cf38b85af677262)
verify	Set up job	2026-09-27T10:30:49.4172068Z Download action repository 'actions/setup-java@v5' (SHA:b6effb05e454b25005698d916606bdc6ffcbf961)
verify	Set up job	2026-09-27T10:30:50.1791434Z Download action repository 'actions/upload-artifact@v7' (SHA:043fb46d1a93c77aae656e7c1c64a875d1fc6a0a)
verify	Set up job	2026-09-27T10:30:50.4341828Z Complete job name: verify
verify	Run actions/checkout@v4	﻿2026-09-27T10:30:50.5106202Z ##[group]Run actions/checkout@v4
verify	Run actions/checkout@v4	2026-09-27T10:30:50.5107097Z with:
verify	Run actions/checkout@v4	2026-09-27T10:30:50.5107621Z   repository: neszaDev/spring-postgres-boilerplate
verify	Run actions/checkout@v4	2026-09-27T10:30:50.5111558Z   token: ***
verify	Run actions/checkout@v4	2026-09-27T10:30:50.5112006Z   ssh-strict: true
verify	Run actions/checkout@v4	2026-09-27T10:30:50.5112442Z   ssh-user: git
verify	Run actions/checkout@v4	2026-09-27T10:30:50.5112887Z   persist-credentials: true
verify	Run actions/checkout@v4	2026-09-27T10:30:50.5113373Z   clean: true
verify	Run actions/checkout@v4	2026-09-27T10:30:50.5113813Z   sparse-checkout-cone-mode: true
verify	Run actions/checkout@v4	2026-09-27T10:30:50.5114328Z   fetch-depth: 1
verify	Run actions/checkout@v4	2026-09-27T10:30:50.5114750Z   fetch-tags: false
verify	Run actions/checkout@v4	2026-09-27T10:30:50.5115171Z   show-progress: true
verify	Run actions/checkout@v4	2026-09-27T10:30:50.5115615Z   lfs: false
verify	Run actions/checkout@v4	2026-09-27T10:30:50.5116034Z   submodules: false
verify	Run actions/checkout@v4	2026-09-27T10:30:50.5116468Z   set-safe-directory: true
verify	Run actions/checkout@v4	2026-09-27T10:30:50.5116964Z   allow-unsafe-pr-checkout: false
verify	Run actions/checkout@v4	2026-09-27T10:30:50.5117736Z ##[endgroup]
verify	Run actions/checkout@v4	2026-09-27T10:30:50.6171041Z Syncing repository: neszaDev/spring-postgres-boilerplate
verify	Run actions/checkout@v4	2026-09-27T10:30:50.6173803Z ##[group]Getting Git version info
verify	Run actions/checkout@v4	2026-09-27T10:30:50.6175355Z Working directory is '/home/runner/work/spring-postgres-boilerplate/spring-postgres-boilerplate'
verify	Run actions/checkout@v4	2026-09-27T10:30:50.6177483Z [command]/usr/bin/git version
verify	Run actions/checkout@v4	2026-09-27T10:30:50.6273588Z git version 2.55.0
verify	Run actions/checkout@v4	2026-09-27T10:30:50.6298016Z ##[endgroup]
verify	Run actions/checkout@v4	2026-09-27T10:30:50.6314779Z Temporarily overriding HOME='/home/runner/work/_temp/7538cb43-abba-415a-9b15-52307a7c52a7' before making global git config changes
verify	Run actions/checkout@v4	2026-09-27T10:30:50.6317131Z Adding repository directory to the temporary git global config as a safe directory
verify	Run actions/checkout@v4	2026-09-27T10:30:50.6320855Z [command]/usr/bin/git config --global --add safe.directory /home/runner/work/spring-postgres-boilerplate/spring-postgres-boilerplate
verify	Run actions/checkout@v4	2026-09-27T10:30:50.6388047Z Deleting the contents of '/home/runner/work/spring-postgres-boilerplate/spring-postgres-boilerplate'
verify	Run actions/checkout@v4	2026-09-27T10:30:50.6392953Z ##[group]Initializing the repository
verify	Run actions/checkout@v4	2026-09-27T10:30:50.6397121Z [command]/usr/bin/git init /home/runner/work/spring-postgres-boilerplate/spring-postgres-boilerplate
verify	Run actions/checkout@v4	2026-09-27T10:30:50.6548164Z hint: Using 'master' as the name for the initial branch. This default branch name
verify	Run actions/checkout@v4	2026-09-27T10:30:50.6550001Z hint: will change to "main" in Git 3.0. To configure the initial branch name
verify	Run actions/checkout@v4	2026-09-27T10:30:50.6551578Z hint: to use in all of your new repositories, which will suppress this warning,
verify	Run actions/checkout@v4	2026-09-27T10:30:50.6552859Z hint: call:
verify	Run actions/checkout@v4	2026-09-27T10:30:50.6553823Z hint:
verify	Run actions/checkout@v4	2026-09-27T10:30:50.6554651Z hint: 	git config --global init.defaultBranch <name>
verify	Run actions/checkout@v4	2026-09-27T10:30:50.6555647Z hint:
verify	Run actions/checkout@v4	2026-09-27T10:30:50.6556612Z hint: Names commonly chosen instead of 'master' are 'main', 'trunk' and
verify	Run actions/checkout@v4	2026-09-27T10:30:50.6558615Z hint: 'development'. The just-created branch can be renamed via this command:
verify	Run actions/checkout@v4	2026-09-27T10:30:50.6559883Z hint:
verify	Run actions/checkout@v4	2026-09-27T10:30:50.6560550Z hint: 	git branch -m <name>
verify	Run actions/checkout@v4	2026-09-27T10:30:50.6561363Z hint:
verify	Run actions/checkout@v4	2026-09-27T10:30:50.6562459Z hint: Disable this message with "git config set advice.defaultBranchName false"
verify	Run actions/checkout@v4	2026-09-27T10:30:50.6564666Z Initialized empty Git repository in /home/runner/work/spring-postgres-boilerplate/spring-postgres-boilerplate/.git/
verify	Run actions/checkout@v4	2026-09-27T10:30:50.6567648Z [command]/usr/bin/git remote add origin https://github.com/neszaDev/spring-postgres-boilerplate
verify	Run actions/checkout@v4	2026-09-27T10:30:50.6620015Z ##[endgroup]
verify	Run actions/checkout@v4	2026-09-27T10:30:50.6623774Z ##[group]Disabling automatic garbage collection
verify	Run actions/checkout@v4	2026-09-27T10:30:50.6624855Z [command]/usr/bin/git config --local gc.auto 0
verify	Run actions/checkout@v4	2026-09-27T10:30:50.6663281Z ##[endgroup]
verify	Run actions/checkout@v4	2026-09-27T10:30:50.6665179Z ##[group]Setting up auth
verify	Run actions/checkout@v4	2026-09-27T10:30:50.6671919Z [command]/usr/bin/git config --local --name-only --get-regexp core\.sshCommand
verify	Run actions/checkout@v4	2026-09-27T10:30:50.6711754Z [command]/usr/bin/git submodule foreach --recursive sh -c "git config --local --name-only --get-regexp 'core\.sshCommand' && git config --local --unset-all 'core.sshCommand' || :"
verify	Run actions/checkout@v4	2026-09-27T10:30:50.7156326Z [command]/usr/bin/git config --local --name-only --get-regexp http\.https\:\/\/github\.com\/\.extraheader
verify	Run actions/checkout@v4	2026-09-27T10:30:50.7193479Z [command]/usr/bin/git submodule foreach --recursive sh -c "git config --local --name-only --get-regexp 'http\.https\:\/\/github\.com\/\.extraheader' && git config --local --unset-all 'http.https://github.com/.extraheader' || :"
verify	Run actions/checkout@v4	2026-09-27T10:30:50.7420521Z [command]/usr/bin/git config --local --name-only --get-regexp ^includeIf\.gitdir:
verify	Run actions/checkout@v4	2026-09-27T10:30:50.7455469Z [command]/usr/bin/git submodule foreach --recursive git config --local --show-origin --name-only --get-regexp remote.origin.url
verify	Run actions/checkout@v4	2026-09-27T10:30:50.7677605Z [command]/usr/bin/git config --local http.https://github.com/.extraheader AUTHORIZATION: basic ***
verify	Run actions/checkout@v4	2026-09-27T10:30:50.7718991Z ##[endgroup]
verify	Run actions/checkout@v4	2026-09-27T10:30:50.7720287Z ##[group]Fetching the repository
verify	Run actions/checkout@v4	2026-09-27T10:30:50.7728965Z [command]/usr/bin/git -c protocol.version=2 fetch --no-tags --prune --no-recurse-submodules --depth=1 origin +9d47090698eb04edb7c93d153d355d05bca8d4db:refs/remotes/origin/ci/verify-debug
verify	Run actions/checkout@v4	2026-09-27T10:30:51.2451166Z From https://github.com/neszaDev/spring-postgres-boilerplate
verify	Run actions/checkout@v4	2026-09-27T10:30:51.2452593Z  * [new ref]         9d47090698eb04edb7c93d153d355d05bca8d4db -> origin/ci/verify-debug
verify	Run actions/checkout@v4	2026-09-27T10:30:51.2456119Z ##[endgroup]
verify	Run actions/checkout@v4	2026-09-27T10:30:51.2457022Z ##[group]Determining the checkout info
verify	Run actions/checkout@v4	2026-09-27T10:30:51.2465959Z ##[endgroup]
verify	Run actions/checkout@v4	2026-09-27T10:30:51.2474067Z [command]/usr/bin/git sparse-checkout disable
verify	Run actions/checkout@v4	2026-09-27T10:30:51.2526045Z [command]/usr/bin/git config --local --unset-all extensions.worktreeConfig
verify	Run actions/checkout@v4	2026-09-27T10:30:51.2559068Z ##[group]Checking out the ref
verify	Run actions/checkout@v4	2026-09-27T10:30:51.2563427Z [command]/usr/bin/git checkout --progress --force -B ci/verify-debug refs/remotes/origin/ci/verify-debug
verify	Run actions/checkout@v4	2026-09-27T10:30:51.2619180Z behavior, is not a valid attribute name: .gitattributes:1
verify	Run actions/checkout@v4	2026-09-27T10:30:51.2706517Z Switched to a new branch 'ci/verify-debug'
verify	Run actions/checkout@v4	2026-09-27T10:30:51.2713554Z branch 'ci/verify-debug' set up to track 'origin/ci/verify-debug'.
verify	Run actions/checkout@v4	2026-09-27T10:30:51.2718878Z ##[endgroup]
verify	Run actions/checkout@v4	2026-09-27T10:30:51.2761080Z [command]/usr/bin/git log -1 --format=%H
verify	Run actions/checkout@v4	2026-09-27T10:30:51.2787327Z 9d47090698eb04edb7c93d153d355d05bca8d4db
verify	Set up JDK 21	﻿2026-09-27T10:30:51.3195304Z ##[group]Run actions/setup-java@v5
verify	Set up JDK 21	2026-09-27T10:30:51.3195924Z with:
verify	Set up JDK 21	2026-09-27T10:30:51.3196339Z   distribution: temurin
verify	Set up JDK 21	2026-09-27T10:30:51.3196796Z   java-version: 21
verify	Set up JDK 21	2026-09-27T10:30:51.3197214Z   cache: maven
verify	Set up JDK 21	2026-09-27T10:30:51.3197626Z   java-package: jdk
verify	Set up JDK 21	2026-09-27T10:30:51.3198061Z   check-latest: false
verify	Set up JDK 21	2026-09-27T10:30:51.3198718Z   set-default: true
verify	Set up JDK 21	2026-09-27T10:30:51.3199168Z   verify-signature: false
verify	Set up JDK 21	2026-09-27T10:30:51.3199637Z   server-id: github
verify	Set up JDK 21	2026-09-27T10:30:51.3200074Z   server-username: GITHUB_ACTOR
verify	Set up JDK 21	2026-09-27T10:30:51.3200582Z   server-password: GITHUB_TOKEN
verify	Set up JDK 21	2026-09-27T10:30:51.3201089Z   overwrite-settings: true
verify	Set up JDK 21	2026-09-27T10:30:51.3201602Z   job-status: success
verify	Set up JDK 21	2026-09-27T10:30:51.3205158Z   token: ***
verify	Set up JDK 21	2026-09-27T10:30:51.3205606Z   show-download-progress: false
verify	Set up JDK 21	2026-09-27T10:30:51.3206101Z ##[endgroup]
verify	Set up JDK 21	2026-09-27T10:30:51.4736544Z ##[group]Installed distributions
verify	Set up JDK 21	2026-09-27T10:30:51.4943033Z Resolved Java 21.0.12+1 from tool-cache
verify	Set up JDK 21	2026-09-27T10:30:51.4944026Z Setting Java 21.0.12+1 as the default
verify	Set up JDK 21	2026-09-27T10:30:51.4954457Z Creating toolchains.xml for JDK version 21 from temurin
verify	Set up JDK 21	2026-09-27T10:30:51.5027901Z Writing to /home/runner/.m2/toolchains.xml
verify	Set up JDK 21	2026-09-27T10:30:51.5028969Z 
verify	Set up JDK 21	2026-09-27T10:30:51.5029341Z Java configuration:
verify	Set up JDK 21	2026-09-27T10:30:51.5030212Z   Distribution: temurin
verify	Set up JDK 21	2026-09-27T10:30:51.5031098Z   Version: 21.0.12+1
verify	Set up JDK 21	2026-09-27T10:30:51.5032249Z   Path: /opt/hostedtoolcache/Java_Temurin-Hotspot_jdk/21.0.12-1/x64
verify	Set up JDK 21	2026-09-27T10:30:51.5033259Z 
verify	Set up JDK 21	2026-09-27T10:30:51.5034131Z ##[endgroup]
verify	Set up JDK 21	2026-09-27T10:30:51.5070770Z Creating settings.xml with server-id: github
verify	Set up JDK 21	2026-09-27T10:30:51.5071978Z Writing to /home/runner/.m2/settings.xml
verify	Set up JDK 21	2026-09-27T10:30:51.5074106Z Configured MAVEN_ARGS to include -ntp to suppress Maven transfer progress logs. Set 'show-download-progress: true' to keep the download progress output.
verify	Set up JDK 21	2026-09-27T10:30:51.7674154Z maven cache is not found
verify	Install Maven	﻿2026-09-27T10:30:51.9703577Z ##[group]Run sudo apt-get update && sudo apt-get install -y maven
verify	Install Maven	2026-09-27T10:30:51.9705741Z ^[[36;1msudo apt-get update && sudo apt-get install -y maven^[[0m
verify	Install Maven	2026-09-27T10:30:52.0010727Z shell: /usr/bin/bash -e {0}
verify	Install Maven	2026-09-27T10:30:52.0012050Z env:
verify	Install Maven	2026-09-27T10:30:52.0013566Z   JAVA_HOME: /opt/hostedtoolcache/Java_Temurin-Hotspot_jdk/21.0.12-1/x64
verify	Install Maven	2026-09-27T10:30:52.0016101Z   JAVA_HOME_21_X64: /opt/hostedtoolcache/Java_Temurin-Hotspot_jdk/21.0.12-1/x64
verify	Install Maven	2026-09-27T10:30:52.0018152Z   MAVEN_ARGS: -ntp
verify	Install Maven	2026-09-27T10:30:52.0019452Z ##[endgroup]
verify	Install Maven	2026-09-27T10:30:52.1872230Z Get:1 file:/etc/apt/apt-mirrors.txt Mirrorlist [144 B]
verify	Install Maven	2026-09-27T10:30:52.2370825Z Hit:2 http://azure.archive.ubuntu.com/ubuntu noble InRelease
verify	Install Maven	2026-09-27T10:30:52.2381043Z Get:3 http://azure.archive.ubuntu.com/ubuntu noble-updates InRelease [126 kB]
verify	Install Maven	2026-09-27T10:30:52.2388796Z Get:6 https://packages.microsoft.com/ubuntu/24.04/prod noble InRelease [3600 B]
verify	Install Maven	2026-09-27T10:30:52.2454852Z Get:4 http://azure.archive.ubuntu.com/ubuntu noble-backports InRelease [126 kB]
verify	Install Maven	2026-09-27T10:30:52.2669156Z Get:5 http://azure.archive.ubuntu.com/ubuntu noble-security InRelease [126 kB]
verify	Install Maven	2026-09-27T10:30:52.4452018Z Get:7 https://packages.microsoft.com/ubuntu/24.04/prod noble/main arm64 Packages [446 kB]
verify	Install Maven	2026-09-27T10:30:52.4629466Z Get:8 https://packages.microsoft.com/ubuntu/24.04/prod noble/main amd64 Packages [498 kB]
verify	Install Maven	2026-09-27T10:30:52.4939375Z Get:9 http://azure.archive.ubuntu.com/ubuntu noble-updates/main amd64 Packages [1319 kB]
verify	Install Maven	2026-09-27T10:30:52.5026795Z Get:10 http://azure.archive.ubuntu.com/ubuntu noble-updates/main Translation-en [299 kB]
verify	Install Maven	2026-09-27T10:30:52.5050530Z Get:11 http://azure.archive.ubuntu.com/ubuntu noble-updates/main amd64 Components [181 kB]
verify	Install Maven	2026-09-27T10:30:52.5065644Z Get:12 http://azure.archive.ubuntu.com/ubuntu noble-updates/universe amd64 Packages [1697 kB]
verify	Install Maven	2026-09-27T10:30:52.5231204Z Get:13 http://azure.archive.ubuntu.com/ubuntu noble-updates/universe Translation-en [340 kB]
verify	Install Maven	2026-09-27T10:30:52.5270936Z Get:14 http://azure.archive.ubuntu.com/ubuntu noble-updates/universe amd64 Components [388 kB]
verify	Install Maven	2026-09-27T10:30:52.5300649Z Get:15 http://azure.archive.ubuntu.com/ubuntu noble-updates/restricted amd64 Packages [1654 kB]
verify	Install Maven	2026-09-27T10:30:52.5379310Z Get:16 http://azure.archive.ubuntu.com/ubuntu noble-updates/restricted Translation-en [377 kB]
verify	Install Maven	2026-09-27T10:30:52.5405348Z Get:17 http://azure.archive.ubuntu.com/ubuntu noble-updates/multiverse amd64 Components [940 B]
verify	Install Maven	2026-09-27T10:30:52.5609157Z Get:18 http://azure.archive.ubuntu.com/ubuntu noble-backports/main amd64 Packages [40.6 kB]
verify	Install Maven	2026-09-27T10:30:52.6080408Z Get:19 http://azure.archive.ubuntu.com/ubuntu noble-backports/main amd64 Components [5760 B]
verify	Install Maven	2026-09-27T10:30:52.6088045Z Get:20 http://azure.archive.ubuntu.com/ubuntu noble-backports/universe amd64 Packages [31.0 kB]
verify	Install Maven	2026-09-27T10:30:52.6099218Z Get:21 http://azure.archive.ubuntu.com/ubuntu noble-backports/universe Translation-en [18.6 kB]
verify	Install Maven	2026-09-27T10:30:52.6154650Z Get:22 http://azure.archive.ubuntu.com/ubuntu noble-backports/universe amd64 Components [12.6 kB]
verify	Install Maven	2026-09-27T10:30:52.6159772Z Get:23 http://azure.archive.ubuntu.com/ubuntu noble-security/main amd64 Packages [1053 kB]
verify	Install Maven	2026-09-27T10:30:52.6171122Z Get:24 http://azure.archive.ubuntu.com/ubuntu noble-security/main Translation-en [219 kB]
verify	Install Maven	2026-09-27T10:30:52.6188626Z Get:25 http://azure.archive.ubuntu.com/ubuntu noble-security/main amd64 Components [46.5 kB]
verify	Install Maven	2026-09-27T10:30:52.6199427Z Get:26 http://azure.archive.ubuntu.com/ubuntu noble-security/universe amd64 Packages [1220 kB]
verify	Install Maven	2026-09-27T10:30:52.6270570Z Get:27 http://azure.archive.ubuntu.com/ubuntu noble-security/universe Translation-en [245 kB]
verify	Install Maven	2026-09-27T10:30:52.6290805Z Get:28 http://azure.archive.ubuntu.com/ubuntu noble-security/universe amd64 Components [76.3 kB]
verify	Install Maven	2026-09-27T10:30:52.6303072Z Get:29 http://azure.archive.ubuntu.com/ubuntu noble-security/restricted amd64 Packages [1535 kB]
verify	Install Maven	2026-09-27T10:30:52.6419940Z Get:30 http://azure.archive.ubuntu.com/ubuntu noble-security/restricted Translation-en [353 kB]
verify	Install Maven	2026-09-27T10:30:59.6320698Z Fetched 12.4 MB in 1s (8517 kB/s)
verify	Install Maven	2026-09-27T10:31:00.4199981Z Reading package lists...
verify	Install Maven	2026-09-27T10:31:00.4504681Z Reading package lists...
verify	Install Maven	2026-09-27T10:31:00.6057265Z Building dependency tree...
verify	Install Maven	2026-09-27T10:31:00.6064277Z Reading state information...
verify	Install Maven	2026-09-27T10:31:00.7340092Z The following additional packages will be installed:
verify	Install Maven	2026-09-27T10:31:00.7341920Z   libaopalliance-java libapache-pom-java libatinject-jsr330-api-java
verify	Install Maven	2026-09-27T10:31:00.7343901Z   libcdi-api-java libcommons-cli-java libcommons-io-java libcommons-lang3-java
verify	Install Maven	2026-09-27T10:31:00.7345467Z   libcommons-parent-java liberror-prone-java
verify	Install Maven	2026-09-27T10:31:00.7346842Z   libgeronimo-annotation-1.3-spec-java libgeronimo-interceptor-3.0-spec-java
verify	Install Maven	2026-09-27T10:31:00.7348029Z   libguava-java libguice-java libjansi-java libjsr305-java
verify	Install Maven	2026-09-27T10:31:00.7349396Z   libmaven-parent-java libmaven-resolver-java libmaven-shared-utils-java
verify	Install Maven	2026-09-27T10:31:00.7350674Z   libmaven3-core-java libplexus-cipher-java libplexus-classworlds-java
verify	Install Maven	2026-09-27T10:31:00.7351725Z   libplexus-component-annotations-java libplexus-interpolation-java
verify	Install Maven	2026-09-27T10:31:00.7352552Z   libplexus-sec-dispatcher-java libplexus-utils2-java libsisu-inject-java
verify	Install Maven	2026-09-27T10:31:00.7353401Z   libsisu-plexus-java libslf4j-java libwagon-file-java
verify	Install Maven	2026-09-27T10:31:00.7353980Z   libwagon-http-shaded-java libwagon-provider-api-java
verify	Install Maven	2026-09-27T10:31:00.7354474Z Suggested packages:
verify	Install Maven	2026-09-27T10:31:00.7354990Z   libatinject-jsr330-api-java-doc libel-api-java libcommons-io-java-doc
verify	Install Maven	2026-09-27T10:31:00.7355760Z   libasm-java libcglib-java libjsr305-java-doc libmaven-shared-utils-java-doc
verify	Install Maven	2026-09-27T10:31:00.7358010Z   liblogback-java libplexus-utils2-java-doc junit4 testng
verify	Install Maven	2026-09-27T10:31:00.7358821Z   libcommons-logging-java liblog4j1.2-java
verify	Install Maven	2026-09-27T10:31:00.8127625Z The following NEW packages will be installed:
verify	Install Maven	2026-09-27T10:31:00.8129002Z   libaopalliance-java libapache-pom-java libatinject-jsr330-api-java
verify	Install Maven	2026-09-27T10:31:00.8130858Z   libcdi-api-java libcommons-cli-java libcommons-io-java libcommons-lang3-java
verify	Install Maven	2026-09-27T10:31:00.8132002Z   libcommons-parent-java liberror-prone-java
verify	Install Maven	2026-09-27T10:31:00.8133041Z   libgeronimo-annotation-1.3-spec-java libgeronimo-interceptor-3.0-spec-java
verify	Install Maven	2026-09-27T10:31:00.8134193Z   libguava-java libguice-java libjansi-java libjsr305-java
verify	Install Maven	2026-09-27T10:31:00.8135286Z   libmaven-parent-java libmaven-resolver-java libmaven-shared-utils-java
verify	Install Maven	2026-09-27T10:31:00.8136600Z   libmaven3-core-java libplexus-cipher-java libplexus-classworlds-java
verify	Install Maven	2026-09-27T10:31:00.8137624Z   libplexus-component-annotations-java libplexus-interpolation-java
verify	Install Maven	2026-09-27T10:31:00.8138768Z   libplexus-sec-dispatcher-java libplexus-utils2-java libsisu-inject-java
verify	Install Maven	2026-09-27T10:31:00.8139825Z   libsisu-plexus-java libslf4j-java libwagon-file-java
verify	Install Maven	2026-09-27T10:31:00.8140609Z   libwagon-http-shaded-java libwagon-provider-api-java maven
verify	Install Maven	2026-09-27T10:31:00.8344736Z 0 upgraded, 32 newly installed, 0 to remove and 32 not upgraded.
verify	Install Maven	2026-09-27T10:31:00.8345377Z Need to get 10.1 MB of archives.
verify	Install Maven	2026-09-27T10:31:00.8346088Z After this operation, 13.1 MB of additional disk space will be used.
verify	Install Maven	2026-09-27T10:31:00.8346858Z Get:1 file:/etc/apt/apt-mirrors.txt Mirrorlist [144 B]
verify	Install Maven	2026-09-27T10:31:00.9455765Z Get:2 http://azure.archive.ubuntu.com/ubuntu noble/universe amd64 libapache-pom-java all 29-2 [5284 B]
verify	Install Maven	2026-09-27T10:31:00.9971245Z Get:3 http://azure.archive.ubuntu.com/ubuntu noble/universe amd64 libatinject-jsr330-api-java all 1.0+ds1-5 [5348 B]
verify	Install Maven	2026-09-27T10:31:01.0449648Z Get:4 http://azure.archive.ubuntu.com/ubuntu noble/universe amd64 libgeronimo-interceptor-3.0-spec-java all 1.0.1-4fakesync [8616 B]
verify	Install Maven	2026-09-27T10:31:01.1009025Z Get:5 http://azure.archive.ubuntu.com/ubuntu noble/universe amd64 libcdi-api-java all 1.2-3 [54.3 kB]
verify	Install Maven	2026-09-27T10:31:01.2172325Z Get:6 http://azure.archive.ubuntu.com/ubuntu noble/universe amd64 libcommons-cli-java all 1.6.0-1 [59.9 kB]
verify	Install Maven	2026-09-27T10:31:01.2923828Z Get:7 http://azure.archive.ubuntu.com/ubuntu noble/universe amd64 libcommons-parent-java all 56-1 [10.7 kB]
verify	Install Maven	2026-09-27T10:31:01.3417275Z Get:8 http://azure.archive.ubuntu.com/ubuntu noble/universe amd64 libcommons-io-java all 2.11.0-2 [297 kB]
verify	Install Maven	2026-09-27T10:31:01.4910668Z Get:9 http://azure.archive.ubuntu.com/ubuntu noble/universe amd64 libcommons-lang3-java all 3.14.0-1 [586 kB]
verify	Install Maven	2026-09-27T10:31:01.6053211Z Get:10 http://azure.archive.ubuntu.com/ubuntu noble/universe amd64 libjsr305-java all 0.1~+svn49-11 [27.0 kB]
verify	Install Maven	2026-09-27T10:31:01.6523376Z Get:11 http://azure.archive.ubuntu.com/ubuntu noble/universe amd64 libguava-java all 32.0.1-1 [2692 kB]
verify	Install Maven	2026-09-27T10:31:01.8019133Z Get:12 http://azure.archive.ubuntu.com/ubuntu noble/universe amd64 liberror-prone-java all 2.18.0-1 [22.5 kB]
verify	Install Maven	2026-09-27T10:31:01.8492399Z Get:13 http://azure.archive.ubuntu.com/ubuntu noble/universe amd64 libgeronimo-annotation-1.3-spec-java all 1.3-1 [11.2 kB]
verify	Install Maven	2026-09-27T10:31:01.8961482Z Get:14 http://azure.archive.ubuntu.com/ubuntu noble/universe amd64 libaopalliance-java all 20070526-7 [8166 B]
verify	Install Maven	2026-09-27T10:31:01.9435438Z Get:15 http://azure.archive.ubuntu.com/ubuntu noble/universe amd64 libguice-java all 4.2.3-2 [1434 kB]
verify	Install Maven	2026-09-27T10:31:02.0044702Z Get:16 http://azure.archive.ubuntu.com/ubuntu noble/universe amd64 libjansi-java all 2.4.1-2 [83.0 kB]
verify	Install Maven	2026-09-27T10:31:02.0532286Z Get:17 http://azure.archive.ubuntu.com/ubuntu noble/universe amd64 libmaven-parent-java all 35-1 [5810 B]
verify	Install Maven	2026-09-27T10:31:02.1002892Z Get:18 http://azure.archive.ubuntu.com/ubuntu noble/universe amd64 libplexus-utils2-java all 3.4.2-1 [256 kB]
verify	Install Maven	2026-09-27T10:31:02.1522695Z Get:19 http://azure.archive.ubuntu.com/ubuntu noble/universe amd64 libwagon-provider-api-java all 3.5.3-1 [47.9 kB]
verify	Install Maven	2026-09-27T10:31:02.2010062Z Get:20 http://azure.archive.ubuntu.com/ubuntu noble/universe amd64 libmaven-resolver-java all 1.6.3-1 [544 kB]
verify	Install Maven	2026-09-27T10:31:02.2604697Z Get:21 http://azure.archive.ubuntu.com/ubuntu noble/universe amd64 libmaven-shared-utils-java all 3.3.4-1 [137 kB]
verify	Install Maven	2026-09-27T10:31:02.3091121Z Get:22 http://azure.archive.ubuntu.com/ubuntu noble/universe amd64 libplexus-cipher-java all 2.0-1 [14.7 kB]
verify	Install Maven	2026-09-27T10:31:02.3559422Z Get:23 http://azure.archive.ubuntu.com/ubuntu noble/universe amd64 libplexus-classworlds-java all 2.7.0-1 [50.0 kB]
verify	Install Maven	2026-09-27T10:31:02.4034940Z Get:24 http://azure.archive.ubuntu.com/ubuntu noble/universe amd64 libplexus-component-annotations-java all 2.1.1-1 [6550 B]
verify	Install Maven	2026-09-27T10:31:02.4503735Z Get:25 http://azure.archive.ubuntu.com/ubuntu noble/universe amd64 libplexus-interpolation-java all 1.26-1 [76.8 kB]
verify	Install Maven	2026-09-27T10:31:02.4997056Z Get:26 http://azure.archive.ubuntu.com/ubuntu noble/universe amd64 libplexus-sec-dispatcher-java all 2.0-3 [28.1 kB]
verify	Install Maven	2026-09-27T10:31:02.5470747Z Get:27 http://azure.archive.ubuntu.com/ubuntu noble/universe amd64 libslf4j-java all 1.7.32-1 [141 kB]
verify	Install Maven	2026-09-27T10:31:02.5965836Z Get:28 http://azure.archive.ubuntu.com/ubuntu noble/universe amd64 libsisu-inject-java all 0.3.4-2 [347 kB]
verify	Install Maven	2026-09-27T10:31:02.6462511Z Get:29 http://azure.archive.ubuntu.com/ubuntu noble/universe amd64 libsisu-plexus-java all 0.3.4-3 [181 kB]
verify	Install Maven	2026-09-27T10:31:02.6962279Z Get:30 http://azure.archive.ubuntu.com/ubuntu noble/universe amd64 libmaven3-core-java all 3.8.7-2 [1565 kB]
verify	Install Maven	2026-09-27T10:31:02.7762582Z Get:31 http://azure.archive.ubuntu.com/ubuntu noble/universe amd64 libwagon-file-java all 3.5.3-1 [7918 B]
verify	Install Maven	2026-09-27T10:31:02.8236491Z Get:32 http://azure.archive.ubuntu.com/ubuntu noble/universe amd64 libwagon-http-shaded-java all 3.5.3-1 [1332 kB]
verify	Install Maven	2026-09-27T10:31:02.8835459Z Get:33 http://azure.archive.ubuntu.com/ubuntu noble/universe amd64 maven all 3.8.7-2 [18.3 kB]
verify	Install Maven	2026-09-27T10:31:03.1712119Z Fetched 10.1 MB in 2s (4885 kB/s)
verify	Install Maven	2026-09-27T10:31:03.2363471Z Selecting previously unselected package libapache-pom-java.
verify	Install Maven	2026-09-27T10:31:03.3247494Z (Reading database ... 
verify	Install Maven	2026-09-27T10:31:03.3248135Z (Reading database ... 5%
verify	Install Maven	2026-09-27T10:31:03.3249354Z (Reading database ... 10%
verify	Install Maven	2026-09-27T10:31:03.3249915Z (Reading database ... 15%
verify	Install Maven	2026-09-27T10:31:03.3250358Z (Reading database ... 20%
verify	Install Maven	2026-09-27T10:31:03.3250931Z (Reading database ... 25%
verify	Install Maven	2026-09-27T10:31:03.3251215Z (Reading database ... 30%
verify	Install Maven	2026-09-27T10:31:03.3251497Z (Reading database ... 35%
verify	Install Maven	2026-09-27T10:31:03.3251772Z (Reading database ... 40%
verify	Install Maven	2026-09-27T10:31:03.3252062Z (Reading database ... 45%
verify	Install Maven	2026-09-27T10:31:03.3252338Z (Reading database ... 50%
verify	Install Maven	2026-09-27T10:31:03.3360687Z (Reading database ... 55%
verify	Install Maven	2026-09-27T10:31:03.7215859Z (Reading database ... 60%
verify	Install Maven	2026-09-27T10:31:04.0307240Z (Reading database ... 65%
verify	Install Maven	2026-09-27T10:31:04.3549132Z (Reading database ... 70%
verify	Install Maven	2026-09-27T10:31:04.6628861Z (Reading database ... 75%
verify	Install Maven	2026-09-27T10:31:05.0640498Z (Reading database ... 80%
verify	Install Maven	2026-09-27T10:31:05.7189980Z (Reading database ... 85%
verify	Install Maven	2026-09-27T10:31:06.4919720Z (Reading database ... 90%
verify	Install Maven	2026-09-27T10:31:07.2021313Z (Reading database ... 95%
verify	Install Maven	2026-09-27T10:31:07.2021919Z (Reading database ... 100%
verify	Install Maven	2026-09-27T10:31:07.2022697Z (Reading database ... 202190 files and directories currently installed.)
verify	Install Maven	2026-09-27T10:31:07.2063350Z Preparing to unpack .../00-libapache-pom-java_29-2_all.deb ...
verify	Install Maven	2026-09-27T10:31:07.2089288Z Unpacking libapache-pom-java (29-2) ...
verify	Install Maven	2026-09-27T10:31:07.2354692Z Selecting previously unselected package libatinject-jsr330-api-java.
verify	Install Maven	2026-09-27T10:31:07.2475614Z Preparing to unpack .../01-libatinject-jsr330-api-java_1.0+ds1-5_all.deb ...
verify	Install Maven	2026-09-27T10:31:07.2484610Z Unpacking libatinject-jsr330-api-java (1.0+ds1-5) ...
verify	Install Maven	2026-09-27T10:31:07.2772897Z Selecting previously unselected package libgeronimo-interceptor-3.0-spec-java.
verify	Install Maven	2026-09-27T10:31:07.2890797Z Preparing to unpack .../02-libgeronimo-interceptor-3.0-spec-java_1.0.1-4fakesync_all.deb ...
verify	Install Maven	2026-09-27T10:31:07.2900654Z Unpacking libgeronimo-interceptor-3.0-spec-java (1.0.1-4fakesync) ...
verify	Install Maven	2026-09-27T10:31:07.3109436Z Selecting previously unselected package libcdi-api-java.
verify	Install Maven	2026-09-27T10:31:07.3229435Z Preparing to unpack .../03-libcdi-api-java_1.2-3_all.deb ...
verify	Install Maven	2026-09-27T10:31:07.3237837Z Unpacking libcdi-api-java (1.2-3) ...
verify	Install Maven	2026-09-27T10:31:07.3468959Z Selecting previously unselected package libcommons-cli-java.
verify	Install Maven	2026-09-27T10:31:07.3588188Z Preparing to unpack .../04-libcommons-cli-java_1.6.0-1_all.deb ...
verify	Install Maven	2026-09-27T10:31:07.3596626Z Unpacking libcommons-cli-java (1.6.0-1) ...
verify	Install Maven	2026-09-27T10:31:07.3793248Z Selecting previously unselected package libcommons-parent-java.
verify	Install Maven	2026-09-27T10:31:07.3909001Z Preparing to unpack .../05-libcommons-parent-java_56-1_all.deb ...
verify	Install Maven	2026-09-27T10:31:07.3917121Z Unpacking libcommons-parent-java (56-1) ...
verify	Install Maven	2026-09-27T10:31:07.4291564Z Selecting previously unselected package libcommons-io-java.
verify	Install Maven	2026-09-27T10:31:07.4406257Z Preparing to unpack .../06-libcommons-io-java_2.11.0-2_all.deb ...
verify	Install Maven	2026-09-27T10:31:07.4415971Z Unpacking libcommons-io-java (2.11.0-2) ...
verify	Install Maven	2026-09-27T10:31:07.4619945Z Selecting previously unselected package libcommons-lang3-java.
verify	Install Maven	2026-09-27T10:31:07.4734587Z Preparing to unpack .../07-libcommons-lang3-java_3.14.0-1_all.deb ...
verify	Install Maven	2026-09-27T10:31:07.4743584Z Unpacking libcommons-lang3-java (3.14.0-1) ...
verify	Install Maven	2026-09-27T10:31:07.4955539Z Selecting previously unselected package libjsr305-java.
verify	Install Maven	2026-09-27T10:31:07.5072965Z Preparing to unpack .../08-libjsr305-java_0.1~+svn49-11_all.deb ...
verify	Install Maven	2026-09-27T10:31:07.5081217Z Unpacking libjsr305-java (0.1~+svn49-11) ...
verify	Install Maven	2026-09-27T10:31:07.5314350Z Selecting previously unselected package libguava-java.
verify	Install Maven	2026-09-27T10:31:07.5430904Z Preparing to unpack .../09-libguava-java_32.0.1-1_all.deb ...
verify	Install Maven	2026-09-27T10:31:07.5439515Z Unpacking libguava-java (32.0.1-1) ...
verify	Install Maven	2026-09-27T10:31:07.5718516Z Selecting previously unselected package liberror-prone-java.
verify	Install Maven	2026-09-27T10:31:07.5835425Z Preparing to unpack .../10-liberror-prone-java_2.18.0-1_all.deb ...
verify	Install Maven	2026-09-27T10:31:07.5844028Z Unpacking liberror-prone-java (2.18.0-1) ...
verify	Install Maven	2026-09-27T10:31:07.6076401Z Selecting previously unselected package libgeronimo-annotation-1.3-spec-java.
verify	Install Maven	2026-09-27T10:31:07.6194235Z Preparing to unpack .../11-libgeronimo-annotation-1.3-spec-java_1.3-1_all.deb ...
verify	Install Maven	2026-09-27T10:31:07.6202249Z Unpacking libgeronimo-annotation-1.3-spec-java (1.3-1) ...
verify	Install Maven	2026-09-27T10:31:07.6406011Z Selecting previously unselected package libaopalliance-java.
verify	Install Maven	2026-09-27T10:31:07.6522353Z Preparing to unpack .../12-libaopalliance-java_20070526-7_all.deb ...
verify	Install Maven	2026-09-27T10:31:07.6529870Z Unpacking libaopalliance-java (20070526-7) ...
verify	Install Maven	2026-09-27T10:31:07.6723630Z Selecting previously unselected package libguice-java.
verify	Install Maven	2026-09-27T10:31:07.6840267Z Preparing to unpack .../13-libguice-java_4.2.3-2_all.deb ...
verify	Install Maven	2026-09-27T10:31:07.6848856Z Unpacking libguice-java (4.2.3-2) ...
verify	Install Maven	2026-09-27T10:31:07.7978962Z Selecting previously unselected package libjansi-java.
verify	Install Maven	2026-09-27T10:31:07.8098608Z Preparing to unpack .../14-libjansi-java_2.4.1-2_all.deb ...
verify	Install Maven	2026-09-27T10:31:07.8107016Z Unpacking libjansi-java (2.4.1-2) ...
verify	Install Maven	2026-09-27T10:31:07.8302257Z Selecting previously unselected package libmaven-parent-java.
verify	Install Maven	2026-09-27T10:31:07.8421239Z Preparing to unpack .../15-libmaven-parent-java_35-1_all.deb ...
verify	Install Maven	2026-09-27T10:31:07.8430380Z Unpacking libmaven-parent-java (35-1) ...
verify	Install Maven	2026-09-27T10:31:07.8652058Z Selecting previously unselected package libplexus-utils2-java.
verify	Install Maven	2026-09-27T10:31:07.8769557Z Preparing to unpack .../16-libplexus-utils2-java_3.4.2-1_all.deb ...
verify	Install Maven	2026-09-27T10:31:07.8780047Z Unpacking libplexus-utils2-java (3.4.2-1) ...
verify	Install Maven	2026-09-27T10:31:07.8991076Z Selecting previously unselected package libwagon-provider-api-java.
verify	Install Maven	2026-09-27T10:31:07.9108650Z Preparing to unpack .../17-libwagon-provider-api-java_3.5.3-1_all.deb ...
verify	Install Maven	2026-09-27T10:31:07.9116412Z Unpacking libwagon-provider-api-java (3.5.3-1) ...
verify	Install Maven	2026-09-27T10:31:07.9321220Z Selecting previously unselected package libmaven-resolver-java.
verify	Install Maven	2026-09-27T10:31:07.9437597Z Preparing to unpack .../18-libmaven-resolver-java_1.6.3-1_all.deb ...
verify	Install Maven	2026-09-27T10:31:07.9447116Z Unpacking libmaven-resolver-java (1.6.3-1) ...
verify	Install Maven	2026-09-27T10:31:07.9752268Z Selecting previously unselected package libmaven-shared-utils-java.
verify	Install Maven	2026-09-27T10:31:07.9868098Z Preparing to unpack .../19-libmaven-shared-utils-java_3.3.4-1_all.deb ...
verify	Install Maven	2026-09-27T10:31:07.9875364Z Unpacking libmaven-shared-utils-java (3.3.4-1) ...
verify	Install Maven	2026-09-27T10:31:08.0081871Z Selecting previously unselected package libplexus-cipher-java.
verify	Install Maven	2026-09-27T10:31:08.0201199Z Preparing to unpack .../20-libplexus-cipher-java_2.0-1_all.deb ...
verify	Install Maven	2026-09-27T10:31:08.0211842Z Unpacking libplexus-cipher-java (2.0-1) ...
verify	Install Maven	2026-09-27T10:31:08.0419482Z Selecting previously unselected package libplexus-classworlds-java.
verify	Install Maven	2026-09-27T10:31:08.0536434Z Preparing to unpack .../21-libplexus-classworlds-java_2.7.0-1_all.deb ...
verify	Install Maven	2026-09-27T10:31:08.0558965Z Unpacking libplexus-classworlds-java (2.7.0-1) ...
verify	Install Maven	2026-09-27T10:31:08.0758931Z Selecting previously unselected package libplexus-component-annotations-java.
verify	Install Maven	2026-09-27T10:31:08.0874647Z Preparing to unpack .../22-libplexus-component-annotations-java_2.1.1-1_all.deb ...
verify	Install Maven	2026-09-27T10:31:08.0884831Z Unpacking libplexus-component-annotations-java (2.1.1-1) ...
verify	Install Maven	2026-09-27T10:31:08.1082620Z Selecting previously unselected package libplexus-interpolation-java.
verify	Install Maven	2026-09-27T10:31:08.1197518Z Preparing to unpack .../23-libplexus-interpolation-java_1.26-1_all.deb ...
verify	Install Maven	2026-09-27T10:31:08.1206101Z Unpacking libplexus-interpolation-java (1.26-1) ...
verify	Install Maven	2026-09-27T10:31:08.1441176Z Selecting previously unselected package libplexus-sec-dispatcher-java.
verify	Install Maven	2026-09-27T10:31:08.1556576Z Preparing to unpack .../24-libplexus-sec-dispatcher-java_2.0-3_all.deb ...
verify	Install Maven	2026-09-27T10:31:08.1564307Z Unpacking libplexus-sec-dispatcher-java (2.0-3) ...
verify	Install Maven	2026-09-27T10:31:08.1773805Z Selecting previously unselected package libslf4j-java.
verify	Install Maven	2026-09-27T10:31:08.1889318Z Preparing to unpack .../25-libslf4j-java_1.7.32-1_all.deb ...
verify	Install Maven	2026-09-27T10:31:08.1897367Z Unpacking libslf4j-java (1.7.32-1) ...
verify	Install Maven	2026-09-27T10:31:08.2186687Z Selecting previously unselected package libsisu-inject-java.
verify	Install Maven	2026-09-27T10:31:08.2302293Z Preparing to unpack .../26-libsisu-inject-java_0.3.4-2_all.deb ...
verify	Install Maven	2026-09-27T10:31:08.2309307Z Unpacking libsisu-inject-java (0.3.4-2) ...
verify	Install Maven	2026-09-27T10:31:08.2725350Z Selecting previously unselected package libsisu-plexus-java.
verify	Install Maven	2026-09-27T10:31:08.2843132Z Preparing to unpack .../27-libsisu-plexus-java_0.3.4-3_all.deb ...
verify	Install Maven	2026-09-27T10:31:08.2852164Z Unpacking libsisu-plexus-java (0.3.4-3) ...
verify	Install Maven	2026-09-27T10:31:08.3157827Z Selecting previously unselected package libmaven3-core-java.
verify	Install Maven	2026-09-27T10:31:08.3274818Z Preparing to unpack .../28-libmaven3-core-java_3.8.7-2_all.deb ...
verify	Install Maven	2026-09-27T10:31:08.3282527Z Unpacking libmaven3-core-java (3.8.7-2) ...
verify	Install Maven	2026-09-27T10:31:08.3654888Z Selecting previously unselected package libwagon-file-java.
verify	Install Maven	2026-09-27T10:31:08.3771937Z Preparing to unpack .../29-libwagon-file-java_3.5.3-1_all.deb ...
verify	Install Maven	2026-09-27T10:31:08.3778918Z Unpacking libwagon-file-java (3.5.3-1) ...
verify	Install Maven	2026-09-27T10:31:08.3981655Z Selecting previously unselected package libwagon-http-shaded-java.
verify	Install Maven	2026-09-27T10:31:08.4097142Z Preparing to unpack .../30-libwagon-http-shaded-java_3.5.3-1_all.deb ...
verify	Install Maven	2026-09-27T10:31:08.4104154Z Unpacking libwagon-http-shaded-java (3.5.3-1) ...
verify	Install Maven	2026-09-27T10:31:08.4345457Z Selecting previously unselected package maven.
verify	Install Maven	2026-09-27T10:31:08.4462588Z Preparing to unpack .../31-maven_3.8.7-2_all.deb ...
verify	Install Maven	2026-09-27T10:31:08.4470770Z Unpacking maven (3.8.7-2) ...
verify	Install Maven	2026-09-27T10:31:08.4960260Z Setting up libslf4j-java (1.7.32-1) ...
verify	Install Maven	2026-09-27T10:31:08.4979066Z Setting up libplexus-utils2-java (3.4.2-1) ...
verify	Install Maven	2026-09-27T10:31:08.4998026Z Setting up libplexus-classworlds-java (2.7.0-1) ...
verify	Install Maven	2026-09-27T10:31:08.5016637Z Setting up libjsr305-java (0.1~+svn49-11) ...
verify	Install Maven	2026-09-27T10:31:08.5035657Z Setting up libaopalliance-java (20070526-7) ...
verify	Install Maven	2026-09-27T10:31:08.5053483Z Setting up libcommons-cli-java (1.6.0-1) ...
verify	Install Maven	2026-09-27T10:31:08.5070440Z Setting up libplexus-component-annotations-java (2.1.1-1) ...
verify	Install Maven	2026-09-27T10:31:08.5088664Z Setting up libgeronimo-annotation-1.3-spec-java (1.3-1) ...
verify	Install Maven	2026-09-27T10:31:08.5107306Z Setting up libgeronimo-interceptor-3.0-spec-java (1.0.1-4fakesync) ...
verify	Install Maven	2026-09-27T10:31:08.5126080Z Setting up libjansi-java (2.4.1-2) ...
verify	Install Maven	2026-09-27T10:31:08.5141956Z Setting up libapache-pom-java (29-2) ...
verify	Install Maven	2026-09-27T10:31:08.5160177Z Setting up libatinject-jsr330-api-java (1.0+ds1-5) ...
verify	Install Maven	2026-09-27T10:31:08.5177175Z Setting up libplexus-interpolation-java (1.26-1) ...
verify	Install Maven	2026-09-27T10:31:08.5195446Z Setting up libwagon-http-shaded-java (3.5.3-1) ...
verify	Install Maven	2026-09-27T10:31:08.5214000Z Setting up libcdi-api-java (1.2-3) ...
verify	Install Maven	2026-09-27T10:31:08.5231609Z Setting up libwagon-provider-api-java (3.5.3-1) ...
verify	Install Maven	2026-09-27T10:31:08.5252491Z Setting up libmaven-parent-java (35-1) ...
verify	Install Maven	2026-09-27T10:31:08.5270354Z Setting up libcommons-parent-java (56-1) ...
verify	Install Maven	2026-09-27T10:31:08.5289375Z Setting up libsisu-inject-java (0.3.4-2) ...
verify	Install Maven	2026-09-27T10:31:08.5307381Z Setting up libplexus-cipher-java (2.0-1) ...
verify	Install Maven	2026-09-27T10:31:08.5326318Z Setting up libsisu-plexus-java (0.3.4-3) ...
verify	Install Maven	2026-09-27T10:31:08.5343099Z Setting up libcommons-lang3-java (3.14.0-1) ...
verify	Install Maven	2026-09-27T10:31:08.5360424Z Setting up libplexus-sec-dispatcher-java (2.0-3) ...
verify	Install Maven	2026-09-27T10:31:08.5377188Z Setting up libwagon-file-java (3.5.3-1) ...
verify	Install Maven	2026-09-27T10:31:08.5395150Z Setting up libcommons-io-java (2.11.0-2) ...
verify	Install Maven	2026-09-27T10:31:08.5415796Z Setting up libmaven-resolver-java (1.6.3-1) ...
verify	Install Maven	2026-09-27T10:31:08.5433113Z Setting up libmaven-shared-utils-java (3.3.4-1) ...
verify	Install Maven	2026-09-27T10:31:08.5457437Z Setting up libguava-java (32.0.1-1) ...
verify	Install Maven	2026-09-27T10:31:08.5476902Z Setting up liberror-prone-java (2.18.0-1) ...
verify	Install Maven	2026-09-27T10:31:08.5496042Z Setting up libguice-java (4.2.3-2) ...
verify	Install Maven	2026-09-27T10:31:08.5514076Z Setting up libmaven3-core-java (3.8.7-2) ...
verify	Install Maven	2026-09-27T10:31:08.5532489Z Setting up maven (3.8.7-2) ...
verify	Install Maven	2026-09-27T10:31:08.5617273Z update-alternatives: using /usr/share/maven/bin/mvn to provide /usr/bin/mvn (mvn) in auto mode
verify	Install Maven	2026-09-27T10:31:09.7503384Z 
verify	Install Maven	2026-09-27T10:31:09.7504019Z Running kernel seems to be up-to-date.
verify	Install Maven	2026-09-27T10:31:09.7504462Z 
verify	Install Maven	2026-09-27T10:31:09.7504645Z No services need to be restarted.
verify	Install Maven	2026-09-27T10:31:09.7504903Z 
verify	Install Maven	2026-09-27T10:31:09.7505049Z No containers need to be restarted.
verify	Install Maven	2026-09-27T10:31:09.7505312Z 
verify	Install Maven	2026-09-27T10:31:09.7505767Z No user sessions are running outdated binaries.
verify	Install Maven	2026-09-27T10:31:09.7506046Z 
verify	Install Maven	2026-09-27T10:31:09.7506314Z No VM guests are running outdated hypervisor (qemu) binaries on this host.
verify	Build (skip ITs)	﻿2026-09-27T10:31:10.5230372Z ##[group]Run mvn -DskipITs=true -B clean verify
verify	Build (skip ITs)	2026-09-27T10:31:10.5230787Z ^[[36;1mmvn -DskipITs=true -B clean verify^[[0m
verify	Build (skip ITs)	2026-09-27T10:31:10.5296057Z shell: /usr/bin/bash -e {0}
verify	Build (skip ITs)	2026-09-27T10:31:10.5296318Z env:
verify	Build (skip ITs)	2026-09-27T10:31:10.5296638Z   JAVA_HOME: /opt/hostedtoolcache/Java_Temurin-Hotspot_jdk/21.0.12-1/x64
verify	Build (skip ITs)	2026-09-27T10:31:10.5297163Z   JAVA_HOME_21_X64: /opt/hostedtoolcache/Java_Temurin-Hotspot_jdk/21.0.12-1/x64
verify	Build (skip ITs)	2026-09-27T10:31:10.5297563Z   MAVEN_ARGS: -ntp
verify	Build (skip ITs)	2026-09-27T10:31:10.5297764Z ##[endgroup]
verify	Build (skip ITs)	2026-09-27T10:31:13.4711962Z [INFO] Scanning for projects...
verify	Build (skip ITs)	2026-09-27T10:31:14.2669740Z [INFO] Downloading from central: https://repo.maven.apache.org/maven2/org/springframework/boot/spring-boot-starter-parent/3.5.5/spring-boot-starter-parent-3.5.5.pom
verify	Build (skip ITs)	2026-09-27T10:31:15.1087329Z [INFO] Downloaded from central: https://repo.maven.apache.org/maven2/org/springframework/boot/spring-boot-starter-parent/3.5.5/spring-boot-starter-parent-3.5.5.pom (13 kB at 16 kB/s)
verify	Build (skip ITs)	2026-09-27T10:31:15.1795773Z [INFO] Downloading from central: https://repo.maven.apache.org/maven2/org/springframework/boot/spring-boot-dependencies/3.5.5/spring-boot-dependencies-3.5.5.pom
verify	Build (skip ITs)	2026-09-27T10:31:15.2589286Z [INFO] Downloaded from central: https://repo.maven.apache.org/maven2/org/springframework/boot/spring-boot-dependencies/3.5.5/spring-boot-dependencies-3.5.5.pom (96 kB at 1.2 MB/s)
verify	Build (skip ITs)	2026-09-27T10:31:15.3190027Z [INFO] Downloading from central: https://repo.maven.apache.org/maven2/org/apache/activemq/activemq-bom/6.1.7/activemq-bom-6.1.7.pom
verify	Build (skip ITs)	2026-09-27T10:31:15.3869613Z [INFO] Downloaded from central: https://repo.maven.apache.org/maven2/org/apache/activemq/activemq-bom/6.1.7/activemq-bom-6.1.7.pom (7.9 kB at 114 kB/s)
verify	Build (skip ITs)	2026-09-27T10:31:15.3910623Z [INFO] Downloading from central: https://repo.maven.apache.org/maven2/org/apache/activemq/artemis-bom/2.40.0/artemis-bom-2.40.0.pom
verify	Build (skip ITs)	2026-09-27T10:31:15.4582906Z [INFO] Downloaded from central: https://repo.maven.apache.org/maven2/org/apache/activemq/artemis-bom/2.40.0/artemis-bom-2.40.0.pom (9.6 kB at 144 kB/s)
verify	Build (skip ITs)	2026-09-27T10:31:15.4606160Z [INFO] Downloading from central: https://repo.maven.apache.org/maven2/org/apache/activemq/artemis-project/2.40.0/artemis-project-2.40.0.pom
verify	Build (skip ITs)	2026-09-27T10:31:15.5331748Z [INFO] Downloaded from central: https://repo.maven.apache.org/maven2/org/apache/activemq/artemis-project/2.40.0/artemis-project-2.40.0.pom (56 kB at 783 kB/s)
verify	Build (skip ITs)	2026-09-27T10:31:15.5405342Z [INFO] Downloading from central: https://repo.maven.apache.org/maven2/org/apache/apache/33/apache-33.pom
verify	Build (skip ITs)	2026-09-27T10:31:15.6047142Z [INFO] Downloaded from central: https://repo.maven.apache.org/maven2/org/apache/apache/33/apache-33.pom (24 kB at 372 kB/s)
verify	Build (skip ITs)	2026-09-27T10:31:15.6144075Z [INFO] Downloading from central: https://repo.maven.apache.org/maven2/org/assertj/assertj-bom/3.27.4/assertj-bom-3.27.4.pom
verify	Build (skip ITs)	2026-09-27T10:31:15.6753091Z [INFO] Downloaded from central: https://repo.maven.apache.org/maven2/org/assertj/assertj-bom/3.27.4/assertj-bom-3.27.4.pom (3.3 kB at 52 kB/s)
verify	Build (skip ITs)	2026-09-27T10:31:15.6782112Z [INFO] Downloading from central: https://repo.maven.apache.org/maven2/io/zipkin/reporter2/zipkin-reporter-bom/3.5.1/zipkin-reporter-bom-3.5.1.pom
verify	Build (skip ITs)	2026-09-27T10:31:15.7390181Z [INFO] Downloaded from central: https://repo.maven.apache.org/maven2/io/zipkin/reporter2/zipkin-reporter-bom/3.5.1/zipkin-reporter-bom-3.5.1.pom (6.3 kB at 103 kB/s)
verify	Build (skip ITs)	2026-09-27T10:31:15.7420098Z [INFO] Downloading from central: https://repo.maven.apache.org/maven2/io/zipkin/brave/brave-bom/6.1.0/brave-bom-6.1.0.pom
verify	Build (skip ITs)	2026-09-27T10:31:15.8081748Z [INFO] Downloaded from central: https://repo.maven.apache.org/maven2/io/zipkin/brave/brave-bom/6.1.0/brave-bom-6.1.0.pom (11 kB at 166 kB/s)
verify	Build (skip ITs)	2026-09-27T10:31:15.8110029Z [INFO] Downloading from central: https://repo.maven.apache.org/maven2/org/apache/cassandra/java-driver-bom/4.19.0/java-driver-bom-4.19.0.pom
verify	Build (skip ITs)	2026-09-27T10:31:15.8764734Z [INFO] Downloaded from central: https://repo.maven.apache.org/maven2/org/apache/cassandra/java-driver-bom/4.19.0/java-driver-bom-4.19.0.pom (5.5 kB at 83 kB/s)
verify	Build (skip ITs)	2026-09-27T10:31:15.8787099Z [INFO] Downloading from central: https://repo.maven.apache.org/maven2/org/glassfish/jaxb/jaxb-bom/4.0.5/jaxb-bom-4.0.5.pom
verify	Build (skip ITs)	2026-09-27T10:31:15.9401685Z [INFO] Downloaded from central: https://repo.maven.apache.org/maven2/org/glassfish/jaxb/jaxb-bom/4.0.5/jaxb-bom-4.0.5.pom (12 kB at 191 kB/s)
verify	Build (skip ITs)	2026-09-27T10:31:15.9417277Z [INFO] Downloading from central: https://repo.maven.apache.org/maven2/org/eclipse/ee4j/project/1.0.9/project-1.0.9.pom
verify	Build (skip ITs)	2026-09-27T10:31:16.0095708Z [INFO] Downloaded from central: https://repo.maven.apache.org/maven2/org/eclipse/ee4j/project/1.0.9/project-1.0.9.pom (16 kB at 237 kB/s)
verify	Build (skip ITs)	2026-09-27T10:31:16.0145843Z [INFO] Downloading from central: https://repo.maven.apache.org/maven2/org/apache/groovy/groovy-bom/4.0.28/groovy-bom-4.0.28.pom
verify	Build (skip ITs)	2026-09-27T10:31:16.0825812Z [INFO] Downloaded from central: https://repo.maven.apache.org/maven2/org/apache/groovy/groovy-bom/4.0.28/groovy-bom-4.0.28.pom (27 kB at 401 kB/s)
verify	Build (skip ITs)	2026-09-27T10:31:16.0867124Z [INFO] Downloading from central: https://repo.maven.apache.org/maven2/org/infinispan/infinispan-bom/15.2.5.Final/infinispan-bom-15.2.5.Final.pom
verify	Build (skip ITs)	2026-09-27T10:31:16.1509371Z [INFO] Downloaded from central: https://repo.maven.apache.org/maven2/org/infinispan/infinispan-bom/15.2.5.Final/infinispan-bom-15.2.5.Final.pom (17 kB at 272 kB/s)
verify	Build (skip ITs)	2026-09-27T10:31:16.1532652Z [INFO] Downloading from central: https://repo.maven.apache.org/maven2/org/infinispan/infinispan-build-configuration-parent/15.2.5.Final/infinispan-build-configuration-parent-15.2.5.Final.pom
verify	Build (skip ITs)	2026-09-27T10:31:16.2189753Z [INFO] Downloaded from central: https://repo.maven.apache.org/maven2/org/infinispan/infinispan-build-configuration-parent/15.2.5.Final/infinispan-build-configuration-parent-15.2.5.Final.pom (17 kB at 260 kB/s)
verify	Build (skip ITs)	2026-09-27T10:31:16.2217784Z [INFO] Downloading from central: https://repo.maven.apache.org/maven2/com/fasterxml/jackson/jackson-bom/2.19.2/jackson-bom-2.19.2.pom
verify	Build (skip ITs)	2026-09-27T10:31:16.2867684Z [INFO] Downloaded from central: https://repo.maven.apache.org/maven2/com/fasterxml/jackson/jackson-bom/2.19.2/jackson-bom-2.19.2.pom (20 kB at 311 kB/s)
verify	Build (skip ITs)	2026-09-27T10:31:16.2884877Z [INFO] Downloading from central: https://repo.maven.apache.org/maven2/com/fasterxml/jackson/jackson-parent/2.19.3/jackson-parent-2.19.3.pom
verify	Build (skip ITs)	2026-09-27T10:31:16.3512835Z [INFO] Downloaded from central: https://repo.maven.apache.org/maven2/com/fasterxml/jackson/jackson-parent/2.19.3/jackson-parent-2.19.3.pom (7.2 kB at 114 kB/s)
verify	Build (skip ITs)	2026-09-27T10:31:16.3530333Z [INFO] Downloading from central: https://repo.maven.apache.org/maven2/com/fasterxml/oss-parent/69/oss-parent-69.pom
verify	Build (skip ITs)	2026-09-27T10:31:16.4174938Z [INFO] Downloaded from central: https://repo.maven.apache.org/maven2/com/fasterxml/oss-parent/69/oss-parent-69.pom (24 kB at 364 kB/s)
verify	Build (skip ITs)	2026-09-27T10:31:16.4227073Z [INFO] Downloading from central: https://repo.maven.apache.org/maven2/org/glassfish/jersey/jersey-bom/3.1.11/jersey-bom-3.1.11.pom
verify	Build (skip ITs)	2026-09-27T10:31:16.4860057Z [INFO] Downloaded from central: https://repo.maven.apache.org/maven2/org/glassfish/jersey/jersey-bom/3.1.11/jersey-bom-3.1.11.pom (21 kB at 330 kB/s)
verify	Build (skip ITs)	2026-09-27T10:31:16.4899564Z [INFO] Downloading from central: https://repo.maven.apache.org/maven2/org/eclipse/jetty/ee10/jetty-ee10-bom/12.0.25/jetty-ee10-bom-12.0.25.pom
verify	Build (skip ITs)	2026-09-27T10:31:16.5524802Z [INFO] Downloaded from central: https://repo.maven.apache.org/maven2/org/eclipse/jetty/ee10/jetty-ee10-bom/12.0.25/jetty-ee10-bom-12.0.25.pom (9.6 kB at 152 kB/s)
verify	Build (skip ITs)	2026-09-27T10:31:16.5544635Z [INFO] Downloading from central: https://repo.maven.apache.org/maven2/org/eclipse/jetty/jetty-bom/12.0.25/jetty-bom-12.0.25.pom
verify	Build (skip ITs)	2026-09-27T10:31:16.6158523Z [INFO] Downloaded from central: https://repo.maven.apache.org/maven2/org/eclipse/jetty/jetty-bom/12.0.25/jetty-bom-12.0.25.pom (15 kB at 239 kB/s)
verify	Build (skip ITs)	2026-09-27T10:31:16.6180310Z [INFO] Downloading from central: https://repo.maven.apache.org/maven2/org/junit/junit-bom/5.12.2/junit-bom-5.12.2.pom
verify	Build (skip ITs)	2026-09-27T10:31:16.6809229Z [INFO] Downloaded from central: https://repo.maven.apache.org/maven2/org/junit/junit-bom/5.12.2/junit-bom-5.12.2.pom (5.6 kB at 90 kB/s)
verify	Build (skip ITs)	2026-09-27T10:31:16.6830833Z [INFO] Downloading from central: https://repo.maven.apache.org/maven2/org/jetbrains/kotlin/kotlin-bom/1.9.25/kotlin-bom-1.9.25.pom
verify	Build (skip ITs)	2026-09-27T10:31:16.7486643Z [INFO] Downloaded from central: https://repo.maven.apache.org/maven2/org/jetbrains/kotlin/kotlin-bom/1.9.25/kotlin-bom-1.9.25.pom (9.1 kB at 138 kB/s)
verify	Build (skip ITs)	2026-09-27T10:31:16.7507684Z [INFO] Downloading from central: https://repo.maven.apache.org/maven2/org/jetbrains/kotlinx/kotlinx-coroutines-bom/1.8.1/kotlinx-coroutines-bom-1.8.1.pom
verify	Build (skip ITs)	2026-09-27T10:31:16.8179210Z [INFO] Downloaded from central: https://repo.maven.apache.org/maven2/org/jetbrains/kotlinx/kotlinx-coroutines-bom/1.8.1/kotlinx-coroutines-bom-1.8.1.pom (4.3 kB at 64 kB/s)
verify	Build (skip ITs)	2026-09-27T10:31:16.8194564Z [INFO] Downloading from central: https://repo.maven.apache.org/maven2/org/jetbrains/kotlinx/kotlinx-serialization-bom/1.6.3/kotlinx-serialization-bom-1.6.3.pom
verify	Build (skip ITs)	2026-09-27T10:31:16.8841868Z [INFO] Downloaded from central: https://repo.maven.apache.org/maven2/org/jetbrains/kotlinx/kotlinx-serialization-bom/1.6.3/kotlinx-serialization-bom-1.6.3.pom (3.7 kB at 57 kB/s)
verify	Build (skip ITs)	2026-09-27T10:31:16.8857050Z [INFO] Downloading from central: https://repo.maven.apache.org/maven2/org/apache/logging/log4j/log4j-bom/2.24.3/log4j-bom-2.24.3.pom
verify	Build (skip ITs)	2026-09-27T10:31:16.9490129Z [INFO] Downloaded from central: https://repo.maven.apache.org/maven2/org/apache/logging/log4j/log4j-bom/2.24.3/log4j-bom-2.24.3.pom (12 kB at 195 kB/s)
verify	Build (skip ITs)	2026-09-27T10:31:16.9507011Z [INFO] Downloading from central: https://repo.maven.apache.org/maven2/org/apache/logging/logging-parent/11.3.0/logging-parent-11.3.0.pom
verify	Build (skip ITs)	2026-09-27T10:31:17.0132946Z [INFO] Downloaded from central: https://repo.maven.apache.org/maven2/org/apache/logging/logging-parent/11.3.0/logging-parent-11.3.0.pom (53 kB at 845 kB/s)
verify	Build (skip ITs)	2026-09-27T10:31:17.0204653Z [INFO] Downloading from central: https://repo.maven.apache.org/maven2/io/micrometer/micrometer-bom/1.15.3/micrometer-bom-1.15.3.pom
verify	Build (skip ITs)	2026-09-27T10:31:17.0846828Z [INFO] Downloaded from central: https://repo.maven.apache.org/maven2/io/micrometer/micrometer-bom/1.15.3/micrometer-bom-1.15.3.pom (8.6 kB at 134 kB/s)
verify	Build (skip ITs)	2026-09-27T10:31:17.0873983Z [INFO] Downloading from central: https://repo.maven.apache.org/maven2/io/micrometer/micrometer-tracing-bom/1.5.3/micrometer-tracing-bom-1.5.3.pom
verify	Build (skip ITs)	2026-09-27T10:31:17.1517405Z [INFO] Downloaded from central: https://repo.maven.apache.org/maven2/io/micrometer/micrometer-tracing-bom/1.5.3/micrometer-tracing-bom-1.5.3.pom (4.5 kB at 71 kB/s)
verify	Build (skip ITs)	2026-09-27T10:31:17.1536447Z [INFO] Downloading from central: https://repo.maven.apache.org/maven2/org/mockito/mockito-bom/5.17.0/mockito-bom-5.17.0.pom
verify	Build (skip ITs)	2026-09-27T10:31:17.2168959Z [INFO] Downloaded from central: https://repo.maven.apache.org/maven2/org/mockito/mockito-bom/5.17.0/mockito-bom-5.17.0.pom (3.0 kB at 47 kB/s)
verify	Build (skip ITs)	2026-09-27T10:31:17.2189807Z [INFO] Downloading from central: https://repo.maven.apache.org/maven2/org/mongodb/mongodb-driver-bom/5.5.1/mongodb-driver-bom-5.5.1.pom
verify	Build (skip ITs)	2026-09-27T10:31:17.2837880Z [INFO] Downloaded from central: https://repo.maven.apache.org/maven2/org/mongodb/mongodb-driver-bom/5.5.1/mongodb-driver-bom-5.5.1.pom (4.2 kB at 64 kB/s)
verify	Build (skip ITs)	2026-09-27T10:31:17.2862446Z [INFO] Downloading from central: https://repo.maven.apache.org/maven2/io/netty/netty-bom/4.1.124.Final/netty-bom-4.1.124.Final.pom
verify	Build (skip ITs)	2026-09-27T10:31:17.3494794Z [INFO] Downloaded from central: https://repo.maven.apache.org/maven2/io/netty/netty-bom/4.1.124.Final/netty-bom-4.1.124.Final.pom (15 kB at 234 kB/s)
verify	Build (skip ITs)	2026-09-27T10:31:17.3520524Z [INFO] Downloading from central: https://repo.maven.apache.org/maven2/org/sonatype/oss/oss-parent/7/oss-parent-7.pom
verify	Build (skip ITs)	2026-09-27T10:31:17.4111212Z [INFO] Downloaded from central: https://repo.maven.apache.org/maven2/org/sonatype/oss/oss-parent/7/oss-parent-7.pom (4.8 kB at 82 kB/s)
verify	Build (skip ITs)	2026-09-27T10:31:17.4132606Z [INFO] Downloading from central: https://repo.maven.apache.org/maven2/io/opentelemetry/opentelemetry-bom/1.49.0/opentelemetry-bom-1.49.0.pom
verify	Build (skip ITs)	2026-09-27T10:31:17.4747074Z [INFO] Downloaded from central: https://repo.maven.apache.org/maven2/io/opentelemetry/opentelemetry-bom/1.49.0/opentelemetry-bom-1.49.0.pom (5.9 kB at 96 kB/s)
verify	Build (skip ITs)	2026-09-27T10:31:17.4764016Z [INFO] Downloading from central: https://repo.maven.apache.org/maven2/io/prometheus/prometheus-metrics-bom/1.3.10/prometheus-metrics-bom-1.3.10.pom
verify	Build (skip ITs)	2026-09-27T10:31:17.5356664Z [INFO] Downloaded from central: https://repo.maven.apache.org/maven2/io/prometheus/prometheus-metrics-bom/1.3.10/prometheus-metrics-bom-1.3.10.pom (5.8 kB at 99 kB/s)
verify	Build (skip ITs)	2026-09-27T10:31:17.5372991Z [INFO] Downloading from central: https://repo.maven.apache.org/maven2/io/prometheus/client_java_parent/1.3.10/client_java_parent-1.3.10.pom
verify	Build (skip ITs)	2026-09-27T10:31:17.6042925Z [INFO] Downloaded from central: https://repo.maven.apache.org/maven2/io/prometheus/client_java_parent/1.3.10/client_java_parent-1.3.10.pom (4.4 kB at 65 kB/s)
verify	Build (skip ITs)	2026-09-27T10:31:17.6067813Z [INFO] Downloading from central: https://repo.maven.apache.org/maven2/io/prometheus/simpleclient_bom/0.16.0/simpleclient_bom-0.16.0.pom
verify	Build (skip ITs)	2026-09-27T10:31:17.6686035Z [INFO] Downloaded from central: https://repo.maven.apache.org/maven2/io/prometheus/simpleclient_bom/0.16.0/simpleclient_bom-0.16.0.pom (6.0 kB at 97 kB/s)
verify	Build (skip ITs)	2026-09-27T10:31:17.6704603Z [INFO] Downloading from central: https://repo.maven.apache.org/maven2/io/prometheus/parent/0.16.0/parent-0.16.0.pom
verify	Build (skip ITs)	2026-09-27T10:31:17.7325719Z [INFO] Downloaded from central: https://repo.maven.apache.org/maven2/io/prometheus/parent/0.16.0/parent-0.16.0.pom (13 kB at 202 kB/s)
verify	Build (skip ITs)	2026-09-27T10:31:17.7354163Z [INFO] Downloading from central: https://repo.maven.apache.org/maven2/org/apache/pulsar/pulsar-bom/4.0.6/pulsar-bom-4.0.6.pom
verify	Build (skip ITs)	2026-09-27T10:31:17.8036403Z [INFO] Downloaded from central: https://repo.maven.apache.org/maven2/org/apache/pulsar/pulsar-bom/4.0.6/pulsar-bom-4.0.6.pom (25 kB at 371 kB/s)
verify	Build (skip ITs)	2026-09-27T10:31:17.8060192Z [INFO] Downloading from central: https://repo.maven.apache.org/maven2/org/apache/apache/29/apache-29.pom
verify	Build (skip ITs)	2026-09-27T10:31:17.8671513Z [INFO] Downloaded from central: https://repo.maven.apache.org/maven2/org/apache/apache/29/apache-29.pom (21 kB at 340 kB/s)
verify	Build (skip ITs)	2026-09-27T10:31:17.8775751Z [INFO] Downloading from central: https://repo.maven.apache.org/maven2/org/apache/pulsar/pulsar-client-reactive-bom/0.6.0/pulsar-client-reactive-bom-0.6.0.pom
verify	Build (skip ITs)	2026-09-27T10:31:17.9481645Z [INFO] Downloaded from central: https://repo.maven.apache.org/maven2/org/apache/pulsar/pulsar-client-reactive-bom/0.6.0/pulsar-client-reactive-bom-0.6.0.pom (2.8 kB at 40 kB/s)
verify	Build (skip ITs)	2026-09-27T10:31:17.9502284Z [INFO] Downloading from central: https://repo.maven.apache.org/maven2/com/querydsl/querydsl-bom/5.1.0/querydsl-bom-5.1.0.pom
verify	Build (skip ITs)	2026-09-27T10:31:18.0129935Z [INFO] Downloaded from central: https://repo.maven.apache.org/maven2/com/querydsl/querydsl-bom/5.1.0/querydsl-bom-5.1.0.pom (7.2 kB at 115 kB/s)
verify	Build (skip ITs)	2026-09-27T10:31:18.0154848Z [INFO] Downloading from central: https://repo.maven.apache.org/maven2/io/projectreactor/reactor-bom/2024.0.9/reactor-bom-2024.0.9.pom
verify	Build (skip ITs)	2026-09-27T10:31:18.0873503Z [INFO] Downloaded from central: https://repo.maven.apache.org/maven2/io/projectreactor/reactor-bom/2024.0.9/reactor-bom-2024.0.9.pom (4.8 kB at 66 kB/s)
verify	Build (skip ITs)	2026-09-27T10:31:18.0896755Z [INFO] Downloading from central: https://repo.maven.apache.org/maven2/io/rest-assured/rest-assured-bom/5.5.6/rest-assured-bom-5.5.6.pom
verify	Build (skip ITs)	2026-09-27T10:31:18.1525023Z [INFO] Downloaded from central: https://repo.maven.apache.org/maven2/io/rest-assured/rest-assured-bom/5.5.6/rest-assured-bom-5.5.6.pom (4.7 kB at 74 kB/s)
verify	Build (skip ITs)	2026-09-27T10:31:18.1549002Z [INFO] Downloading from central: https://repo.maven.apache.org/maven2/io/rsocket/rsocket-bom/1.1.5/rsocket-bom-1.1.5.pom
verify	Build (skip ITs)	2026-09-27T10:31:18.2142681Z [INFO] Downloaded from central: https://repo.maven.apache.org/maven2/io/rsocket/rsocket-bom/1.1.5/rsocket-bom-1.1.5.pom (2.4 kB at 40 kB/s)
verify	Build (skip ITs)	2026-09-27T10:31:18.2162402Z [INFO] Downloading from central: https://repo.maven.apache.org/maven2/org/seleniumhq/selenium/selenium-bom/4.31.0/selenium-bom-4.31.0.pom
verify	Build (skip ITs)	2026-09-27T10:31:18.2807634Z [INFO] Downloaded from central: https://repo.maven.apache.org/maven2/org/seleniumhq/selenium/selenium-bom/4.31.0/selenium-bom-4.31.0.pom (5.8 kB at 91 kB/s)
verify	Build (skip ITs)	2026-09-27T10:31:18.2825421Z [INFO] Downloading from central: https://repo.maven.apache.org/maven2/org/springframework/amqp/spring-amqp-bom/3.2.6/spring-amqp-bom-3.2.6.pom
verify	Build (skip ITs)	2026-09-27T10:31:18.3454128Z [INFO] Downloaded from central: https://repo.maven.apache.org/maven2/org/springframework/amqp/spring-amqp-bom/3.2.6/spring-amqp-bom-3.2.6.pom (3.9 kB at 61 kB/s)
verify	Build (skip ITs)	2026-09-27T10:31:18.3468872Z [INFO] Downloading from central: https://repo.maven.apache.org/maven2/org/springframework/batch/spring-batch-bom/5.2.2/spring-batch-bom-5.2.2.pom
verify	Build (skip ITs)	2026-09-27T10:31:18.4071658Z [INFO] Downloaded from central: https://repo.maven.apache.org/maven2/org/springframework/batch/spring-batch-bom/5.2.2/spring-batch-bom-5.2.2.pom (3.2 kB at 54 kB/s)
verify	Build (skip ITs)	2026-09-27T10:31:18.4090306Z [INFO] Downloading from central: https://repo.maven.apache.org/maven2/org/springframework/data/spring-data-bom/2025.0.3/spring-data-bom-2025.0.3.pom
verify	Build (skip ITs)	2026-09-27T10:31:18.4831996Z [INFO] Downloaded from central: https://repo.maven.apache.org/maven2/org/springframework/data/spring-data-bom/2025.0.3/spring-data-bom-2025.0.3.pom (5.5 kB at 74 kB/s)
verify	Build (skip ITs)	2026-09-27T10:31:18.4849774Z [INFO] Downloading from central: https://repo.maven.apache.org/maven2/org/springframework/spring-framework-bom/6.2.10/spring-framework-bom-6.2.10.pom
verify	Build (skip ITs)	2026-09-27T10:31:18.5474216Z [INFO] Downloaded from central: https://repo.maven.apache.org/maven2/org/springframework/spring-framework-bom/6.2.10/spring-framework-bom-6.2.10.pom (5.8 kB at 93 kB/s)
verify	Build (skip ITs)	2026-09-27T10:31:18.5498588Z [INFO] Downloading from central: https://repo.maven.apache.org/maven2/org/springframework/integration/spring-integration-bom/6.5.1/spring-integration-bom-6.5.1.pom
verify	Build (skip ITs)	2026-09-27T10:31:18.6124781Z [INFO] Downloaded from central: https://repo.maven.apache.org/maven2/org/springframework/integration/spring-integration-bom/6.5.1/spring-integration-bom-6.5.1.pom (10 kB at 163 kB/s)
verify	Build (skip ITs)	2026-09-27T10:31:18.6144846Z [INFO] Downloading from central: https://repo.maven.apache.org/maven2/org/springframework/pulsar/spring-pulsar-bom/1.2.9/spring-pulsar-bom-1.2.9.pom
verify	Build (skip ITs)	2026-09-27T10:31:18.6799734Z [INFO] Downloaded from central: https://repo.maven.apache.org/maven2/org/springframework/pulsar/spring-pulsar-bom/1.2.9/spring-pulsar-bom-1.2.9.pom (2.9 kB at 45 kB/s)
verify	Build (skip ITs)	2026-09-27T10:31:18.6818101Z [INFO] Downloading from central: https://repo.maven.apache.org/maven2/org/springframework/restdocs/spring-restdocs-bom/3.0.5/spring-restdocs-bom-3.0.5.pom
verify	Build (skip ITs)	2026-09-27T10:31:18.7501964Z [INFO] Downloaded from central: https://repo.maven.apache.org/maven2/org/springframework/restdocs/spring-restdocs-bom/3.0.5/spring-restdocs-bom-3.0.5.pom (2.6 kB at 38 kB/s)
verify	Build (skip ITs)	2026-09-27T10:31:18.7520693Z [INFO] Downloading from central: https://repo.maven.apache.org/maven2/org/springframework/security/spring-security-bom/6.5.3/spring-security-bom-6.5.3.pom
verify	Build (skip ITs)	2026-09-27T10:31:18.8161645Z [INFO] Downloaded from central: https://repo.maven.apache.org/maven2/org/springframework/security/spring-security-bom/6.5.3/spring-security-bom-6.5.3.pom (5.3 kB at 83 kB/s)
verify	Build (skip ITs)	2026-09-27T10:31:18.8179701Z [INFO] Downloading from central: https://repo.maven.apache.org/maven2/org/springframework/session/spring-session-bom/3.5.2/spring-session-bom-3.5.2.pom
verify	Build (skip ITs)	2026-09-27T10:31:18.8816951Z [INFO] Downloaded from central: https://repo.maven.apache.org/maven2/org/springframework/session/spring-session-bom/3.5.2/spring-session-bom-3.5.2.pom (2.9 kB at 45 kB/s)
verify	Build (skip ITs)	2026-09-27T10:31:18.8834981Z [INFO] Downloading from central: https://repo.maven.apache.org/maven2/org/springframework/ws/spring-ws-bom/4.1.1/spring-ws-bom-4.1.1.pom
verify	Build (skip ITs)	2026-09-27T10:31:18.9441367Z [INFO] Downloaded from central: https://repo.maven.apache.org/maven2/org/springframework/ws/spring-ws-bom/4.1.1/spring-ws-bom-4.1.1.pom (2.3 kB at 38 kB/s)
verify	Build (skip ITs)	2026-09-27T10:31:18.9461272Z [INFO] Downloading from central: https://repo.maven.apache.org/maven2/org/testcontainers/testcontainers-bom/1.21.3/testcontainers-bom-1.21.3.pom
verify	Build (skip ITs)	2026-09-27T10:31:19.0108004Z [INFO] Downloaded from central: https://repo.maven.apache.org/maven2/org/testcontainers/testcontainers-bom/1.21.3/testcontainers-bom-1.21.3.pom (12 kB at 178 kB/s)
verify	Build (skip ITs)	2026-09-27T10:31:19.0363066Z [INFO] 
verify	Build (skip ITs)	2026-09-27T10:31:19.0363876Z [INFO] --------------< com.example:spring-postgres-boilerplate >---------------
verify	Build (skip ITs)	2026-09-27T10:31:19.0364640Z [INFO] Building spring-postgres-boilerplate 0.1.0-SNAPSHOT
verify	Build (skip ITs)	2026-09-27T10:31:19.0365325Z [INFO] --------------------------------[ jar ]---------------------------------
verify	Build (skip ITs)	2026-09-27T10:31:19.0389133Z [INFO] Downloading from central: https://repo.maven.apache.org/maven2/org/springframework/boot/spring-boot-maven-plugin/3.5.5/spring-boot-maven-plugin-3.5.5.pom
verify	Build (skip ITs)	2026-09-27T10:31:19.1030291Z [INFO] Downloaded from central: https://repo.maven.apache.org/maven2/org/springframework/boot/spring-boot-maven-plugin/3.5.5/spring-boot-maven-plugin-3.5.5.pom (4.0 kB at 63 kB/s)
verify	Build (skip ITs)	2026-09-27T10:31:19.1092503Z [INFO] Downloading from central: https://repo.maven.apache.org/maven2/org/springframework/boot/spring-boot-maven-plugin/3.5.5/spring-boot-maven-plugin-3.5.5.jar
verify	Build (skip ITs)	2026-09-27T10:31:19.1979592Z [INFO] Downloaded from central: https://repo.maven.apache.org/maven2/org/springframework/boot/spring-boot-maven-plugin/3.5.5/spring-boot-maven-plugin-3.5.5.jar (138 kB at 1.6 MB/s)
verify	Build (skip ITs)	2026-09-27T10:31:19.2066088Z [INFO] Downloading from central: https://repo.maven.apache.org/maven2/org/apache/maven/plugins/maven-enforcer-plugin/3.2.1/maven-enforcer-plugin-3.2.1.pom
verify	Build (skip ITs)	2026-09-27T10:31:19.2734967Z [INFO] Downloaded from central: https://repo.maven.apache.org/maven2/org/apache/maven/plugins/maven-enforcer-plugin/3.2.1/maven-enforcer-plugin-3.2.1.pom (7.0 kB at 104 kB/s)
verify	Build (skip ITs)	2026-09-27T10:31:19.2755921Z [INFO] Downloading from central: https://repo.maven.apache.org/maven2/org/apache/maven/enforcer/enforcer/3.2.1/enforcer-3.2.1.pom
verify	Build (skip ITs)	2026-09-27T10:31:19.3464394Z [INFO] Downloaded from central: https://repo.maven.apache.org/maven2/org/apache/maven/enforcer/enforcer/3.2.1/enforcer-3.2.1.pom (8.2 kB at 116 kB/s)
verify	Build (skip ITs)	2026-09-27T10:31:19.3483406Z [INFO] Downloading from central: https://repo.maven.apache.org/maven2/org/apache/maven/maven-parent/39/maven-parent-39.pom
verify	Build (skip ITs)	2026-09-27T10:31:19.4144974Z [INFO] Downloaded from central: https://repo.maven.apache.org/maven2/org/apache/maven/maven-parent/39/maven-parent-39.pom (48 kB at 727 kB/s)
verify	Build (skip ITs)	2026-09-27T10:31:19.4221720Z [INFO] Downloading from central: https://repo.maven.apache.org/maven2/org/junit/junit-bom/5.9.2/junit-bom-5.9.2.pom
verify	Build (skip ITs)	2026-09-27T10:31:19.4838971Z [INFO] Downloaded from central: https://repo.maven.apache.org/maven2/org/junit/junit-bom/5.9.2/junit-bom-5.9.2.pom (5.6 kB at 91 kB/s)
verify	Build (skip ITs)	2026-09-27T10:31:19.4870523Z [INFO] Downloading from central: https://repo.maven.apache.org/maven2/org/apache/maven/plugins/maven-enforcer-plugin/3.2.1/maven-enforcer-plugin-3.2.1.jar
verify	Build (skip ITs)	2026-09-27T10:31:19.5525497Z [INFO] Downloaded from central: https://repo.maven.apache.org/maven2/org/apache/maven/plugins/maven-enforcer-plugin/3.2.1/maven-enforcer-plugin-3.2.1.jar (39 kB at 590 kB/s)
verify	Build (skip ITs)	2026-09-27T10:31:19.5553850Z [INFO] Downloading from central: https://repo.maven.apache.org/maven2/org/apache/maven/plugins/maven-failsafe-plugin/3.6.0/maven-failsafe-plugin-3.6.0.pom
verify	Build (skip ITs)	2026-09-27T10:31:19.6210450Z [INFO] Downloaded from central: https://repo.maven.apache.org/maven2/org/apache/maven/plugins/maven-failsafe-plugin/3.6.0/maven-failsafe-plugin-3.6.0.pom (11 kB at 169 kB/s)
verify	Build (skip ITs)	2026-09-27T10:31:19.6230896Z [INFO] Downloading from central: https://repo.maven.apache.org/maven2/org/apache/maven/surefire/surefire/3.6.0/surefire-3.6.0.pom
verify	Build (skip ITs)	2026-09-27T10:31:19.6865234Z [INFO] Downloaded from central: https://repo.maven.apache.org/maven2/org/apache/maven/surefire/surefire/3.6.0/surefire-3.6.0.pom (21 kB at 325 kB/s)
verify	Build (skip ITs)	2026-09-27T10:31:19.6887338Z [INFO] Downloading from central: https://repo.maven.apache.org/maven2/org/apache/maven/maven-parent/49/maven-parent-49.pom
verify	Build (skip ITs)	2026-09-27T10:31:19.7564437Z [INFO] Downloaded from central: https://repo.maven.apache.org/maven2/org/apache/maven/maven-parent/49/maven-parent-49.pom (51 kB at 743 kB/s)
verify	Build (skip ITs)	2026-09-27T10:31:19.7592766Z [INFO] Downloading from central: https://repo.maven.apache.org/maven2/org/apache/apache/39/apache-39.pom
verify	Build (skip ITs)	2026-09-27T10:31:19.8227941Z [INFO] Downloaded from central: https://repo.maven.apache.org/maven2/org/apache/apache/39/apache-39.pom (27 kB at 429 kB/s)
verify	Build (skip ITs)	2026-09-27T10:31:19.8314915Z [INFO] Downloading from central: https://repo.maven.apache.org/maven2/org/junit/junit-bom/5.14.4/junit-bom-5.14.4.pom
verify	Build (skip ITs)	2026-09-27T10:31:19.8952424Z [INFO] Downloaded from central: https://repo.maven.apache.org/maven2/org/junit/junit-bom/5.14.4/junit-bom-5.14.4.pom (5.7 kB at 90 kB/s)
verify	Build (skip ITs)	2026-09-27T10:31:19.8973886Z [INFO] Downloading from central: https://repo.maven.apache.org/maven2/org/mockito/mockito-bom/4.11.0/mockito-bom-4.11.0.pom
verify	Build (skip ITs)	2026-09-27T10:31:19.9587231Z [INFO] Downloaded from central: https://repo.maven.apache.org/maven2/org/mockito/mockito-bom/4.11.0/mockito-bom-4.11.0.pom (3.2 kB at 52 kB/s)
verify	Build (skip ITs)	2026-09-27T10:31:19.9619125Z [INFO] Downloading from central: https://repo.maven.apache.org/maven2/org/apache/maven/plugins/maven-failsafe-plugin/3.6.0/maven-failsafe-plugin-3.6.0.jar
verify	Build (skip ITs)	2026-09-27T10:31:20.0294175Z [INFO] Downloaded from central: https://repo.maven.apache.org/maven2/org/apache/maven/plugins/maven-failsafe-plugin/3.6.0/maven-failsafe-plugin-3.6.0.jar (60 kB at 885 kB/s)
verify	Build (skip ITs)	2026-09-27T10:31:20.0385269Z [INFO] Downloading from central: https://repo.maven.apache.org/maven2/org/apache/maven/plugins/maven-clean-plugin/3.4.1/maven-clean-plugin-3.4.1.pom
verify	Build (skip ITs)	2026-09-27T10:31:20.1029176Z [INFO] Downloaded from central: https://repo.maven.apache.org/maven2/org/apache/maven/plugins/maven-clean-plugin/3.4.1/maven-clean-plugin-3.4.1.pom (5.6 kB at 88 kB/s)
verify	Build (skip ITs)	2026-09-27T10:31:20.1051308Z [INFO] Downloading from central: https://repo.maven.apache.org/maven2/org/apache/maven/plugins/maven-plugins/43/maven-plugins-43.pom
verify	Build (skip ITs)	2026-09-27T10:31:20.1712490Z [INFO] Downloaded from central: https://repo.maven.apache.org/maven2/org/apache/maven/plugins/maven-plugins/43/maven-plugins-43.pom (7.5 kB at 111 kB/s)
verify	Build (skip ITs)	2026-09-27T10:31:20.1725782Z [INFO] Downloading from central: https://repo.maven.apache.org/maven2/org/apache/maven/maven-parent/43/maven-parent-43.pom
verify	Build (skip ITs)	2026-09-27T10:31:20.2375533Z [INFO] Downloaded from central: https://repo.maven.apache.org/maven2/org/apache/maven/maven-parent/43/maven-parent-43.pom (50 kB at 775 kB/s)
verify	Build (skip ITs)	2026-09-27T10:31:20.2436801Z [INFO] Downloading from central: https://repo.maven.apache.org/maven2/org/junit/junit-bom/5.10.3/junit-bom-5.10.3.pom
verify	Build (skip ITs)	2026-09-27T10:31:20.3086936Z [INFO] Downloaded from central: https://repo.maven.apache.org/maven2/org/junit/junit-bom/5.10.3/junit-bom-5.10.3.pom (5.6 kB at 87 kB/s)
verify	Build (skip ITs)	2026-09-27T10:31:20.3112574Z [INFO] Downloading from central: https://repo.maven.apache.org/maven2/org/apache/maven/plugins/maven-clean-plugin/3.4.1/maven-clean-plugin-3.4.1.jar
verify	Build (skip ITs)	2026-09-27T10:31:20.3757816Z [INFO] Downloaded from central: https://repo.maven.apache.org/maven2/org/apache/maven/plugins/maven-clean-plugin/3.4.1/maven-clean-plugin-3.4.1.jar (36 kB at 568 kB/s)
verify	Build (skip ITs)	2026-09-27T10:31:20.3785412Z [INFO] Downloading from central: https://repo.maven.apache.org/maven2/org/apache/maven/plugins/maven-resources-plugin/3.3.1/maven-resources-plugin-3.3.1.pom
verify	Build (skip ITs)	2026-09-27T10:31:20.4419450Z [INFO] Downloaded from central: https://repo.maven.apache.org/maven2/org/apache/maven/plugins/maven-resources-plugin/3.3.1/maven-resources-plugin-3.3.1.pom (8.2 kB at 129 kB/s)
verify	Build (skip ITs)	2026-09-27T10:31:20.4439581Z [INFO] Downloading from central: https://repo.maven.apache.org/maven2/org/apache/maven/plugins/maven-plugins/39/maven-plugins-39.pom
verify	Build (skip ITs)	2026-09-27T10:31:20.5036198Z [INFO] Downloaded from central: https://repo.maven.apache.org/maven2/org/apache/maven/plugins/maven-plugins/39/maven-plugins-39.pom (8.1 kB at 135 kB/s)
verify	Build (skip ITs)	2026-09-27T10:31:20.5072373Z [INFO] Downloading from central: https://repo.maven.apache.org/maven2/org/apache/maven/plugins/maven-resources-plugin/3.3.1/maven-resources-plugin-3.3.1.jar
verify	Build (skip ITs)	2026-09-27T10:31:20.5699961Z [INFO] Downloaded from central: https://repo.maven.apache.org/maven2/org/apache/maven/plugins/maven-resources-plugin/3.3.1/maven-resources-plugin-3.3.1.jar (31 kB at 499 kB/s)
verify	Build (skip ITs)	2026-09-27T10:31:20.5723716Z [INFO] Downloading from central: https://repo.maven.apache.org/maven2/org/apache/maven/plugins/maven-compiler-plugin/3.14.0/maven-compiler-plugin-3.14.0.pom
verify	Build (skip ITs)	2026-09-27T10:31:20.6342485Z [INFO] Downloaded from central: https://repo.maven.apache.org/maven2/org/apache/maven/plugins/maven-compiler-plugin/3.14.0/maven-compiler-plugin-3.14.0.pom (9.5 kB at 156 kB/s)
verify	Build (skip ITs)	2026-09-27T10:31:20.6386979Z [INFO] Downloading from central: https://repo.maven.apache.org/maven2/org/apache/maven/plugins/maven-compiler-plugin/3.14.0/maven-compiler-plugin-3.14.0.jar
verify	Build (skip ITs)	2026-09-27T10:31:20.7062389Z [INFO] Downloaded from central: https://repo.maven.apache.org/maven2/org/apache/maven/plugins/maven-compiler-plugin/3.14.0/maven-compiler-plugin-3.14.0.jar (83 kB at 1.2 MB/s)
verify	Build (skip ITs)	2026-09-27T10:31:20.7097082Z [INFO] Downloading from central: https://repo.maven.apache.org/maven2/org/apache/maven/plugins/maven-surefire-plugin/3.5.3/maven-surefire-plugin-3.5.3.pom
verify	Build (skip ITs)	2026-09-27T10:31:20.7751671Z [INFO] Downloaded from central: https://repo.maven.apache.org/maven2/org/apache/maven/plugins/maven-surefire-plugin/3.5.3/maven-surefire-plugin-3.5.3.pom (5.5 kB at 84 kB/s)
verify	Build (skip ITs)	2026-09-27T10:31:20.7767494Z [INFO] Downloading from central: https://repo.maven.apache.org/maven2/org/apache/maven/surefire/surefire/3.5.3/surefire-3.5.3.pom
verify	Build (skip ITs)	2026-09-27T10:31:20.8392119Z [INFO] Downloaded from central: https://repo.maven.apache.org/maven2/org/apache/maven/surefire/surefire/3.5.3/surefire-3.5.3.pom (20 kB at 320 kB/s)
verify	Build (skip ITs)	2026-09-27T10:31:20.8406542Z [INFO] Downloading from central: https://repo.maven.apache.org/maven2/org/apache/maven/maven-parent/44/maven-parent-44.pom
verify	Build (skip ITs)	2026-09-27T10:31:20.9051648Z [INFO] Downloaded from central: https://repo.maven.apache.org/maven2/org/apache/maven/maven-parent/44/maven-parent-44.pom (52 kB at 816 kB/s)
verify	Build (skip ITs)	2026-09-27T10:31:20.9076170Z [INFO] Downloading from central: https://repo.maven.apache.org/maven2/org/apache/apache/34/apache-34.pom
verify	Build (skip ITs)	2026-09-27T10:31:20.9737387Z [INFO] Downloaded from central: https://repo.maven.apache.org/maven2/org/apache/apache/34/apache-34.pom (24 kB at 367 kB/s)
verify	Build (skip ITs)	2026-09-27T10:31:20.9768636Z [INFO] Downloading from central: https://repo.maven.apache.org/maven2/org/junit/junit-bom/5.12.1/junit-bom-5.12.1.pom
verify	Build (skip ITs)	2026-09-27T10:31:21.0389921Z [INFO] Downloaded from central: https://repo.maven.apache.org/maven2/org/junit/junit-bom/5.12.1/junit-bom-5.12.1.pom (5.6 kB at 91 kB/s)
verify	Build (skip ITs)	2026-09-27T10:31:21.0413023Z [INFO] Downloading from central: https://repo.maven.apache.org/maven2/org/apache/maven/plugins/maven-surefire-plugin/3.5.3/maven-surefire-plugin-3.5.3.jar
verify	Build (skip ITs)	2026-09-27T10:31:21.1028750Z [INFO] Downloaded from central: https://repo.maven.apache.org/maven2/org/apache/maven/plugins/maven-surefire-plugin/3.5.3/maven-surefire-plugin-3.5.3.jar (46 kB at 756 kB/s)
verify	Build (skip ITs)	2026-09-27T10:31:21.1066062Z [INFO] Downloading from central: https://repo.maven.apache.org/maven2/org/apache/maven/plugins/maven-jar-plugin/3.4.2/maven-jar-plugin-3.4.2.pom
verify	Build (skip ITs)	2026-09-27T10:31:21.1688808Z [INFO] Downloaded from central: https://repo.maven.apache.org/maven2/org/apache/maven/plugins/maven-jar-plugin/3.4.2/maven-jar-plugin-3.4.2.pom (7.7 kB at 124 kB/s)
verify	Build (skip ITs)	2026-09-27T10:31:21.1708943Z [INFO] Downloading from central: https://repo.maven.apache.org/maven2/org/apache/maven/plugins/maven-plugins/42/maven-plugins-42.pom
verify	Build (skip ITs)	2026-09-27T10:31:21.2331942Z [INFO] Downloaded from central: https://repo.maven.apache.org/maven2/org/apache/maven/plugins/maven-plugins/42/maven-plugins-42.pom (7.7 kB at 124 kB/s)
verify	Build (skip ITs)	2026-09-27T10:31:21.2346626Z [INFO] Downloading from central: https://repo.maven.apache.org/maven2/org/apache/maven/maven-parent/42/maven-parent-42.pom
verify	Build (skip ITs)	2026-09-27T10:31:21.2959094Z [INFO] Downloaded from central: https://repo.maven.apache.org/maven2/org/apache/maven/maven-parent/42/maven-parent-42.pom (50 kB at 827 kB/s)
verify	Build (skip ITs)	2026-09-27T10:31:21.2982780Z [INFO] Downloading from central: https://repo.maven.apache.org/maven2/org/apache/apache/32/apache-32.pom
verify	Build (skip ITs)	2026-09-27T10:31:21.3623301Z [INFO] Downloaded from central: https://repo.maven.apache.org/maven2/org/apache/apache/32/apache-32.pom (24 kB at 378 kB/s)
verify	Build (skip ITs)	2026-09-27T10:31:21.3651422Z [INFO] Downloading from central: https://repo.maven.apache.org/maven2/org/junit/junit-bom/5.10.2/junit-bom-5.10.2.pom
verify	Build (skip ITs)	2026-09-27T10:31:21.4264458Z [INFO] Downloaded from central: https://repo.maven.apache.org/maven2/org/junit/junit-bom/5.10.2/junit-bom-5.10.2.pom (5.6 kB at 91 kB/s)
verify	Build (skip ITs)	2026-09-27T10:31:21.4287168Z [INFO] Downloading from central: https://repo.maven.apache.org/maven2/org/apache/maven/plugins/maven-jar-plugin/3.4.2/maven-jar-plugin-3.4.2.jar
verify	Build (skip ITs)	2026-09-27T10:31:21.4899339Z [INFO] Downloaded from central: https://repo.maven.apache.org/maven2/org/apache/maven/plugins/maven-jar-plugin/3.4.2/maven-jar-plugin-3.4.2.jar (34 kB at 558 kB/s)
verify	Build (skip ITs)	2026-09-27T10:31:21.5076847Z [INFO] Downloading from central: https://repo.maven.apache.org/maven2/org/springframework/boot/spring-boot-starter-web/3.5.5/spring-boot-starter-web-3.5.5.pom
verify	Build (skip ITs)	2026-09-27T10:31:21.5704052Z [INFO] Downloaded from central: https://repo.maven.apache.org/maven2/org/springframework/boot/spring-boot-starter-web/3.5.5/spring-boot-starter-web-3.5.5.pom (2.9 kB at 47 kB/s)
verify	Build (skip ITs)	2026-09-27T10:31:21.5739902Z [INFO] Downloading from central: https://repo.maven.apache.org/maven2/org/springframework/boot/spring-boot-starter/3.5.5/spring-boot-starter-3.5.5.pom
verify	Build (skip ITs)	2026-09-27T10:31:21.6383401Z [INFO] Downloaded from central: https://repo.maven.apache.org/maven2/org/springframework/boot/spring-boot-starter/3.5.5/spring-boot-starter-3.5.5.pom (3.0 kB at 47 kB/s)
verify	Build (skip ITs)	2026-09-27T10:31:21.6402362Z [INFO] Downloading from central: https://repo.maven.apache.org/maven2/org/springframework/boot/spring-boot/3.5.5/spring-boot-3.5.5.pom
verify	Build (skip ITs)	2026-09-27T10:31:21.7023488Z [INFO] Downloaded from central: https://repo.maven.apache.org/maven2/org/springframework/boot/spring-boot/3.5.5/spring-boot-3.5.5.pom (2.2 kB at 35 kB/s)
verify	Build (skip ITs)	2026-09-27T10:31:21.7040801Z [INFO] Downloading from central: https://repo.maven.apache.org/maven2/org/springframework/spring-core/6.2.10/spring-core-6.2.10.pom
verify	Build (skip ITs)	2026-09-27T10:31:21.7757240Z [INFO] Downloaded from central: https://repo.maven.apache.org/maven2/org/springframework/spring-core/6.2.10/spring-core-6.2.10.pom (2.0 kB at 28 kB/s)
verify	Build (skip ITs)	2026-09-27T10:31:21.7780543Z [INFO] Downloading from central: https://repo.maven.apache.org/maven2/org/springframework/spring-jcl/6.2.10/spring-jcl-6.2.10.pom
verify	Build (skip ITs)	2026-09-27T10:31:21.8416490Z [INFO] Downloaded from central: https://repo.maven.apache.org/maven2/org/springframework/spring-jcl/6.2.10/spring-jcl-6.2.10.pom (1.8 kB at 29 kB/s)
verify	Build (skip ITs)	2026-09-27T10:31:21.8435348Z [INFO] Downloading from central: https://repo.maven.apache.org/maven2/org/springframework/spring-context/6.2.10/spring-context-6.2.10.pom
verify	Build (skip ITs)	2026-09-27T10:31:21.9068971Z [INFO] Downloaded from central: https://repo.maven.apache.org/maven2/org/springframework/spring-context/6.2.10/spring-context-6.2.10.pom (2.8 kB at 44 kB/s)
verify	Build (skip ITs)	2026-09-27T10:31:21.9087380Z [INFO] Downloading from central: https://repo.maven.apache.org/maven2/org/springframework/spring-aop/6.2.10/spring-aop-6.2.10.pom
verify	Build (skip ITs)	2026-09-27T10:31:21.9728508Z [INFO] Downloaded from central: https://repo.maven.apache.org/maven2/org/springframework/spring-aop/6.2.10/spring-aop-6.2.10.pom (2.2 kB at 35 kB/s)
verify	Build (skip ITs)	2026-09-27T10:31:21.9746203Z [INFO] Downloading from central: https://repo.maven.apache.org/maven2/org/springframework/spring-beans/6.2.10/spring-beans-6.2.10.pom
verify	Build (skip ITs)	2026-09-27T10:31:22.0382478Z [INFO] Downloaded from central: https://repo.maven.apache.org/maven2/org/springframework/spring-beans/6.2.10/spring-beans-6.2.10.pom (2.0 kB at 32 kB/s)
verify	Build (skip ITs)	2026-09-27T10:31:22.0405289Z [INFO] Downloading from central: https://repo.maven.apache.org/maven2/org/springframework/spring-expression/6.2.10/spring-expression-6.2.10.pom
verify	Build (skip ITs)	2026-09-27T10:31:22.1036324Z [INFO] Downloaded from central: https://repo.maven.apache.org/maven2/org/springframework/spring-expression/6.2.10/spring-expression-6.2.10.pom (2.1 kB at 33 kB/s)
verify	Build (skip ITs)	2026-09-27T10:31:22.1056512Z [INFO] Downloading from central: https://repo.maven.apache.org/maven2/io/micrometer/micrometer-observation/1.15.3/micrometer-observation-1.15.3.pom
verify	Build (skip ITs)	2026-09-27T10:31:22.1685996Z [INFO] Downloaded from central: https://repo.maven.apache.org/maven2/io/micrometer/micrometer-observation/1.15.3/micrometer-observation-1.15.3.pom (3.8 kB at 61 kB/s)
verify	Build (skip ITs)	2026-09-27T10:31:22.1709401Z [INFO] Downloading from central: https://repo.maven.apache.org/maven2/io/micrometer/micrometer-commons/1.15.3/micrometer-commons-1.15.3.pom
verify	Build (skip ITs)	2026-09-27T10:31:22.2374485Z [INFO] Downloaded from central: https://repo.maven.apache.org/maven2/io/micrometer/micrometer-commons/1.15.3/micrometer-commons-1.15.3.pom (3.4 kB at 51 kB/s)
verify	Build (skip ITs)	2026-09-27T10:31:22.2394231Z [INFO] Downloading from central: https://repo.maven.apache.org/maven2/org/springframework/boot/spring-boot-autoconfigure/3.5.5/spring-boot-autoconfigure-3.5.5.pom
verify	Build (skip ITs)	2026-09-27T10:31:22.3014491Z [INFO] Downloaded from central: https://repo.maven.apache.org/maven2/org/springframework/boot/spring-boot-autoconfigure/3.5.5/spring-boot-autoconfigure-3.5.5.pom (2.1 kB at 33 kB/s)
verify	Build (skip ITs)	2026-09-27T10:31:22.3033606Z [INFO] Downloading from central: https://repo.maven.apache.org/maven2/org/springframework/boot/spring-boot-starter-logging/3.5.5/spring-boot-starter-logging-3.5.5.pom
verify	Build (skip ITs)	2026-09-27T10:31:22.3687573Z [INFO] Downloaded from central: https://repo.maven.apache.org/maven2/org/springframework/boot/spring-boot-starter-logging/3.5.5/spring-boot-starter-logging-3.5.5.pom (2.5 kB at 38 kB/s)
verify	Build (skip ITs)	2026-09-27T10:31:22.3708600Z [INFO] Downloading from central: https://repo.maven.apache.org/maven2/ch/qos/logback/logback-classic/1.5.18/logback-classic-1.5.18.pom
verify	Build (skip ITs)	2026-09-27T10:31:22.4346466Z [INFO] Downloaded from central: https://repo.maven.apache.org/maven2/ch/qos/logback/logback-classic/1.5.18/logback-classic-1.5.18.pom (13 kB at 200 kB/s)
verify	Build (skip ITs)	2026-09-27T10:31:22.4367618Z [INFO] Downloading from central: https://repo.maven.apache.org/maven2/ch/qos/logback/logback-parent/1.5.18/logback-parent-1.5.18.pom
verify	Build (skip ITs)	2026-09-27T10:31:22.5022128Z [INFO] Downloaded from central: https://repo.maven.apache.org/maven2/ch/qos/logback/logback-parent/1.5.18/logback-parent-1.5.18.pom (19 kB at 286 kB/s)
verify	Build (skip ITs)	2026-09-27T10:31:22.5065907Z [INFO] Downloading from central: https://repo.maven.apache.org/maven2/ch/qos/logback/logback-core/1.5.18/logback-core-1.5.18.pom
verify	Build (skip ITs)	2026-09-27T10:31:22.5682213Z [INFO] Downloaded from central: https://repo.maven.apache.org/maven2/ch/qos/logback/logback-core/1.5.18/logback-core-1.5.18.pom (9.1 kB at 149 kB/s)
verify	Build (skip ITs)	2026-09-27T10:31:22.5714256Z [INFO] Downloading from central: https://repo.maven.apache.org/maven2/org/slf4j/slf4j-api/2.0.17/slf4j-api-2.0.17.pom
verify	Build (skip ITs)	2026-09-27T10:31:22.6332219Z [INFO] Downloaded from central: https://repo.maven.apache.org/maven2/org/slf4j/slf4j-api/2.0.17/slf4j-api-2.0.17.pom (2.8 kB at 46 kB/s)
verify	Build (skip ITs)	2026-09-27T10:31:22.6348206Z [INFO] Downloading from central: https://repo.maven.apache.org/maven2/org/slf4j/slf4j-parent/2.0.17/slf4j-parent-2.0.17.pom
verify	Build (skip ITs)	2026-09-27T10:31:22.6978599Z [INFO] Downloaded from central: https://repo.maven.apache.org/maven2/org/slf4j/slf4j-parent/2.0.17/slf4j-parent-2.0.17.pom (13 kB at 212 kB/s)
verify	Build (skip ITs)	2026-09-27T10:31:22.6996524Z [INFO] Downloading from central: https://repo.maven.apache.org/maven2/org/slf4j/slf4j-bom/2.0.17/slf4j-bom-2.0.17.pom
verify	Build (skip ITs)	2026-09-27T10:31:22.7618991Z [INFO] Downloaded from central: https://repo.maven.apache.org/maven2/org/slf4j/slf4j-bom/2.0.17/slf4j-bom-2.0.17.pom (7.3 kB at 118 kB/s)
verify	Build (skip ITs)	2026-09-27T10:31:22.7641680Z [INFO] Downloading from central: https://repo.maven.apache.org/maven2/org/apache/logging/log4j/log4j-to-slf4j/2.24.3/log4j-to-slf4j-2.24.3.pom
verify	Build (skip ITs)	2026-09-27T10:31:22.8304520Z [INFO] Downloaded from central: https://repo.maven.apache.org/maven2/org/apache/logging/log4j/log4j-to-slf4j/2.24.3/log4j-to-slf4j-2.24.3.pom (5.0 kB at 75 kB/s)
verify	Build (skip ITs)	2026-09-27T10:31:22.8319168Z [INFO] Downloading from central: https://repo.maven.apache.org/maven2/org/apache/logging/log4j/log4j/2.24.3/log4j-2.24.3.pom
verify	Build (skip ITs)	2026-09-27T10:31:22.9028639Z [INFO] Downloaded from central: https://repo.maven.apache.org/maven2/org/apache/logging/log4j/log4j/2.24.3/log4j-2.24.3.pom (35 kB at 494 kB/s)
verify	Build (skip ITs)	2026-09-27T10:31:22.9104868Z [INFO] Downloading from central: https://repo.maven.apache.org/maven2/org/apache/groovy/groovy-bom/4.0.22/groovy-bom-4.0.22.pom
verify	Build (skip ITs)	2026-09-27T10:31:22.9711984Z [INFO] Downloaded from central: https://repo.maven.apache.org/maven2/org/apache/groovy/groovy-bom/4.0.22/groovy-bom-4.0.22.pom (27 kB at 455 kB/s)
verify	Build (skip ITs)	2026-09-27T10:31:22.9733750Z [INFO] Downloading from central: https://repo.maven.apache.org/maven2/com/fasterxml/jackson/jackson-bom/2.17.2/jackson-bom-2.17.2.pom
verify	Build (skip ITs)	2026-09-27T10:31:23.0358402Z [INFO] Downloaded from central: https://repo.maven.apache.org/maven2/com/fasterxml/jackson/jackson-bom/2.17.2/jackson-bom-2.17.2.pom (19 kB at 302 kB/s)
verify	Build (skip ITs)	2026-09-27T10:31:23.0373652Z [INFO] Downloading from central: https://repo.maven.apache.org/maven2/com/fasterxml/jackson/jackson-parent/2.17/jackson-parent-2.17.pom
verify	Build (skip ITs)	2026-09-27T10:31:23.0986367Z [INFO] Downloaded from central: https://repo.maven.apache.org/maven2/com/fasterxml/jackson/jackson-parent/2.17/jackson-parent-2.17.pom (6.5 kB at 107 kB/s)
verify	Build (skip ITs)	2026-09-27T10:31:23.0998118Z [INFO] Downloading from central: https://repo.maven.apache.org/maven2/com/fasterxml/oss-parent/58/oss-parent-58.pom
verify	Build (skip ITs)	2026-09-27T10:31:23.1620473Z [INFO] Downloaded from central: https://repo.maven.apache.org/maven2/com/fasterxml/oss-parent/58/oss-parent-58.pom (24 kB at 382 kB/s)
verify	Build (skip ITs)	2026-09-27T10:31:23.1647843Z [INFO] Downloading from central: https://repo.maven.apache.org/maven2/jakarta/platform/jakarta.jakartaee-bom/9.1.0/jakarta.jakartaee-bom-9.1.0.pom
verify	Build (skip ITs)	2026-09-27T10:31:23.2287820Z [INFO] Downloaded from central: https://repo.maven.apache.org/maven2/jakarta/platform/jakarta.jakartaee-bom/9.1.0/jakarta.jakartaee-bom-9.1.0.pom (9.6 kB at 149 kB/s)
verify	Build (skip ITs)	2026-09-27T10:31:23.2302302Z [INFO] Downloading from central: https://repo.maven.apache.org/maven2/jakarta/platform/jakartaee-api-parent/9.1.0/jakartaee-api-parent-9.1.0.pom
verify	Build (skip ITs)	2026-09-27T10:31:23.2915819Z [INFO] Downloaded from central: https://repo.maven.apache.org/maven2/jakarta/platform/jakartaee-api-parent/9.1.0/jakartaee-api-parent-9.1.0.pom (15 kB at 239 kB/s)
verify	Build (skip ITs)	2026-09-27T10:31:23.2930815Z [INFO] Downloading from central: https://repo.maven.apache.org/maven2/org/eclipse/ee4j/project/1.0.7/project-1.0.7.pom
verify	Build (skip ITs)	2026-09-27T10:31:23.3603170Z [INFO] Downloaded from central: https://repo.maven.apache.org/maven2/org/eclipse/ee4j/project/1.0.7/project-1.0.7.pom (14 kB at 209 kB/s)
verify	Build (skip ITs)	2026-09-27T10:31:23.3628091Z [INFO] Downloading from central: https://repo.maven.apache.org/maven2/org/springframework/spring-framework-bom/5.3.39/spring-framework-bom-5.3.39.pom
verify	Build (skip ITs)	2026-09-27T10:31:23.4268774Z [INFO] Downloaded from central: https://repo.maven.apache.org/maven2/org/springframework/spring-framework-bom/5.3.39/spring-framework-bom-5.3.39.pom (5.7 kB at 88 kB/s)
verify	Build (skip ITs)	2026-09-27T10:31:23.4302132Z [INFO] Downloading from central: https://repo.maven.apache.org/maven2/org/apache/logging/log4j/log4j-api/2.24.3/log4j-api-2.24.3.pom
verify	Build (skip ITs)	2026-09-27T10:31:23.4993445Z [INFO] Downloaded from central: https://repo.maven.apache.org/maven2/org/apache/logging/log4j/log4j-api/2.24.3/log4j-api-2.24.3.pom (4.4 kB at 64 kB/s)
verify	Build (skip ITs)	2026-09-27T10:31:23.5053453Z [INFO] Downloading from central: https://repo.maven.apache.org/maven2/org/slf4j/jul-to-slf4j/2.0.17/jul-to-slf4j-2.0.17.pom
verify	Build (skip ITs)	2026-09-27T10:31:23.5673129Z [INFO] Downloaded from central: https://repo.maven.apache.org/maven2/org/slf4j/jul-to-slf4j/2.0.17/jul-to-slf4j-2.0.17.pom (1.1 kB at 18 kB/s)
verify	Build (skip ITs)	2026-09-27T10:31:23.5697496Z [INFO] Downloading from central: https://repo.maven.apache.org/maven2/jakarta/annotation/jakarta.annotation-api/2.1.1/jakarta.annotation-api-2.1.1.pom
verify	Build (skip ITs)	2026-09-27T10:31:23.6338653Z [INFO] Downloaded from central: https://repo.maven.apache.org/maven2/jakarta/annotation/jakarta.annotation-api/2.1.1/jakarta.annotation-api-2.1.1.pom (16 kB at 247 kB/s)
verify	Build (skip ITs)	2026-09-27T10:31:23.6359306Z [INFO] Downloading from central: https://repo.maven.apache.org/maven2/org/yaml/snakeyaml/2.4/snakeyaml-2.4.pom
verify	Build (skip ITs)	2026-09-27T10:31:23.7009127Z [INFO] Downloaded from central: https://repo.maven.apache.org/maven2/org/yaml/snakeyaml/2.4/snakeyaml-2.4.pom (22 kB at 341 kB/s)
verify	Build (skip ITs)	2026-09-27T10:31:23.7034512Z [INFO] Downloading from central: https://repo.maven.apache.org/maven2/org/springframework/boot/spring-boot-starter-json/3.5.5/spring-boot-starter-json-3.5.5.pom
verify	Build (skip ITs)	2026-09-27T10:31:23.7678049Z [INFO] Downloaded from central: https://repo.maven.apache.org/maven2/org/springframework/boot/spring-boot-starter-json/3.5.5/spring-boot-starter-json-3.5.5.pom (3.1 kB at 48 kB/s)
verify	Build (skip ITs)	2026-09-27T10:31:23.7699682Z [INFO] Downloading from central: https://repo.maven.apache.org/maven2/org/springframework/spring-web/6.2.10/spring-web-6.2.10.pom
verify	Build (skip ITs)	2026-09-27T10:31:23.8349503Z [INFO] Downloaded from central: https://repo.maven.apache.org/maven2/org/springframework/spring-web/6.2.10/spring-web-6.2.10.pom (2.4 kB at 37 kB/s)
verify	Build (skip ITs)	2026-09-27T10:31:23.8369437Z [INFO] Downloading from central: https://repo.maven.apache.org/maven2/com/fasterxml/jackson/core/jackson-databind/2.19.2/jackson-databind-2.19.2.pom
verify	Build (skip ITs)	2026-09-27T10:31:23.9009153Z [INFO] Downloaded from central: https://repo.maven.apache.org/maven2/com/fasterxml/jackson/core/jackson-databind/2.19.2/jackson-databind-2.19.2.pom (23 kB at 354 kB/s)
verify	Build (skip ITs)	2026-09-27T10:31:23.9027988Z [INFO] Downloading from central: https://repo.maven.apache.org/maven2/com/fasterxml/jackson/jackson-base/2.19.2/jackson-base-2.19.2.pom
verify	Build (skip ITs)	2026-09-27T10:31:23.9703826Z [INFO] Downloaded from central: https://repo.maven.apache.org/maven2/com/fasterxml/jackson/jackson-base/2.19.2/jackson-base-2.19.2.pom (12 kB at 176 kB/s)
verify	Build (skip ITs)	2026-09-27T10:31:23.9740311Z [INFO] Downloading from central: https://repo.maven.apache.org/maven2/org/junit/junit-bom/5.11.4/junit-bom-5.11.4.pom
verify	Build (skip ITs)	2026-09-27T10:31:24.0357343Z [INFO] Downloaded from central: https://repo.maven.apache.org/maven2/org/junit/junit-bom/5.11.4/junit-bom-5.11.4.pom (5.6 kB at 91 kB/s)
verify	Build (skip ITs)	2026-09-27T10:31:24.0375788Z [INFO] Downloading from central: https://repo.maven.apache.org/maven2/com/fasterxml/jackson/core/jackson-annotations/2.19.2/jackson-annotations-2.19.2.pom
verify	Build (skip ITs)	2026-09-27T10:31:24.0991387Z [INFO] Downloaded from central: https://repo.maven.apache.org/maven2/com/fasterxml/jackson/core/jackson-annotations/2.19.2/jackson-annotations-2.19.2.pom (6.9 kB at 113 kB/s)
verify	Build (skip ITs)	2026-09-27T10:31:24.1067382Z [INFO] Downloading from central: https://repo.maven.apache.org/maven2/com/fasterxml/jackson/core/jackson-core/2.19.2/jackson-core-2.19.2.pom
verify	Build (skip ITs)	2026-09-27T10:31:24.1743186Z [INFO] Downloaded from central: https://repo.maven.apache.org/maven2/com/fasterxml/jackson/core/jackson-core/2.19.2/jackson-core-2.19.2.pom (9.4 kB at 138 kB/s)
verify	Build (skip ITs)	2026-09-27T10:31:24.1849182Z [INFO] Downloading from central: https://repo.maven.apache.org/maven2/com/fasterxml/jackson/datatype/jackson-datatype-jdk8/2.19.2/jackson-datatype-jdk8-2.19.2.pom
verify	Build (skip ITs)	2026-09-27T10:31:24.2485517Z [INFO] Downloaded from central: https://repo.maven.apache.org/maven2/com/fasterxml/jackson/datatype/jackson-datatype-jdk8/2.19.2/jackson-datatype-jdk8-2.19.2.pom (2.8 kB at 43 kB/s)
verify	Build (skip ITs)	2026-09-27T10:31:24.2497975Z [INFO] Downloading from central: https://repo.maven.apache.org/maven2/com/fasterxml/jackson/module/jackson-modules-java8/2.19.2/jackson-modules-java8-2.19.2.pom
verify	Build (skip ITs)	2026-09-27T10:31:24.3157702Z [INFO] Downloaded from central: https://repo.maven.apache.org/maven2/com/fasterxml/jackson/module/jackson-modules-java8/2.19.2/jackson-modules-java8-2.19.2.pom (3.1 kB at 46 kB/s)
verify	Build (skip ITs)	2026-09-27T10:31:24.3196998Z [INFO] Downloading from central: https://repo.maven.apache.org/maven2/com/fasterxml/jackson/datatype/jackson-datatype-jsr310/2.19.2/jackson-datatype-jsr310-2.19.2.pom
verify	Build (skip ITs)	2026-09-27T10:31:24.3841259Z [INFO] Downloaded from central: https://repo.maven.apache.org/maven2/com/fasterxml/jackson/datatype/jackson-datatype-jsr310/2.19.2/jackson-datatype-jsr310-2.19.2.pom (5.4 kB at 84 kB/s)
verify	Build (skip ITs)	2026-09-27T10:31:24.3876444Z [INFO] Downloading from central: https://repo.maven.apache.org/maven2/com/fasterxml/jackson/module/jackson-module-parameter-names/2.19.2/jackson-module-parameter-names-2.19.2.pom
verify	Build (skip ITs)	2026-09-27T10:31:24.4515332Z [INFO] Downloaded from central: https://repo.maven.apache.org/maven2/com/fasterxml/jackson/module/jackson-module-parameter-names/2.19.2/jackson-module-parameter-names-2.19.2.pom (4.4 kB at 68 kB/s)
verify	Build (skip ITs)	2026-09-27T10:31:24.4549782Z [INFO] Downloading from central: https://repo.maven.apache.org/maven2/org/springframework/boot/spring-boot-starter-tomcat/3.5.5/spring-boot-starter-tomcat-3.5.5.pom
verify	Build (skip ITs)	2026-09-27T10:31:24.5190325Z [INFO] Downloaded from central: https://repo.maven.apache.org/maven2/org/springframework/boot/spring-boot-starter-tomcat/3.5.5/spring-boot-starter-tomcat-3.5.5.pom (3.1 kB at 49 kB/s)
verify	Build (skip ITs)	2026-09-27T10:31:24.5207167Z [INFO] Downloading from central: https://repo.maven.apache.org/maven2/org/apache/tomcat/embed/tomcat-embed-core/10.1.44/tomcat-embed-core-10.1.44.pom
verify	Build (skip ITs)	2026-09-27T10:31:24.5834719Z [INFO] Downloaded from central: https://repo.maven.apache.org/maven2/org/apache/tomcat/embed/tomcat-embed-core/10.1.44/tomcat-embed-core-10.1.44.pom (1.7 kB at 28 kB/s)
verify	Build (skip ITs)	2026-09-27T10:31:24.5852132Z [INFO] Downloading from central: https://repo.maven.apache.org/maven2/org/apache/tomcat/embed/tomcat-embed-el/10.1.44/tomcat-embed-el-10.1.44.pom
verify	Build (skip ITs)	2026-09-27T10:31:24.6489590Z [INFO] Downloaded from central: https://repo.maven.apache.org/maven2/org/apache/tomcat/embed/tomcat-embed-el/10.1.44/tomcat-embed-el-10.1.44.pom (1.5 kB at 24 kB/s)
verify	Build (skip ITs)	2026-09-27T10:31:24.6506995Z [INFO] Downloading from central: https://repo.maven.apache.org/maven2/org/apache/tomcat/embed/tomcat-embed-websocket/10.1.44/tomcat-embed-websocket-10.1.44.pom
verify	Build (skip ITs)	2026-09-27T10:31:24.7158718Z [INFO] Downloaded from central: https://repo.maven.apache.org/maven2/org/apache/tomcat/embed/tomcat-embed-websocket/10.1.44/tomcat-embed-websocket-10.1.44.pom (1.7 kB at 27 kB/s)
verify	Build (skip ITs)	2026-09-27T10:31:24.7176222Z [INFO] Downloading from central: https://repo.maven.apache.org/maven2/org/springframework/spring-webmvc/6.2.10/spring-webmvc-6.2.10.pom
verify	Build (skip ITs)	2026-09-27T10:31:24.7821576Z [INFO] Downloaded from central: https://repo.maven.apache.org/maven2/org/springframework/spring-webmvc/6.2.10/spring-webmvc-6.2.10.pom (3.0 kB at 46 kB/s)
verify	Build (skip ITs)	2026-09-27T10:31:24.7838830Z [INFO] Downloading from central: https://repo.maven.apache.org/maven2/org/springframework/boot/spring-boot-starter-data-jpa/3.5.5/spring-boot-starter-data-jpa-3.5.5.pom
verify	Build (skip ITs)	2026-09-27T10:31:24.8466828Z [INFO] Downloaded from central: https://repo.maven.apache.org/maven2/org/springframework/boot/spring-boot-starter-data-jpa/3.5.5/spring-boot-starter-data-jpa-3.5.5.pom (2.9 kB at 46 kB/s)
verify	Build (skip ITs)	2026-09-27T10:31:24.8487327Z [INFO] Downloading from central: https://repo.maven.apache.org/maven2/org/springframework/boot/spring-boot-starter-jdbc/3.5.5/spring-boot-starter-jdbc-3.5.5.pom
verify	Build (skip ITs)	2026-09-27T10:31:24.9132153Z [INFO] Downloaded from central: https://repo.maven.apache.org/maven2/org/springframework/boot/spring-boot-starter-jdbc/3.5.5/spring-boot-starter-jdbc-3.5.5.pom (2.5 kB at 38 kB/s)
verify	Build (skip ITs)	2026-09-27T10:31:24.9145792Z [INFO] Downloading from central: https://repo.maven.apache.org/maven2/com/zaxxer/HikariCP/6.3.2/HikariCP-6.3.2.pom
verify	Build (skip ITs)	2026-09-27T10:31:24.9820757Z [INFO] Downloaded from central: https://repo.maven.apache.org/maven2/com/zaxxer/HikariCP/6.3.2/HikariCP-6.3.2.pom (29 kB at 427 kB/s)
verify	Build (skip ITs)	2026-09-27T10:31:24.9849828Z [INFO] Downloading from central: https://repo.maven.apache.org/maven2/org/springframework/spring-jdbc/6.2.10/spring-jdbc-6.2.10.pom
verify	Build (skip ITs)	2026-09-27T10:31:25.0462592Z [INFO] Downloaded from central: https://repo.maven.apache.org/maven2/org/springframework/spring-jdbc/6.2.10/spring-jdbc-6.2.10.pom (2.4 kB at 39 kB/s)
verify	Build (skip ITs)	2026-09-27T10:31:25.0477739Z [INFO] Downloading from central: https://repo.maven.apache.org/maven2/org/springframework/spring-tx/6.2.10/spring-tx-6.2.10.pom
verify	Build (skip ITs)	2026-09-27T10:31:25.1154289Z [INFO] Downloaded from central: https://repo.maven.apache.org/maven2/org/springframework/spring-tx/6.2.10/spring-tx-6.2.10.pom (2.2 kB at 33 kB/s)
verify	Build (skip ITs)	2026-09-27T10:31:25.1169177Z [INFO] Downloading from central: https://repo.maven.apache.org/maven2/org/hibernate/orm/hibernate-core/6.6.26.Final/hibernate-core-6.6.26.Final.pom
verify	Build (skip ITs)	2026-09-27T10:31:25.1806657Z [INFO] Downloaded from central: https://repo.maven.apache.org/maven2/org/hibernate/orm/hibernate-core/6.6.26.Final/hibernate-core-6.6.26.Final.pom (5.8 kB at 90 kB/s)
verify	Build (skip ITs)	2026-09-27T10:31:25.1824410Z [INFO] Downloading from central: https://repo.maven.apache.org/maven2/jakarta/persistence/jakarta.persistence-api/3.1.0/jakarta.persistence-api-3.1.0.pom
verify	Build (skip ITs)	2026-09-27T10:31:25.2480544Z [INFO] Downloaded from central: https://repo.maven.apache.org/maven2/jakarta/persistence/jakarta.persistence-api/3.1.0/jakarta.persistence-api-3.1.0.pom (16 kB at 239 kB/s)
verify	Build (skip ITs)	2026-09-27T10:31:25.2507762Z [INFO] Downloading from central: https://repo.maven.apache.org/maven2/jakarta/transaction/jakarta.transaction-api/2.0.1/jakarta.transaction-api-2.0.1.pom
verify	Build (skip ITs)	2026-09-27T10:31:25.3149033Z [INFO] Downloaded from central: https://repo.maven.apache.org/maven2/jakarta/transaction/jakarta.transaction-api/2.0.1/jakarta.transaction-api-2.0.1.pom (14 kB at 213 kB/s)
verify	Build (skip ITs)	2026-09-27T10:31:25.3160630Z [INFO] Downloading from central: https://repo.maven.apache.org/maven2/org/eclipse/ee4j/project/1.0.6/project-1.0.6.pom
verify	Build (skip ITs)	2026-09-27T10:31:25.3778929Z [INFO] Downloaded from central: https://repo.maven.apache.org/maven2/org/eclipse/ee4j/project/1.0.6/project-1.0.6.pom (13 kB at 215 kB/s)
verify	Build (skip ITs)	2026-09-27T10:31:25.3795599Z [INFO] Downloading from central: https://repo.maven.apache.org/maven2/org/jboss/logging/jboss-logging/3.6.1.Final/jboss-logging-3.6.1.Final.pom
verify	Build (skip ITs)	2026-09-27T10:31:25.4412081Z [INFO] Downloaded from central: https://repo.maven.apache.org/maven2/org/jboss/logging/jboss-logging/3.6.1.Final/jboss-logging-3.6.1.Final.pom (18 kB at 296 kB/s)
verify	Build (skip ITs)	2026-09-27T10:31:25.4424946Z [INFO] Downloading from central: https://repo.maven.apache.org/maven2/org/jboss/logging/logging-parent/1.0.3.Final/logging-parent-1.0.3.Final.pom
verify	Build (skip ITs)	2026-09-27T10:31:25.5066657Z [INFO] Downloaded from central: https://repo.maven.apache.org/maven2/org/jboss/logging/logging-parent/1.0.3.Final/logging-parent-1.0.3.Final.pom (5.7 kB at 88 kB/s)
verify	Build (skip ITs)	2026-09-27T10:31:25.5080210Z [INFO] Downloading from central: https://repo.maven.apache.org/maven2/org/jboss/jboss-parent/42/jboss-parent-42.pom
verify	Build (skip ITs)	2026-09-27T10:31:25.5702748Z [INFO] Downloaded from central: https://repo.maven.apache.org/maven2/org/jboss/jboss-parent/42/jboss-parent-42.pom (76 kB at 1.2 MB/s)
verify	Build (skip ITs)	2026-09-27T10:31:25.5751450Z [INFO] Downloading from central: https://repo.maven.apache.org/maven2/org/junit/junit-bom/5.11.0/junit-bom-5.11.0.pom
verify	Build (skip ITs)	2026-09-27T10:31:25.6360293Z [INFO] Downloaded from central: https://repo.maven.apache.org/maven2/org/junit/junit-bom/5.11.0/junit-bom-5.11.0.pom (5.6 kB at 93 kB/s)
verify	Build (skip ITs)	2026-09-27T10:31:25.6380409Z [INFO] Downloading from central: https://repo.maven.apache.org/maven2/org/hibernate/common/hibernate-commons-annotations/7.0.3.Final/hibernate-commons-annotations-7.0.3.Final.pom
verify	Build (skip ITs)	2026-09-27T10:31:25.7074543Z [INFO] Downloaded from central: https://repo.maven.apache.org/maven2/org/hibernate/common/hibernate-commons-annotations/7.0.3.Final/hibernate-commons-annotations-7.0.3.Final.pom (2.0 kB at 29 kB/s)
verify	Build (skip ITs)	2026-09-27T10:31:25.7090327Z [INFO] Downloading from central: https://repo.maven.apache.org/maven2/io/smallrye/jandex/3.2.0/jandex-3.2.0.pom
verify	Build (skip ITs)	2026-09-27T10:31:25.7706246Z [INFO] Downloaded from central: https://repo.maven.apache.org/maven2/io/smallrye/jandex/3.2.0/jandex-3.2.0.pom (7.0 kB at 112 kB/s)
verify	Build (skip ITs)	2026-09-27T10:31:25.7720638Z [INFO] Downloading from central: https://repo.maven.apache.org/maven2/io/smallrye/jandex-parent/3.2.0/jandex-parent-3.2.0.pom
verify	Build (skip ITs)	2026-09-27T10:31:25.8356358Z [INFO] Downloaded from central: https://repo.maven.apache.org/maven2/io/smallrye/jandex-parent/3.2.0/jandex-parent-3.2.0.pom (7.2 kB at 113 kB/s)
verify	Build (skip ITs)	2026-09-27T10:31:25.8369334Z [INFO] Downloading from central: https://repo.maven.apache.org/maven2/io/smallrye/smallrye-build-parent/42/smallrye-build-parent-42.pom
verify	Build (skip ITs)	2026-09-27T10:31:25.9006347Z [INFO] Downloaded from central: https://repo.maven.apache.org/maven2/io/smallrye/smallrye-build-parent/42/smallrye-build-parent-42.pom (39 kB at 613 kB/s)
verify	Build (skip ITs)	2026-09-27T10:31:25.9038695Z [INFO] Downloading from central: https://repo.maven.apache.org/maven2/com/fasterxml/classmate/1.7.0/classmate-1.7.0.pom
verify	Build (skip ITs)	2026-09-27T10:31:25.9669589Z [INFO] Downloaded from central: https://repo.maven.apache.org/maven2/com/fasterxml/classmate/1.7.0/classmate-1.7.0.pom (7.0 kB at 112 kB/s)
verify	Build (skip ITs)	2026-09-27T10:31:25.9681193Z [INFO] Downloading from central: https://repo.maven.apache.org/maven2/com/fasterxml/oss-parent/56/oss-parent-56.pom
verify	Build (skip ITs)	2026-09-27T10:31:26.0286752Z [INFO] Downloaded from central: https://repo.maven.apache.org/maven2/com/fasterxml/oss-parent/56/oss-parent-56.pom (24 kB at 386 kB/s)
verify	Build (skip ITs)	2026-09-27T10:31:26.0309531Z [INFO] Downloading from central: https://repo.maven.apache.org/maven2/net/bytebuddy/byte-buddy/1.17.7/byte-buddy-1.17.7.pom
verify	Build (skip ITs)	2026-09-27T10:31:26.0944899Z [INFO] Downloaded from central: https://repo.maven.apache.org/maven2/net/bytebuddy/byte-buddy/1.17.7/byte-buddy-1.17.7.pom (19 kB at 303 kB/s)
verify	Build (skip ITs)	2026-09-27T10:31:26.0959638Z [INFO] Downloading from central: https://repo.maven.apache.org/maven2/net/bytebuddy/byte-buddy-parent/1.17.7/byte-buddy-parent-1.17.7.pom
verify	Build (skip ITs)	2026-09-27T10:31:26.1587627Z [INFO] Downloaded from central: https://repo.maven.apache.org/maven2/net/bytebuddy/byte-buddy-parent/1.17.7/byte-buddy-parent-1.17.7.pom (65 kB at 1.0 MB/s)
verify	Build (skip ITs)	2026-09-27T10:31:26.1625962Z [INFO] Downloading from central: https://repo.maven.apache.org/maven2/jakarta/xml/bind/jakarta.xml.bind-api/4.0.2/jakarta.xml.bind-api-4.0.2.pom
verify	Build (skip ITs)	2026-09-27T10:31:26.2246169Z [INFO] Downloaded from central: https://repo.maven.apache.org/maven2/jakarta/xml/bind/jakarta.xml.bind-api/4.0.2/jakarta.xml.bind-api-4.0.2.pom (13 kB at 205 kB/s)
verify	Build (skip ITs)	2026-09-27T10:31:26.2262359Z [INFO] Downloading from central: https://repo.maven.apache.org/maven2/jakarta/xml/bind/jakarta.xml.bind-api-parent/4.0.2/jakarta.xml.bind-api-parent-4.0.2.pom
verify	Build (skip ITs)	2026-09-27T10:31:26.2871162Z [INFO] Downloaded from central: https://repo.maven.apache.org/maven2/jakarta/xml/bind/jakarta.xml.bind-api-parent/4.0.2/jakarta.xml.bind-api-parent-4.0.2.pom (9.1 kB at 152 kB/s)
verify	Build (skip ITs)	2026-09-27T10:31:26.2905551Z [INFO] Downloading from central: https://repo.maven.apache.org/maven2/jakarta/activation/jakarta.activation-api/2.1.3/jakarta.activation-api-2.1.3.pom
verify	Build (skip ITs)	2026-09-27T10:31:26.3538143Z [INFO] Downloaded from central: https://repo.maven.apache.org/maven2/jakarta/activation/jakarta.activation-api/2.1.3/jakarta.activation-api-2.1.3.pom (19 kB at 294 kB/s)
verify	Build (skip ITs)	2026-09-27T10:31:26.3564618Z [INFO] Downloading from central: https://repo.maven.apache.org/maven2/org/glassfish/jaxb/jaxb-runtime/4.0.5/jaxb-runtime-4.0.5.pom
verify	Build (skip ITs)	2026-09-27T10:31:26.4170045Z [INFO] Downloaded from central: https://repo.maven.apache.org/maven2/org/glassfish/jaxb/jaxb-runtime/4.0.5/jaxb-runtime-4.0.5.pom (11 kB at 181 kB/s)
verify	Build (skip ITs)	2026-09-27T10:31:26.4185765Z [INFO] Downloading from central: https://repo.maven.apache.org/maven2/com/sun/xml/bind/mvn/jaxb-runtime-parent/4.0.5/jaxb-runtime-parent-4.0.5.pom
verify	Build (skip ITs)	2026-09-27T10:31:26.4806998Z [INFO] Downloaded from central: https://repo.maven.apache.org/maven2/com/sun/xml/bind/mvn/jaxb-runtime-parent/4.0.5/jaxb-runtime-parent-4.0.5.pom (1.2 kB at 19 kB/s)
verify	Build (skip ITs)	2026-09-27T10:31:26.4852996Z [INFO] Downloading from central: https://repo.maven.apache.org/maven2/com/sun/xml/bind/mvn/jaxb-parent/4.0.5/jaxb-parent-4.0.5.pom
verify	Build (skip ITs)	2026-09-27T10:31:26.5473530Z [INFO] Downloaded from central: https://repo.maven.apache.org/maven2/com/sun/xml/bind/mvn/jaxb-parent/4.0.5/jaxb-parent-4.0.5.pom (35 kB at 565 kB/s)
verify	Build (skip ITs)	2026-09-27T10:31:26.5491981Z [INFO] Downloading from central: https://repo.maven.apache.org/maven2/com/sun/xml/bind/jaxb-bom-ext/4.0.5/jaxb-bom-ext-4.0.5.pom
verify	Build (skip ITs)	2026-09-27T10:31:26.6117022Z [INFO] Downloaded from central: https://repo.maven.apache.org/maven2/com/sun/xml/bind/jaxb-bom-ext/4.0.5/jaxb-bom-ext-4.0.5.pom (3.5 kB at 55 kB/s)
verify	Build (skip ITs)	2026-09-27T10:31:26.6149538Z [INFO] Downloading from central: https://repo.maven.apache.org/maven2/org/glassfish/jaxb/jaxb-core/4.0.5/jaxb-core-4.0.5.pom
verify	Build (skip ITs)	2026-09-27T10:31:26.6767970Z [INFO] Downloaded from central: https://repo.maven.apache.org/maven2/org/glassfish/jaxb/jaxb-core/4.0.5/jaxb-core-4.0.5.pom (3.7 kB at 60 kB/s)
verify	Build (skip ITs)	2026-09-27T10:31:26.6803294Z [INFO] Downloading from central: https://repo.maven.apache.org/maven2/org/eclipse/angus/angus-activation/2.0.2/angus-activation-2.0.2.pom
verify	Build (skip ITs)	2026-09-27T10:31:26.7492510Z [INFO] Downloaded from central: https://repo.maven.apache.org/maven2/org/eclipse/angus/angus-activation/2.0.2/angus-activation-2.0.2.pom (4.0 kB at 59 kB/s)
verify	Build (skip ITs)	2026-09-27T10:31:26.7505986Z [INFO] Downloading from central: https://repo.maven.apache.org/maven2/org/eclipse/angus/angus-activation-project/2.0.2/angus-activation-project-2.0.2.pom
verify	Build (skip ITs)	2026-09-27T10:31:26.8186603Z [INFO] Downloaded from central: https://repo.maven.apache.org/maven2/org/eclipse/angus/angus-activation-project/2.0.2/angus-activation-project-2.0.2.pom (21 kB at 307 kB/s)
verify	Build (skip ITs)	2026-09-27T10:31:26.8212402Z [INFO] Downloading from central: https://repo.maven.apache.org/maven2/org/glassfish/jaxb/txw2/4.0.5/txw2-4.0.5.pom
verify	Build (skip ITs)	2026-09-27T10:31:26.8804317Z [INFO] Downloaded from central: https://repo.maven.apache.org/maven2/org/glassfish/jaxb/txw2/4.0.5/txw2-4.0.5.pom (1.8 kB at 30 kB/s)
verify	Build (skip ITs)	2026-09-27T10:31:26.8819499Z [INFO] Downloading from central: https://repo.maven.apache.org/maven2/com/sun/xml/bind/mvn/jaxb-txw-parent/4.0.5/jaxb-txw-parent-4.0.5.pom
verify	Build (skip ITs)	2026-09-27T10:31:26.9428830Z [INFO] Downloaded from central: https://repo.maven.apache.org/maven2/com/sun/xml/bind/mvn/jaxb-txw-parent/4.0.5/jaxb-txw-parent-4.0.5.pom (1.2 kB at 20 kB/s)
verify	Build (skip ITs)	2026-09-27T10:31:26.9451367Z [INFO] Downloading from central: https://repo.maven.apache.org/maven2/com/sun/istack/istack-commons-runtime/4.1.2/istack-commons-runtime-4.1.2.pom
verify	Build (skip ITs)	2026-09-27T10:31:27.0067351Z [INFO] Downloaded from central: https://repo.maven.apache.org/maven2/com/sun/istack/istack-commons-runtime/4.1.2/istack-commons-runtime-4.1.2.pom (1.6 kB at 26 kB/s)
verify	Build (skip ITs)	2026-09-27T10:31:27.0078885Z [INFO] Downloading from central: https://repo.maven.apache.org/maven2/com/sun/istack/istack-commons/4.1.2/istack-commons-4.1.2.pom
verify	Build (skip ITs)	2026-09-27T10:31:27.0734370Z [INFO] Downloaded from central: https://repo.maven.apache.org/maven2/com/sun/istack/istack-commons/4.1.2/istack-commons-4.1.2.pom (26 kB at 399 kB/s)
verify	Build (skip ITs)	2026-09-27T10:31:27.0753735Z [INFO] Downloading from central: https://repo.maven.apache.org/maven2/jakarta/inject/jakarta.inject-api/2.0.1/jakarta.inject-api-2.0.1.pom
verify	Build (skip ITs)	2026-09-27T10:31:27.1412164Z [INFO] Downloaded from central: https://repo.maven.apache.org/maven2/jakarta/inject/jakarta.inject-api/2.0.1/jakarta.inject-api-2.0.1.pom (5.9 kB at 91 kB/s)
verify	Build (skip ITs)	2026-09-27T10:31:27.1425620Z [INFO] Downloading from central: https://repo.maven.apache.org/maven2/org/antlr/antlr4-runtime/4.13.0/antlr4-runtime-4.13.0.pom
verify	Build (skip ITs)	2026-09-27T10:31:27.2051626Z [INFO] Downloaded from central: https://repo.maven.apache.org/maven2/org/antlr/antlr4-runtime/4.13.0/antlr4-runtime-4.13.0.pom (3.6 kB at 57 kB/s)
verify	Build (skip ITs)	2026-09-27T10:31:27.2061589Z [INFO] Downloading from central: https://repo.maven.apache.org/maven2/org/antlr/antlr4-master/4.13.0/antlr4-master-4.13.0.pom
verify	Build (skip ITs)	2026-09-27T10:31:27.2700288Z [INFO] Downloaded from central: https://repo.maven.apache.org/maven2/org/antlr/antlr4-master/4.13.0/antlr4-master-4.13.0.pom (4.8 kB at 75 kB/s)
verify	Build (skip ITs)	2026-09-27T10:31:27.2714448Z [INFO] Downloading from central: https://repo.maven.apache.org/maven2/org/sonatype/oss/oss-parent/9/oss-parent-9.pom
verify	Build (skip ITs)	2026-09-27T10:31:27.3320183Z [INFO] Downloaded from central: https://repo.maven.apache.org/maven2/org/sonatype/oss/oss-parent/9/oss-parent-9.pom (6.6 kB at 109 kB/s)
verify	Build (skip ITs)	2026-09-27T10:31:27.3341803Z [INFO] Downloading from central: https://repo.maven.apache.org/maven2/org/springframework/data/spring-data-jpa/3.5.3/spring-data-jpa-3.5.3.pom
verify	Build (skip ITs)	2026-09-27T10:31:27.3966470Z [INFO] Downloaded from central: https://repo.maven.apache.org/maven2/org/springframework/data/spring-data-jpa/3.5.3/spring-data-jpa-3.5.3.pom (12 kB at 198 kB/s)
verify	Build (skip ITs)	2026-09-27T10:31:27.3980955Z [INFO] Downloading from central: https://repo.maven.apache.org/maven2/org/springframework/data/spring-data-jpa-parent/3.5.3/spring-data-jpa-parent-3.5.3.pom
verify	Build (skip ITs)	2026-09-27T10:31:27.4623999Z [INFO] Downloaded from central: https://repo.maven.apache.org/maven2/org/springframework/data/spring-data-jpa-parent/3.5.3/spring-data-jpa-parent-3.5.3.pom (5.2 kB at 80 kB/s)
verify	Build (skip ITs)	2026-09-27T10:31:27.4637515Z [INFO] Downloading from central: https://repo.maven.apache.org/maven2/org/springframework/data/build/spring-data-parent/3.5.3/spring-data-parent-3.5.3.pom
verify	Build (skip ITs)	2026-09-27T10:31:27.5277313Z [INFO] Downloaded from central: https://repo.maven.apache.org/maven2/org/springframework/data/build/spring-data-parent/3.5.3/spring-data-parent-3.5.3.pom (43 kB at 674 kB/s)
verify	Build (skip ITs)	2026-09-27T10:31:27.5297856Z [INFO] Downloading from central: https://repo.maven.apache.org/maven2/org/springframework/data/build/spring-data-build/3.5.3/spring-data-build-3.5.3.pom
verify	Build (skip ITs)	2026-09-27T10:31:27.5894998Z [INFO] Downloaded from central: https://repo.maven.apache.org/maven2/org/springframework/data/build/spring-data-build/3.5.3/spring-data-build-3.5.3.pom (7.1 kB at 119 kB/s)
verify	Build (skip ITs)	2026-09-27T10:31:27.5921416Z [INFO] Downloading from central: https://repo.maven.apache.org/maven2/org/testcontainers/testcontainers-bom/1.20.6/testcontainers-bom-1.20.6.pom
verify	Build (skip ITs)	2026-09-27T10:31:27.6577423Z [INFO] Downloaded from central: https://repo.maven.apache.org/maven2/org/testcontainers/testcontainers-bom/1.20.6/testcontainers-bom-1.20.6.pom (12 kB at 175 kB/s)
verify	Build (skip ITs)	2026-09-27T10:31:27.6623923Z [INFO] Downloading from central: https://repo.maven.apache.org/maven2/org/jetbrains/kotlinx/kotlinx-coroutines-bom/1.9.0/kotlinx-coroutines-bom-1.9.0.pom
verify	Build (skip ITs)	2026-09-27T10:31:27.7250314Z [INFO] Downloaded from central: https://repo.maven.apache.org/maven2/org/jetbrains/kotlinx/kotlinx-coroutines-bom/1.9.0/kotlinx-coroutines-bom-1.9.0.pom (4.3 kB at 69 kB/s)
verify	Build (skip ITs)	2026-09-27T10:31:27.7263024Z [INFO] Downloading from central: https://repo.maven.apache.org/maven2/com/fasterxml/jackson/jackson-bom/2.19.0/jackson-bom-2.19.0.pom
verify	Build (skip ITs)	2026-09-27T10:31:27.7866075Z [INFO] Downloaded from central: https://repo.maven.apache.org/maven2/com/fasterxml/jackson/jackson-bom/2.19.0/jackson-bom-2.19.0.pom (20 kB at 329 kB/s)
verify	Build (skip ITs)	2026-09-27T10:31:27.7881752Z [INFO] Downloading from central: https://repo.maven.apache.org/maven2/com/fasterxml/jackson/jackson-parent/2.19/jackson-parent-2.19.pom
verify	Build (skip ITs)	2026-09-27T10:31:27.8500800Z [INFO] Downloaded from central: https://repo.maven.apache.org/maven2/com/fasterxml/jackson/jackson-parent/2.19/jackson-parent-2.19.pom (6.7 kB at 108 kB/s)
verify	Build (skip ITs)	2026-09-27T10:31:27.8517521Z [INFO] Downloading from central: https://repo.maven.apache.org/maven2/com/fasterxml/oss-parent/65/oss-parent-65.pom
verify	Build (skip ITs)	2026-09-27T10:31:27.9125821Z [INFO] Downloaded from central: https://repo.maven.apache.org/maven2/com/fasterxml/oss-parent/65/oss-parent-65.pom (23 kB at 370 kB/s)
verify	Build (skip ITs)	2026-09-27T10:31:27.9169742Z [INFO] Downloading from central: https://repo.maven.apache.org/maven2/org/springframework/data/spring-data-commons/3.5.3/spring-data-commons-3.5.3.pom
verify	Build (skip ITs)	2026-09-27T10:31:27.9844960Z [INFO] Downloaded from central: https://repo.maven.apache.org/maven2/org/springframework/data/spring-data-commons/3.5.3/spring-data-commons-3.5.3.pom (9.9 kB at 146 kB/s)
verify	Build (skip ITs)	2026-09-27T10:31:27.9889000Z [INFO] Downloading from central: https://repo.maven.apache.org/maven2/org/springframework/spring-orm/6.2.10/spring-orm-6.2.10.pom
verify	Build (skip ITs)	2026-09-27T10:31:28.0525852Z [INFO] Downloaded from central: https://repo.maven.apache.org/maven2/org/springframework/spring-orm/6.2.10/spring-orm-6.2.10.pom (2.6 kB at 41 kB/s)
verify	Build (skip ITs)	2026-09-27T10:31:28.0557021Z [INFO] Downloading from central: https://repo.maven.apache.org/maven2/org/springframework/spring-aspects/6.2.10/spring-aspects-6.2.10.pom
verify	Build (skip ITs)	2026-09-27T10:31:28.1188121Z [INFO] Downloaded from central: https://repo.maven.apache.org/maven2/org/springframework/spring-aspects/6.2.10/spring-aspects-6.2.10.pom (2.0 kB at 32 kB/s)
verify	Build (skip ITs)	2026-09-27T10:31:28.1206671Z [INFO] Downloading from central: https://repo.maven.apache.org/maven2/org/aspectj/aspectjweaver/1.9.24/aspectjweaver-1.9.24.pom
verify	Build (skip ITs)	2026-09-27T10:31:28.1830480Z [INFO] Downloaded from central: https://repo.maven.apache.org/maven2/org/aspectj/aspectjweaver/1.9.24/aspectjweaver-1.9.24.pom (2.2 kB at 36 kB/s)
verify	Build (skip ITs)	2026-09-27T10:31:28.1845741Z [INFO] Downloading from central: https://repo.maven.apache.org/maven2/org/springframework/boot/spring-boot-starter-validation/3.5.5/spring-boot-starter-validation-3.5.5.pom
verify	Build (skip ITs)	2026-09-27T10:31:28.2459728Z [INFO] Downloaded from central: https://repo.maven.apache.org/maven2/org/springframework/boot/spring-boot-starter-validation/3.5.5/spring-boot-starter-validation-3.5.5.pom (2.5 kB at 41 kB/s)
verify	Build (skip ITs)	2026-09-27T10:31:28.2481811Z [INFO] Downloading from central: https://repo.maven.apache.org/maven2/org/hibernate/validator/hibernate-validator/8.0.3.Final/hibernate-validator-8.0.3.Final.pom
verify	Build (skip ITs)	2026-09-27T10:31:28.3125301Z [INFO] Downloaded from central: https://repo.maven.apache.org/maven2/org/hibernate/validator/hibernate-validator/8.0.3.Final/hibernate-validator-8.0.3.Final.pom (5.3 kB at 82 kB/s)
verify	Build (skip ITs)	2026-09-27T10:31:28.3140757Z [INFO] Downloading from central: https://repo.maven.apache.org/maven2/jakarta/validation/jakarta.validation-api/3.0.2/jakarta.validation-api-3.0.2.pom
verify	Build (skip ITs)	2026-09-27T10:31:28.3822847Z [INFO] Downloaded from central: https://repo.maven.apache.org/maven2/jakarta/validation/jakarta.validation-api/3.0.2/jakarta.validation-api-3.0.2.pom (11 kB at 162 kB/s)
verify	Build (skip ITs)	2026-09-27T10:31:28.3842598Z [INFO] Downloading from central: https://repo.maven.apache.org/maven2/org/springframework/boot/spring-boot-starter-security/3.5.5/spring-boot-starter-security-3.5.5.pom
verify	Build (skip ITs)	2026-09-27T10:31:28.4475392Z [INFO] Downloaded from central: https://repo.maven.apache.org/maven2/org/springframework/boot/spring-boot-starter-security/3.5.5/spring-boot-starter-security-3.5.5.pom (2.7 kB at 42 kB/s)
verify	Build (skip ITs)	2026-09-27T10:31:28.4496863Z [INFO] Downloading from central: https://repo.maven.apache.org/maven2/org/springframework/security/spring-security-config/6.5.3/spring-security-config-6.5.3.pom
verify	Build (skip ITs)	2026-09-27T10:31:28.5121450Z [INFO] Downloaded from central: https://repo.maven.apache.org/maven2/org/springframework/security/spring-security-config/6.5.3/spring-security-config-6.5.3.pom (2.8 kB at 46 kB/s)
verify	Build (skip ITs)	2026-09-27T10:31:28.5136096Z [INFO] Downloading from central: https://repo.maven.apache.org/maven2/org/springframework/security/spring-security-core/6.5.3/spring-security-core-6.5.3.pom
verify	Build (skip ITs)	2026-09-27T10:31:28.5752118Z [INFO] Downloaded from central: https://repo.maven.apache.org/maven2/org/springframework/security/spring-security-core/6.5.3/spring-security-core-6.5.3.pom (3.2 kB at 53 kB/s)
verify	Build (skip ITs)	2026-09-27T10:31:28.5766252Z [INFO] Downloading from central: https://repo.maven.apache.org/maven2/org/springframework/security/spring-security-crypto/6.5.3/spring-security-crypto-6.5.3.pom
verify	Build (skip ITs)	2026-09-27T10:31:28.6387549Z [INFO] Downloaded from central: https://repo.maven.apache.org/maven2/org/springframework/security/spring-security-crypto/6.5.3/spring-security-crypto-6.5.3.pom (1.9 kB at 30 kB/s)
verify	Build (skip ITs)	2026-09-27T10:31:28.6406432Z [INFO] Downloading from central: https://repo.maven.apache.org/maven2/org/springframework/security/spring-security-web/6.5.3/spring-security-web-6.5.3.pom
verify	Build (skip ITs)	2026-09-27T10:31:28.7030996Z [INFO] Downloaded from central: https://repo.maven.apache.org/maven2/org/springframework/security/spring-security-web/6.5.3/spring-security-web-6.5.3.pom (3.2 kB at 52 kB/s)
verify	Build (skip ITs)	2026-09-27T10:31:28.7051713Z [INFO] Downloading from central: https://repo.maven.apache.org/maven2/org/springframework/boot/spring-boot-starter-actuator/3.5.5/spring-boot-starter-actuator-3.5.5.pom
verify	Build (skip ITs)	2026-09-27T10:31:28.7692273Z [INFO] Downloaded from central: https://repo.maven.apache.org/maven2/org/springframework/boot/spring-boot-starter-actuator/3.5.5/spring-boot-starter-actuator-3.5.5.pom (2.8 kB at 43 kB/s)
verify	Build (skip ITs)	2026-09-27T10:31:28.7713848Z [INFO] Downloading from central: https://repo.maven.apache.org/maven2/org/springframework/boot/spring-boot-actuator-autoconfigure/3.5.5/spring-boot-actuator-autoconfigure-3.5.5.pom
verify	Build (skip ITs)	2026-09-27T10:31:28.8340194Z [INFO] Downloaded from central: https://repo.maven.apache.org/maven2/org/springframework/boot/spring-boot-actuator-autoconfigure/3.5.5/spring-boot-actuator-autoconfigure-3.5.5.pom (2.9 kB at 47 kB/s)
verify	Build (skip ITs)	2026-09-27T10:31:28.8354048Z [INFO] Downloading from central: https://repo.maven.apache.org/maven2/org/springframework/boot/spring-boot-actuator/3.5.5/spring-boot-actuator-3.5.5.pom
verify	Build (skip ITs)	2026-09-27T10:31:28.8968750Z [INFO] Downloaded from central: https://repo.maven.apache.org/maven2/org/springframework/boot/spring-boot-actuator/3.5.5/spring-boot-actuator-3.5.5.pom (2.0 kB at 34 kB/s)
verify	Build (skip ITs)	2026-09-27T10:31:28.9020063Z [INFO] Downloading from central: https://repo.maven.apache.org/maven2/io/micrometer/micrometer-jakarta9/1.15.3/micrometer-jakarta9-1.15.3.pom
verify	Build (skip ITs)	2026-09-27T10:31:28.9658795Z [INFO] Downloaded from central: https://repo.maven.apache.org/maven2/io/micrometer/micrometer-jakarta9/1.15.3/micrometer-jakarta9-1.15.3.pom (3.8 kB at 59 kB/s)
verify	Build (skip ITs)	2026-09-27T10:31:28.9672365Z [INFO] Downloading from central: https://repo.maven.apache.org/maven2/io/micrometer/micrometer-core/1.15.3/micrometer-core-1.15.3.pom
verify	Build (skip ITs)	2026-09-27T10:31:29.0283597Z [INFO] Downloaded from central: https://repo.maven.apache.org/maven2/io/micrometer/micrometer-core/1.15.3/micrometer-core-1.15.3.pom (11 kB at 180 kB/s)
verify	Build (skip ITs)	2026-09-27T10:31:29.0299399Z [INFO] Downloading from central: https://repo.maven.apache.org/maven2/org/hdrhistogram/HdrHistogram/2.2.2/HdrHistogram-2.2.2.pom
verify	Build (skip ITs)	2026-09-27T10:31:29.0932575Z [INFO] Downloaded from central: https://repo.maven.apache.org/maven2/org/hdrhistogram/HdrHistogram/2.2.2/HdrHistogram-2.2.2.pom (13 kB at 201 kB/s)
verify	Build (skip ITs)	2026-09-27T10:31:29.0950231Z [INFO] Downloading from central: https://repo.maven.apache.org/maven2/org/latencyutils/LatencyUtils/2.0.3/LatencyUtils-2.0.3.pom
verify	Build (skip ITs)	2026-09-27T10:31:29.1567464Z [INFO] Downloaded from central: https://repo.maven.apache.org/maven2/org/latencyutils/LatencyUtils/2.0.3/LatencyUtils-2.0.3.pom (7.2 kB at 117 kB/s)
verify	Build (skip ITs)	2026-09-27T10:31:29.1590566Z [INFO] Downloading from central: https://repo.maven.apache.org/maven2/org/springframework/boot/spring-boot-starter-aop/3.5.5/spring-boot-starter-aop-3.5.5.pom
verify	Build (skip ITs)	2026-09-27T10:31:29.2215425Z [INFO] Downloaded from central: https://repo.maven.apache.org/maven2/org/springframework/boot/spring-boot-starter-aop/3.5.5/spring-boot-starter-aop-3.5.5.pom (2.5 kB at 39 kB/s)
verify	Build (skip ITs)	2026-09-27T10:31:29.2236011Z [INFO] Downloading from central: https://repo.maven.apache.org/maven2/org/postgresql/postgresql/42.7.7/postgresql-42.7.7.pom
verify	Build (skip ITs)	2026-09-27T10:31:29.2864576Z [INFO] Downloaded from central: https://repo.maven.apache.org/maven2/org/postgresql/postgresql/42.7.7/postgresql-42.7.7.pom (3.3 kB at 53 kB/s)
verify	Build (skip ITs)	2026-09-27T10:31:29.2888126Z [INFO] Downloading from central: https://repo.maven.apache.org/maven2/org/checkerframework/checker-qual/3.49.3/checker-qual-3.49.3.pom
verify	Build (skip ITs)	2026-09-27T10:31:29.3511317Z [INFO] Downloaded from central: https://repo.maven.apache.org/maven2/org/checkerframework/checker-qual/3.49.3/checker-qual-3.49.3.pom (2.1 kB at 34 kB/s)
verify	Build (skip ITs)	2026-09-27T10:31:29.3525743Z [INFO] Downloading from central: https://repo.maven.apache.org/maven2/org/flywaydb/flyway-core/11.7.2/flyway-core-11.7.2.pom
verify	Build (skip ITs)	2026-09-27T10:31:29.4130125Z [INFO] Downloaded from central: https://repo.maven.apache.org/maven2/org/flywaydb/flyway-core/11.7.2/flyway-core-11.7.2.pom (5.6 kB at 94 kB/s)
verify	Build (skip ITs)	2026-09-27T10:31:29.4143113Z [INFO] Downloading from central: https://repo.maven.apache.org/maven2/org/flywaydb/flyway-parent/11.7.2/flyway-parent-11.7.2.pom
verify	Build (skip ITs)	2026-09-27T10:31:29.4760832Z [INFO] Downloaded from central: https://repo.maven.apache.org/maven2/org/flywaydb/flyway-parent/11.7.2/flyway-parent-11.7.2.pom (36 kB at 597 kB/s)
verify	Build (skip ITs)	2026-09-27T10:31:29.4788957Z [INFO] Downloading from central: https://repo.maven.apache.org/maven2/com/fasterxml/jackson/dataformat/jackson-dataformat-toml/2.19.2/jackson-dataformat-toml-2.19.2.pom
verify	Build (skip ITs)	2026-09-27T10:31:29.5418025Z [INFO] Downloaded from central: https://repo.maven.apache.org/maven2/com/fasterxml/jackson/dataformat/jackson-dataformat-toml/2.19.2/jackson-dataformat-toml-2.19.2.pom (3.9 kB at 61 kB/s)
verify	Build (skip ITs)	2026-09-27T10:31:29.5429807Z [INFO] Downloading from central: https://repo.maven.apache.org/maven2/com/fasterxml/jackson/dataformat/jackson-dataformats-text/2.19.2/jackson-dataformats-text-2.19.2.pom
verify	Build (skip ITs)	2026-09-27T10:31:29.6063948Z [INFO] Downloaded from central: https://repo.maven.apache.org/maven2/com/fasterxml/jackson/dataformat/jackson-dataformats-text/2.19.2/jackson-dataformats-text-2.19.2.pom (3.5 kB at 54 kB/s)
verify	Build (skip ITs)	2026-09-27T10:31:29.6092428Z [INFO] Downloading from central: https://repo.maven.apache.org/maven2/org/mapstruct/mapstruct/1.6.3/mapstruct-1.6.3.pom
verify	Build (skip ITs)	2026-09-27T10:31:29.6704536Z [INFO] Downloaded from central: https://repo.maven.apache.org/maven2/org/mapstruct/mapstruct/1.6.3/mapstruct-1.6.3.pom (1.7 kB at 29 kB/s)
verify	Build (skip ITs)	2026-09-27T10:31:29.6716193Z [INFO] Downloading from central: https://repo.maven.apache.org/maven2/org/mapstruct/mapstruct-parent/1.6.3/mapstruct-parent-1.6.3.pom
verify	Build (skip ITs)	2026-09-27T10:31:29.7324501Z [INFO] Downloaded from central: https://repo.maven.apache.org/maven2/org/mapstruct/mapstruct-parent/1.6.3/mapstruct-parent-1.6.3.pom (1.6 kB at 25 kB/s)
verify	Build (skip ITs)	2026-09-27T10:31:29.7338522Z [INFO] Downloading from central: https://repo.maven.apache.org/maven2/io/jsonwebtoken/jjwt-api/0.11.5/jjwt-api-0.11.5.pom
verify	Build (skip ITs)	2026-09-27T10:31:29.7959659Z [INFO] Downloaded from central: https://repo.maven.apache.org/maven2/io/jsonwebtoken/jjwt-api/0.11.5/jjwt-api-0.11.5.pom (1.8 kB at 29 kB/s)
verify	Build (skip ITs)	2026-09-27T10:31:29.7969536Z [INFO] Downloading from central: https://repo.maven.apache.org/maven2/io/jsonwebtoken/jjwt-root/0.11.5/jjwt-root-0.11.5.pom
verify	Build (skip ITs)	2026-09-27T10:31:29.8614969Z [INFO] Downloaded from central: https://repo.maven.apache.org/maven2/io/jsonwebtoken/jjwt-root/0.11.5/jjwt-root-0.11.5.pom (29 kB at 446 kB/s)
verify	Build (skip ITs)	2026-09-27T10:31:29.8642410Z [INFO] Downloading from central: https://repo.maven.apache.org/maven2/io/jsonwebtoken/jjwt-impl/0.11.5/jjwt-impl-0.11.5.pom
verify	Build (skip ITs)	2026-09-27T10:31:29.9296819Z [INFO] Downloaded from central: https://repo.maven.apache.org/maven2/io/jsonwebtoken/jjwt-impl/0.11.5/jjwt-impl-0.11.5.pom (2.3 kB at 36 kB/s)
verify	Build (skip ITs)	2026-09-27T10:31:29.9329635Z [INFO] Downloading from central: https://repo.maven.apache.org/maven2/io/jsonwebtoken/jjwt-jackson/0.11.5/jjwt-jackson-0.11.5.pom
verify	Build (skip ITs)	2026-09-27T10:31:29.9910283Z [INFO] Downloaded from central: https://repo.maven.apache.org/maven2/io/jsonwebtoken/jjwt-jackson/0.11.5/jjwt-jackson-0.11.5.pom (3.3 kB at 57 kB/s)
verify	Build (skip ITs)	2026-09-27T10:31:29.9935546Z [INFO] Downloading from central: https://repo.maven.apache.org/maven2/net/logstash/logback/logstash-logback-encoder/9.0/logstash-logback-encoder-9.0.pom
verify	Build (skip ITs)	2026-09-27T10:31:30.0568845Z [INFO] Downloaded from central: https://repo.maven.apache.org/maven2/net/logstash/logback/logstash-logback-encoder/9.0/logstash-logback-encoder-9.0.pom (5.3 kB at 83 kB/s)
verify	Build (skip ITs)	2026-09-27T10:31:30.0590577Z [INFO] Downloading from central: https://repo.maven.apache.org/maven2/tools/jackson/core/jackson-databind/3.0.1/jackson-databind-3.0.1.pom
verify	Build (skip ITs)	2026-09-27T10:31:30.1269399Z [INFO] Downloaded from central: https://repo.maven.apache.org/maven2/tools/jackson/core/jackson-databind/3.0.1/jackson-databind-3.0.1.pom (18 kB at 265 kB/s)
verify	Build (skip ITs)	2026-09-27T10:31:30.1282960Z [INFO] Downloading from central: https://repo.maven.apache.org/maven2/tools/jackson/jackson-base/3.0.1/jackson-base-3.0.1.pom
verify	Build (skip ITs)	2026-09-27T10:31:30.1904243Z [INFO] Downloaded from central: https://repo.maven.apache.org/maven2/tools/jackson/jackson-base/3.0.1/jackson-base-3.0.1.pom (16 kB at 253 kB/s)
verify	Build (skip ITs)	2026-09-27T10:31:30.1915844Z [INFO] Downloading from central: https://repo.maven.apache.org/maven2/tools/jackson/jackson-bom/3.0.1/jackson-bom-3.0.1.pom
verify	Build (skip ITs)	2026-09-27T10:31:30.2529175Z [INFO] Downloaded from central: https://repo.maven.apache.org/maven2/tools/jackson/jackson-bom/3.0.1/jackson-bom-3.0.1.pom (20 kB at 325 kB/s)
verify	Build (skip ITs)	2026-09-27T10:31:30.2542855Z [INFO] Downloading from central: https://repo.maven.apache.org/maven2/com/fasterxml/oss-parent/73/oss-parent-73.pom
verify	Build (skip ITs)	2026-09-27T10:31:30.3143245Z [INFO] Downloaded from central: https://repo.maven.apache.org/maven2/com/fasterxml/oss-parent/73/oss-parent-73.pom (24 kB at 400 kB/s)
verify	Build (skip ITs)	2026-09-27T10:31:30.3169195Z [INFO] Downloading from central: https://repo.maven.apache.org/maven2/org/junit/junit-bom/5.13.4/junit-bom-5.13.4.pom
verify	Build (skip ITs)	2026-09-27T10:31:30.3771541Z [INFO] Downloaded from central: https://repo.maven.apache.org/maven2/org/junit/junit-bom/5.13.4/junit-bom-5.13.4.pom (5.7 kB at 93 kB/s)
verify	Build (skip ITs)	2026-09-27T10:31:30.3788897Z [INFO] Downloading from central: https://repo.maven.apache.org/maven2/tools/jackson/core/jackson-core/3.0.1/jackson-core-3.0.1.pom
verify	Build (skip ITs)	2026-09-27T10:31:30.4411817Z [INFO] Downloaded from central: https://repo.maven.apache.org/maven2/tools/jackson/core/jackson-core/3.0.1/jackson-core-3.0.1.pom (10 kB at 163 kB/s)
verify	Build (skip ITs)	2026-09-27T10:31:30.4441301Z [INFO] Downloading from central: https://repo.maven.apache.org/maven2/org/springdoc/springdoc-openapi-starter-webmvc-ui/2.8.13/springdoc-openapi-starter-webmvc-ui-2.8.13.pom
verify	Build (skip ITs)	2026-09-27T10:31:30.5089697Z [INFO] Downloaded from central: https://repo.maven.apache.org/maven2/org/springdoc/springdoc-openapi-starter-webmvc-ui/2.8.13/springdoc-openapi-starter-webmvc-ui-2.8.13.pom (2.0 kB at 31 kB/s)
verify	Build (skip ITs)	2026-09-27T10:31:30.5100020Z [INFO] Downloading from central: https://repo.maven.apache.org/maven2/org/springdoc/springdoc-openapi/2.8.13/springdoc-openapi-2.8.13.pom
verify	Build (skip ITs)	2026-09-27T10:31:30.5693112Z [INFO] Downloaded from central: https://repo.maven.apache.org/maven2/org/springdoc/springdoc-openapi/2.8.13/springdoc-openapi-2.8.13.pom (8.4 kB at 140 kB/s)
verify	Build (skip ITs)	2026-09-27T10:31:30.5731333Z [INFO] Downloading from central: https://repo.maven.apache.org/maven2/org/springframework/cloud/spring-cloud-function-dependencies/4.2.2/spring-cloud-function-dependencies-4.2.2.pom
verify	Build (skip ITs)	2026-09-27T10:31:30.6339834Z [INFO] Downloaded from central: https://repo.maven.apache.org/maven2/org/springframework/cloud/spring-cloud-function-dependencies/4.2.2/spring-cloud-function-dependencies-4.2.2.pom (6.8 kB at 111 kB/s)
verify	Build (skip ITs)	2026-09-27T10:31:30.6351421Z [INFO] Downloading from central: https://repo.maven.apache.org/maven2/org/springframework/cloud/spring-cloud-dependencies-parent/4.2.1/spring-cloud-dependencies-parent-4.2.1.pom
verify	Build (skip ITs)	2026-09-27T10:31:30.6944956Z [INFO] Downloaded from central: https://repo.maven.apache.org/maven2/org/springframework/cloud/spring-cloud-dependencies-parent/4.2.1/spring-cloud-dependencies-parent-4.2.1.pom (7.6 kB at 126 kB/s)
verify	Build (skip ITs)	2026-09-27T10:31:30.7338702Z [INFO] Downloading from central: https://repo.maven.apache.org/maven2/org/springdoc/springdoc-openapi-starter-webmvc-api/2.8.13/springdoc-openapi-starter-webmvc-api-2.8.13.pom
verify	Build (skip ITs)	2026-09-27T10:31:30.7957082Z [INFO] Downloaded from central: https://repo.maven.apache.org/maven2/org/springdoc/springdoc-openapi-starter-webmvc-api/2.8.13/springdoc-openapi-starter-webmvc-api-2.8.13.pom (1.7 kB at 27 kB/s)
verify	Build (skip ITs)	2026-09-27T10:31:30.8013205Z [INFO] Downloading from central: https://repo.maven.apache.org/maven2/org/springdoc/springdoc-openapi-starter-common/2.8.13/springdoc-openapi-starter-common-2.8.13.pom
verify	Build (skip ITs)	2026-09-27T10:31:30.8646974Z [INFO] Downloaded from central: https://repo.maven.apache.org/maven2/org/springdoc/springdoc-openapi-starter-common/2.8.13/springdoc-openapi-starter-common-2.8.13.pom (5.1 kB at 80 kB/s)
verify	Build (skip ITs)	2026-09-27T10:31:30.8710519Z [INFO] Downloading from central: https://repo.maven.apache.org/maven2/io/swagger/core/v3/swagger-core-jakarta/2.2.36/swagger-core-jakarta-2.2.36.pom
verify	Build (skip ITs)	2026-09-27T10:31:30.9339568Z [INFO] Downloaded from central: https://repo.maven.apache.org/maven2/io/swagger/core/v3/swagger-core-jakarta/2.2.36/swagger-core-jakarta-2.2.36.pom (5.6 kB at 87 kB/s)
verify	Build (skip ITs)	2026-09-27T10:31:30.9350486Z [INFO] Downloading from central: https://repo.maven.apache.org/maven2/io/swagger/core/v3/swagger-project-jakarta/2.2.36/swagger-project-jakarta-2.2.36.pom
verify	Build (skip ITs)	2026-09-27T10:31:30.9996351Z [INFO] Downloaded from central: https://repo.maven.apache.org/maven2/io/swagger/core/v3/swagger-project-jakarta/2.2.36/swagger-project-jakarta-2.2.36.pom (22 kB at 339 kB/s)
verify	Build (skip ITs)	2026-09-27T10:31:31.0016428Z [INFO] Downloading from central: https://repo.maven.apache.org/maven2/org/apache/commons/commons-lang3/3.17.0/commons-lang3-3.17.0.pom
verify	Build (skip ITs)	2026-09-27T10:31:31.0622020Z [INFO] Downloaded from central: https://repo.maven.apache.org/maven2/org/apache/commons/commons-lang3/3.17.0/commons-lang3-3.17.0.pom (31 kB at 512 kB/s)
verify	Build (skip ITs)	2026-09-27T10:31:31.0639300Z [INFO] Downloading from central: https://repo.maven.apache.org/maven2/org/apache/commons/commons-parent/73/commons-parent-73.pom
verify	Build (skip ITs)	2026-09-27T10:31:31.1294039Z [INFO] Downloaded from central: https://repo.maven.apache.org/maven2/org/apache/commons/commons-parent/73/commons-parent-73.pom (78 kB at 1.2 MB/s)
verify	Build (skip ITs)	2026-09-27T10:31:31.1331673Z [INFO] Downloading from central: https://repo.maven.apache.org/maven2/io/swagger/core/v3/swagger-annotations-jakarta/2.2.36/swagger-annotations-jakarta-2.2.36.pom
verify	Build (skip ITs)	2026-09-27T10:31:31.1953968Z [INFO] Downloaded from central: https://repo.maven.apache.org/maven2/io/swagger/core/v3/swagger-annotations-jakarta/2.2.36/swagger-annotations-jakarta-2.2.36.pom (3.3 kB at 52 kB/s)
verify	Build (skip ITs)	2026-09-27T10:31:31.1972303Z [INFO] Downloading from central: https://repo.maven.apache.org/maven2/io/swagger/core/v3/swagger-models-jakarta/2.2.36/swagger-models-jakarta-2.2.36.pom
verify	Build (skip ITs)	2026-09-27T10:31:31.2633329Z [INFO] Downloaded from central: https://repo.maven.apache.org/maven2/io/swagger/core/v3/swagger-models-jakarta/2.2.36/swagger-models-jakarta-2.2.36.pom (3.4 kB at 52 kB/s)
verify	Build (skip ITs)	2026-09-27T10:31:31.2656076Z [INFO] Downloading from central: https://repo.maven.apache.org/maven2/com/fasterxml/jackson/dataformat/jackson-dataformat-yaml/2.19.2/jackson-dataformat-yaml-2.19.2.pom
verify	Build (skip ITs)	2026-09-27T10:31:31.3275796Z [INFO] Downloaded from central: https://repo.maven.apache.org/maven2/com/fasterxml/jackson/dataformat/jackson-dataformat-yaml/2.19.2/jackson-dataformat-yaml-2.19.2.pom (3.0 kB at 48 kB/s)
verify	Build (skip ITs)	2026-09-27T10:31:31.3306139Z [INFO] Downloading from central: https://repo.maven.apache.org/maven2/org/webjars/swagger-ui/5.28.1/swagger-ui-5.28.1.pom
verify	Build (skip ITs)	2026-09-27T10:31:31.3937765Z [INFO] Downloaded from central: https://repo.maven.apache.org/maven2/org/webjars/swagger-ui/5.28.1/swagger-ui-5.28.1.pom (1.5 kB at 24 kB/s)
verify	Build (skip ITs)	2026-09-27T10:31:31.3953274Z [INFO] Downloading from central: https://repo.maven.apache.org/maven2/org/webjars/webjars-locator-lite/1.1.0/webjars-locator-lite-1.1.0.pom
verify	Build (skip ITs)	2026-09-27T10:31:31.4599834Z [INFO] Downloaded from central: https://repo.maven.apache.org/maven2/org/webjars/webjars-locator-lite/1.1.0/webjars-locator-lite-1.1.0.pom (6.1 kB at 96 kB/s)
verify	Build (skip ITs)	2026-09-27T10:31:31.4615876Z [INFO] Downloading from central: https://repo.maven.apache.org/maven2/org/junit/junit-bom/5.11.3/junit-bom-5.11.3.pom
verify	Build (skip ITs)	2026-09-27T10:31:31.5227698Z [INFO] Downloaded from central: https://repo.maven.apache.org/maven2/org/junit/junit-bom/5.11.3/junit-bom-5.11.3.pom (5.6 kB at 93 kB/s)
verify	Build (skip ITs)	2026-09-27T10:31:31.5241287Z [INFO] Downloading from central: https://repo.maven.apache.org/maven2/org/jspecify/jspecify/1.0.0/jspecify-1.0.0.pom
verify	Build (skip ITs)	2026-09-27T10:31:31.5938466Z [INFO] Downloaded from central: https://repo.maven.apache.org/maven2/org/jspecify/jspecify/1.0.0/jspecify-1.0.0.pom (1.5 kB at 22 kB/s)
verify	Build (skip ITs)	2026-09-27T10:31:31.5951440Z [INFO] Downloading from central: https://repo.maven.apache.org/maven2/io/micrometer/micrometer-registry-prometheus/1.15.3/micrometer-registry-prometheus-1.15.3.pom
verify	Build (skip ITs)	2026-09-27T10:31:31.6649034Z [INFO] Downloaded from central: https://repo.maven.apache.org/maven2/io/micrometer/micrometer-registry-prometheus/1.15.3/micrometer-registry-prometheus-1.15.3.pom (4.3 kB at 61 kB/s)
verify	Build (skip ITs)	2026-09-27T10:31:31.6673411Z [INFO] Downloading from central: https://repo.maven.apache.org/maven2/io/prometheus/prometheus-metrics-core/1.3.10/prometheus-metrics-core-1.3.10.pom
verify	Build (skip ITs)	2026-09-27T10:31:31.7294753Z [INFO] Downloaded from central: https://repo.maven.apache.org/maven2/io/prometheus/prometheus-metrics-core/1.3.10/prometheus-metrics-core-1.3.10.pom (1.7 kB at 28 kB/s)
verify	Build (skip ITs)	2026-09-27T10:31:31.7305792Z [INFO] Downloading from central: https://repo.maven.apache.org/maven2/io/prometheus/client_java/1.3.10/client_java-1.3.10.pom
verify	Build (skip ITs)	2026-09-27T10:31:31.7955437Z [INFO] Downloaded from central: https://repo.maven.apache.org/maven2/io/prometheus/client_java/1.3.10/client_java-1.3.10.pom (16 kB at 245 kB/s)
verify	Build (skip ITs)	2026-09-27T10:31:31.7972465Z [INFO] Downloading from central: https://repo.maven.apache.org/maven2/org/junit/junit-bom/5.13.3/junit-bom-5.13.3.pom
verify	Build (skip ITs)	2026-09-27T10:31:31.8584244Z [INFO] Downloaded from central: https://repo.maven.apache.org/maven2/org/junit/junit-bom/5.13.3/junit-bom-5.13.3.pom (5.7 kB at 93 kB/s)
verify	Build (skip ITs)	2026-09-27T10:31:31.8596881Z [INFO] Downloading from central: https://repo.maven.apache.org/maven2/io/opentelemetry/instrumentation/opentelemetry-instrumentation-bom-alpha/2.16.0-alpha/opentelemetry-instrumentation-bom-alpha-2.16.0-alpha.pom
verify	Build (skip ITs)	2026-09-27T10:31:31.9249972Z [INFO] Downloaded from central: https://repo.maven.apache.org/maven2/io/opentelemetry/instrumentation/opentelemetry-instrumentation-bom-alpha/2.16.0-alpha/opentelemetry-instrumentation-bom-alpha-2.16.0-alpha.pom (83 kB at 1.3 MB/s)
verify	Build (skip ITs)	2026-09-27T10:31:31.9266562Z [INFO] Downloading from central: https://repo.maven.apache.org/maven2/io/opentelemetry/opentelemetry-bom/1.50.0/opentelemetry-bom-1.50.0.pom
verify	Build (skip ITs)	2026-09-27T10:31:31.9889733Z [INFO] Downloaded from central: https://repo.maven.apache.org/maven2/io/opentelemetry/opentelemetry-bom/1.50.0/opentelemetry-bom-1.50.0.pom (5.9 kB at 95 kB/s)
verify	Build (skip ITs)	2026-09-27T10:31:31.9903595Z [INFO] Downloading from central: https://repo.maven.apache.org/maven2/io/opentelemetry/opentelemetry-bom-alpha/1.50.0-alpha/opentelemetry-bom-alpha-1.50.0-alpha.pom
verify	Build (skip ITs)	2026-09-27T10:31:32.0515515Z [INFO] Downloaded from central: https://repo.maven.apache.org/maven2/io/opentelemetry/opentelemetry-bom-alpha/1.50.0-alpha/opentelemetry-bom-alpha-1.50.0-alpha.pom (2.7 kB at 44 kB/s)
verify	Build (skip ITs)	2026-09-27T10:31:32.0529180Z [INFO] Downloading from central: https://repo.maven.apache.org/maven2/io/opentelemetry/instrumentation/opentelemetry-instrumentation-bom/2.16.0/opentelemetry-instrumentation-bom-2.16.0.pom
verify	Build (skip ITs)	2026-09-27T10:31:32.1193231Z [INFO] Downloaded from central: https://repo.maven.apache.org/maven2/io/opentelemetry/instrumentation/opentelemetry-instrumentation-bom/2.16.0/opentelemetry-instrumentation-bom-2.16.0.pom (3.3 kB at 49 kB/s)
verify	Build (skip ITs)	2026-09-27T10:31:32.1216814Z [INFO] Downloading from central: https://repo.maven.apache.org/maven2/io/prometheus/prometheus-metrics-model/1.3.10/prometheus-metrics-model-1.3.10.pom
verify	Build (skip ITs)	2026-09-27T10:31:32.1870829Z [INFO] Downloaded from central: https://repo.maven.apache.org/maven2/io/prometheus/prometheus-metrics-model/1.3.10/prometheus-metrics-model-1.3.10.pom (773 B at 12 kB/s)
verify	Build (skip ITs)	2026-09-27T10:31:32.1899847Z [INFO] Downloading from central: https://repo.maven.apache.org/maven2/io/prometheus/prometheus-metrics-config/1.3.10/prometheus-metrics-config-1.3.10.pom
verify	Build (skip ITs)	2026-09-27T10:31:32.2579000Z [INFO] Downloaded from central: https://repo.maven.apache.org/maven2/io/prometheus/prometheus-metrics-config/1.3.10/prometheus-metrics-config-1.3.10.pom (772 B at 11 kB/s)
verify	Build (skip ITs)	2026-09-27T10:31:32.2607304Z [INFO] Downloading from central: https://repo.maven.apache.org/maven2/io/prometheus/prometheus-metrics-tracer-common/1.3.10/prometheus-metrics-tracer-common-1.3.10.pom
verify	Build (skip ITs)	2026-09-27T10:31:32.3231377Z [INFO] Downloaded from central: https://repo.maven.apache.org/maven2/io/prometheus/prometheus-metrics-tracer-common/1.3.10/prometheus-metrics-tracer-common-1.3.10.pom (824 B at 13 kB/s)
verify	Build (skip ITs)	2026-09-27T10:31:32.3241584Z [INFO] Downloading from central: https://repo.maven.apache.org/maven2/io/prometheus/prometheus-metrics-tracer/1.3.10/prometheus-metrics-tracer-1.3.10.pom
verify	Build (skip ITs)	2026-09-27T10:31:32.3871237Z [INFO] Downloaded from central: https://repo.maven.apache.org/maven2/io/prometheus/prometheus-metrics-tracer/1.3.10/prometheus-metrics-tracer-1.3.10.pom (1.3 kB at 21 kB/s)
verify	Build (skip ITs)	2026-09-27T10:31:32.3889660Z [INFO] Downloading from central: https://repo.maven.apache.org/maven2/io/prometheus/prometheus-metrics-exposition-formats/1.3.10/prometheus-metrics-exposition-formats-1.3.10.pom
verify	Build (skip ITs)	2026-09-27T10:31:32.4509804Z [INFO] Downloaded from central: https://repo.maven.apache.org/maven2/io/prometheus/prometheus-metrics-exposition-formats/1.3.10/prometheus-metrics-exposition-formats-1.3.10.pom (6.1 kB at 98 kB/s)
verify	Build (skip ITs)	2026-09-27T10:31:32.4533244Z [INFO] Downloading from central: https://repo.maven.apache.org/maven2/io/prometheus/prometheus-metrics-exposition-textformats/1.3.10/prometheus-metrics-exposition-textformats-1.3.10.pom
verify	Build (skip ITs)	2026-09-27T10:31:32.5149409Z [INFO] Downloaded from central: https://repo.maven.apache.org/maven2/io/prometheus/prometheus-metrics-exposition-textformats/1.3.10/prometheus-metrics-exposition-textformats-1.3.10.pom (1.6 kB at 26 kB/s)
verify	Build (skip ITs)	2026-09-27T10:31:32.5167532Z [INFO] Downloading from central: https://repo.maven.apache.org/maven2/org/springframework/boot/spring-boot-devtools/3.5.5/spring-boot-devtools-3.5.5.pom
verify	Build (skip ITs)	2026-09-27T10:31:32.5818762Z [INFO] Downloaded from central: https://repo.maven.apache.org/maven2/org/springframework/boot/spring-boot-devtools/3.5.5/spring-boot-devtools-3.5.5.pom (2.3 kB at 35 kB/s)
verify	Build (skip ITs)	2026-09-27T10:31:32.5847289Z [INFO] Downloading from central: https://repo.maven.apache.org/maven2/org/springframework/boot/spring-boot-starter-test/3.5.5/spring-boot-starter-test-3.5.5.pom
verify	Build (skip ITs)	2026-09-27T10:31:32.6498906Z [INFO] Downloaded from central: https://repo.maven.apache.org/maven2/org/springframework/boot/spring-boot-starter-test/3.5.5/spring-boot-starter-test-3.5.5.pom (4.9 kB at 75 kB/s)
verify	Build (skip ITs)	2026-09-27T10:31:32.6517062Z [INFO] Downloading from central: https://repo.maven.apache.org/maven2/org/springframework/boot/spring-boot-test/3.5.5/spring-boot-test-3.5.5.pom
verify	Build (skip ITs)	2026-09-27T10:31:32.7179535Z [INFO] Downloaded from central: https://repo.maven.apache.org/maven2/org/springframework/boot/spring-boot-test/3.5.5/spring-boot-test-3.5.5.pom (2.2 kB at 34 kB/s)
verify	Build (skip ITs)	2026-09-27T10:31:32.7191591Z [INFO] Downloading from central: https://repo.maven.apache.org/maven2/org/springframework/spring-test/6.2.10/spring-test-6.2.10.pom
verify	Build (skip ITs)	2026-09-27T10:31:32.7856650Z [INFO] Downloaded from central: https://repo.maven.apache.org/maven2/org/springframework/spring-test/6.2.10/spring-test-6.2.10.pom (2.1 kB at 31 kB/s)
verify	Build (skip ITs)	2026-09-27T10:31:32.7871528Z [INFO] Downloading from central: https://repo.maven.apache.org/maven2/org/springframework/boot/spring-boot-test-autoconfigure/3.5.5/spring-boot-test-autoconfigure-3.5.5.pom
verify	Build (skip ITs)	2026-09-27T10:31:32.8510832Z [INFO] Downloaded from central: https://repo.maven.apache.org/maven2/org/springframework/boot/spring-boot-test-autoconfigure/3.5.5/spring-boot-test-autoconfigure-3.5.5.pom (2.5 kB at 39 kB/s)
verify	Build (skip ITs)	2026-09-27T10:31:32.8523583Z [INFO] Downloading from central: https://repo.maven.apache.org/maven2/com/jayway/jsonpath/json-path/2.9.0/json-path-2.9.0.pom
verify	Build (skip ITs)	2026-09-27T10:31:32.9169991Z [INFO] Downloaded from central: https://repo.maven.apache.org/maven2/com/jayway/jsonpath/json-path/2.9.0/json-path-2.9.0.pom (1.9 kB at 30 kB/s)
verify	Build (skip ITs)	2026-09-27T10:31:32.9180682Z [INFO] Downloading from central: https://repo.maven.apache.org/maven2/net/minidev/json-smart/2.5.2/json-smart-2.5.2.pom
verify	Build (skip ITs)	2026-09-27T10:31:32.9806551Z [INFO] Downloaded from central: https://repo.maven.apache.org/maven2/net/minidev/json-smart/2.5.2/json-smart-2.5.2.pom (10 kB at 162 kB/s)
verify	Build (skip ITs)	2026-09-27T10:31:32.9819001Z [INFO] Downloading from central: https://repo.maven.apache.org/maven2/net/minidev/accessors-smart/2.5.2/accessors-smart-2.5.2.pom
verify	Build (skip ITs)	2026-09-27T10:31:33.0435051Z [INFO] Downloaded from central: https://repo.maven.apache.org/maven2/net/minidev/accessors-smart/2.5.2/accessors-smart-2.5.2.pom (12 kB at 191 kB/s)
verify	Build (skip ITs)	2026-09-27T10:31:33.0448330Z [INFO] Downloading from central: https://repo.maven.apache.org/maven2/org/ow2/asm/asm/9.7.1/asm-9.7.1.pom
verify	Build (skip ITs)	2026-09-27T10:31:33.1079989Z [INFO] Downloaded from central: https://repo.maven.apache.org/maven2/org/ow2/asm/asm/9.7.1/asm-9.7.1.pom (2.4 kB at 38 kB/s)
verify	Build (skip ITs)	2026-09-27T10:31:33.1090712Z [INFO] Downloading from central: https://repo.maven.apache.org/maven2/org/ow2/ow2/1.5.1/ow2-1.5.1.pom
verify	Build (skip ITs)	2026-09-27T10:31:33.1771286Z [INFO] Downloaded from central: https://repo.maven.apache.org/maven2/org/ow2/ow2/1.5.1/ow2-1.5.1.pom (11 kB at 166 kB/s)
verify	Build (skip ITs)	2026-09-27T10:31:33.1791283Z [INFO] Downloading from central: https://repo.maven.apache.org/maven2/org/assertj/assertj-core/3.27.4/assertj-core-3.27.4.pom
verify	Build (skip ITs)	2026-09-27T10:31:33.2444406Z [INFO] Downloaded from central: https://repo.maven.apache.org/maven2/org/assertj/assertj-core/3.27.4/assertj-core-3.27.4.pom (3.8 kB at 58 kB/s)
verify	Build (skip ITs)	2026-09-27T10:31:33.2455958Z [INFO] Downloading from central: https://repo.maven.apache.org/maven2/org/awaitility/awaitility/4.2.2/awaitility-4.2.2.pom
verify	Build (skip ITs)	2026-09-27T10:31:33.3105440Z [INFO] Downloaded from central: https://repo.maven.apache.org/maven2/org/awaitility/awaitility/4.2.2/awaitility-4.2.2.pom (3.5 kB at 55 kB/s)
verify	Build (skip ITs)	2026-09-27T10:31:33.3116968Z [INFO] Downloading from central: https://repo.maven.apache.org/maven2/org/awaitility/awaitility-parent/4.2.2/awaitility-parent-4.2.2.pom
verify	Build (skip ITs)	2026-09-27T10:31:33.3739424Z [INFO] Downloaded from central: https://repo.maven.apache.org/maven2/org/awaitility/awaitility-parent/4.2.2/awaitility-parent-4.2.2.pom (11 kB at 175 kB/s)
verify	Build (skip ITs)	2026-09-27T10:31:33.3760311Z [INFO] Downloading from central: https://repo.maven.apache.org/maven2/org/hamcrest/hamcrest/3.0/hamcrest-3.0.pom
verify	Build (skip ITs)	2026-09-27T10:31:33.4396156Z [INFO] Downloaded from central: https://repo.maven.apache.org/maven2/org/hamcrest/hamcrest/3.0/hamcrest-3.0.pom (1.6 kB at 25 kB/s)
verify	Build (skip ITs)	2026-09-27T10:31:33.4412395Z [INFO] Downloading from central: https://repo.maven.apache.org/maven2/org/junit/jupiter/junit-jupiter/5.12.2/junit-jupiter-5.12.2.pom
verify	Build (skip ITs)	2026-09-27T10:31:33.5074409Z [INFO] Downloaded from central: https://repo.maven.apache.org/maven2/org/junit/jupiter/junit-jupiter/5.12.2/junit-jupiter-5.12.2.pom (3.2 kB at 49 kB/s)
verify	Build (skip ITs)	2026-09-27T10:31:33.5087905Z [INFO] Downloading from central: https://repo.maven.apache.org/maven2/org/junit/jupiter/junit-jupiter-api/5.12.2/junit-jupiter-api-5.12.2.pom
verify	Build (skip ITs)	2026-09-27T10:31:33.5681343Z [INFO] Downloaded from central: https://repo.maven.apache.org/maven2/org/junit/jupiter/junit-jupiter-api/5.12.2/junit-jupiter-api-5.12.2.pom (3.2 kB at 54 kB/s)
verify	Build (skip ITs)	2026-09-27T10:31:33.5692996Z [INFO] Downloading from central: https://repo.maven.apache.org/maven2/org/opentest4j/opentest4j/1.3.0/opentest4j-1.3.0.pom
verify	Build (skip ITs)	2026-09-27T10:31:33.6305224Z [INFO] Downloaded from central: https://repo.maven.apache.org/maven2/org/opentest4j/opentest4j/1.3.0/opentest4j-1.3.0.pom (2.0 kB at 33 kB/s)
verify	Build (skip ITs)	2026-09-27T10:31:33.6350161Z [INFO] Downloading from central: https://repo.maven.apache.org/maven2/org/junit/platform/junit-platform-commons/1.12.2/junit-platform-commons-1.12.2.pom
verify	Build (skip ITs)	2026-09-27T10:31:33.6968972Z [INFO] Downloaded from central: https://repo.maven.apache.org/maven2/org/junit/platform/junit-platform-commons/1.12.2/junit-platform-commons-1.12.2.pom (2.8 kB at 44 kB/s)
verify	Build (skip ITs)	2026-09-27T10:31:33.7004155Z [INFO] Downloading from central: https://repo.maven.apache.org/maven2/org/apiguardian/apiguardian-api/1.1.2/apiguardian-api-1.1.2.pom
verify	Build (skip ITs)	2026-09-27T10:31:33.7637740Z [INFO] Downloaded from central: https://repo.maven.apache.org/maven2/org/apiguardian/apiguardian-api/1.1.2/apiguardian-api-1.1.2.pom (1.5 kB at 24 kB/s)
verify	Build (skip ITs)	2026-09-27T10:31:33.7650653Z [INFO] Downloading from central: https://repo.maven.apache.org/maven2/org/junit/jupiter/junit-jupiter-params/5.12.2/junit-jupiter-params-5.12.2.pom
verify	Build (skip ITs)	2026-09-27T10:31:33.8293300Z [INFO] Downloaded from central: https://repo.maven.apache.org/maven2/org/junit/jupiter/junit-jupiter-params/5.12.2/junit-jupiter-params-5.12.2.pom (3.0 kB at 46 kB/s)
verify	Build (skip ITs)	2026-09-27T10:31:33.8304856Z [INFO] Downloading from central: https://repo.maven.apache.org/maven2/org/junit/jupiter/junit-jupiter-engine/5.12.2/junit-jupiter-engine-5.12.2.pom
verify	Build (skip ITs)	2026-09-27T10:31:33.8934859Z [INFO] Downloaded from central: https://repo.maven.apache.org/maven2/org/junit/jupiter/junit-jupiter-engine/5.12.2/junit-jupiter-engine-5.12.2.pom (3.2 kB at 51 kB/s)
verify	Build (skip ITs)	2026-09-27T10:31:33.8947527Z [INFO] Downloading from central: https://repo.maven.apache.org/maven2/org/junit/platform/junit-platform-engine/1.12.2/junit-platform-engine-1.12.2.pom
verify	Build (skip ITs)	2026-09-27T10:31:33.9577972Z [INFO] Downloaded from central: https://repo.maven.apache.org/maven2/org/junit/platform/junit-platform-engine/1.12.2/junit-platform-engine-1.12.2.pom (3.2 kB at 51 kB/s)
verify	Build (skip ITs)	2026-09-27T10:31:33.9590962Z [INFO] Downloading from central: https://repo.maven.apache.org/maven2/org/mockito/mockito-core/5.17.0/mockito-core-5.17.0.pom
verify	Build (skip ITs)	2026-09-27T10:31:34.0214345Z [INFO] Downloaded from central: https://repo.maven.apache.org/maven2/org/mockito/mockito-core/5.17.0/mockito-core-5.17.0.pom (2.5 kB at 39 kB/s)
verify	Build (skip ITs)	2026-09-27T10:31:34.0226444Z [INFO] Downloading from central: https://repo.maven.apache.org/maven2/net/bytebuddy/byte-buddy-agent/1.17.7/byte-buddy-agent-1.17.7.pom
verify	Build (skip ITs)	2026-09-27T10:31:34.0855462Z [INFO] Downloaded from central: https://repo.maven.apache.org/maven2/net/bytebuddy/byte-buddy-agent/1.17.7/byte-buddy-agent-1.17.7.pom (14 kB at 228 kB/s)
verify	Build (skip ITs)	2026-09-27T10:31:34.0883464Z [INFO] Downloading from central: https://repo.maven.apache.org/maven2/org/objenesis/objenesis/3.3/objenesis-3.3.pom
verify	Build (skip ITs)	2026-09-27T10:31:34.1499865Z [INFO] Downloaded from central: https://repo.maven.apache.org/maven2/org/objenesis/objenesis/3.3/objenesis-3.3.pom (3.0 kB at 49 kB/s)
verify	Build (skip ITs)	2026-09-27T10:31:34.1571420Z [INFO] Downloading from central: https://repo.maven.apache.org/maven2/org/objenesis/objenesis-parent/3.3/objenesis-parent-3.3.pom
verify	Build (skip ITs)	2026-09-27T10:31:34.2185098Z [INFO] Downloaded from central: https://repo.maven.apache.org/maven2/org/objenesis/objenesis-parent/3.3/objenesis-parent-3.3.pom (19 kB at 309 kB/s)
verify	Build (skip ITs)	2026-09-27T10:31:34.2204318Z [INFO] Downloading from central: https://repo.maven.apache.org/maven2/org/mockito/mockito-junit-jupiter/5.17.0/mockito-junit-jupiter-5.17.0.pom
verify	Build (skip ITs)	2026-09-27T10:31:34.2834246Z [INFO] Downloaded from central: https://repo.maven.apache.org/maven2/org/mockito/mockito-junit-jupiter/5.17.0/mockito-junit-jupiter-5.17.0.pom (2.3 kB at 37 kB/s)
verify	Build (skip ITs)	2026-09-27T10:31:34.2850928Z [INFO] Downloading from central: https://repo.maven.apache.org/maven2/org/skyscreamer/jsonassert/1.5.3/jsonassert-1.5.3.pom
verify	Build (skip ITs)	2026-09-27T10:31:34.3451611Z [INFO] Downloaded from central: https://repo.maven.apache.org/maven2/org/skyscreamer/jsonassert/1.5.3/jsonassert-1.5.3.pom (7.0 kB at 116 kB/s)
verify	Build (skip ITs)	2026-09-27T10:31:34.3466915Z [INFO] Downloading from central: https://repo.maven.apache.org/maven2/com/vaadin/external/google/android-json/0.0.20131108.vaadin1/android-json-0.0.20131108.vaadin1.pom
verify	Build (skip ITs)	2026-09-27T10:31:34.4113082Z [INFO] Downloaded from central: https://repo.maven.apache.org/maven2/com/vaadin/external/google/android-json/0.0.20131108.vaadin1/android-json-0.0.20131108.vaadin1.pom (2.8 kB at 43 kB/s)
verify	Build (skip ITs)	2026-09-27T10:31:34.4129849Z [INFO] Downloading from central: https://repo.maven.apache.org/maven2/org/xmlunit/xmlunit-core/2.10.3/xmlunit-core-2.10.3.pom
verify	Build (skip ITs)	2026-09-27T10:31:34.4762925Z [INFO] Downloaded from central: https://repo.maven.apache.org/maven2/org/xmlunit/xmlunit-core/2.10.3/xmlunit-core-2.10.3.pom (2.8 kB at 44 kB/s)
verify	Build (skip ITs)	2026-09-27T10:31:34.4774382Z [INFO] Downloading from central: https://repo.maven.apache.org/maven2/org/xmlunit/xmlunit-parent/2.10.3/xmlunit-parent-2.10.3.pom
verify	Build (skip ITs)	2026-09-27T10:31:34.5412896Z [INFO] Downloaded from central: https://repo.maven.apache.org/maven2/org/xmlunit/xmlunit-parent/2.10.3/xmlunit-parent-2.10.3.pom (23 kB at 362 kB/s)
verify	Build (skip ITs)	2026-09-27T10:31:34.5431521Z [INFO] Downloading from central: https://repo.maven.apache.org/maven2/org/springframework/security/spring-security-test/6.5.3/spring-security-test-6.5.3.pom
verify	Build (skip ITs)	2026-09-27T10:31:34.6069882Z [INFO] Downloaded from central: https://repo.maven.apache.org/maven2/org/springframework/security/spring-security-test/6.5.3/spring-security-test-6.5.3.pom (2.7 kB at 42 kB/s)
verify	Build (skip ITs)	2026-09-27T10:31:34.6089014Z [INFO] Downloading from central: https://repo.maven.apache.org/maven2/org/testcontainers/junit-jupiter/1.21.3/junit-jupiter-1.21.3.pom
verify	Build (skip ITs)	2026-09-27T10:31:34.6725436Z [INFO] Downloaded from central: https://repo.maven.apache.org/maven2/org/testcontainers/junit-jupiter/1.21.3/junit-jupiter-1.21.3.pom (1.5 kB at 24 kB/s)
verify	Build (skip ITs)	2026-09-27T10:31:34.6743524Z [INFO] Downloading from central: https://repo.maven.apache.org/maven2/org/testcontainers/testcontainers/1.21.3/testcontainers-1.21.3.pom
verify	Build (skip ITs)	2026-09-27T10:31:34.7366901Z [INFO] Downloaded from central: https://repo.maven.apache.org/maven2/org/testcontainers/testcontainers/1.21.3/testcontainers-1.21.3.pom (2.6 kB at 42 kB/s)
verify	Build (skip ITs)	2026-09-27T10:31:34.7381872Z [INFO] Downloading from central: https://repo.maven.apache.org/maven2/junit/junit/4.13.2/junit-4.13.2.pom
verify	Build (skip ITs)	2026-09-27T10:31:34.8029475Z [INFO] Downloaded from central: https://repo.maven.apache.org/maven2/junit/junit/4.13.2/junit-4.13.2.pom (27 kB at 422 kB/s)
verify	Build (skip ITs)	2026-09-27T10:31:34.8050983Z [INFO] Downloading from central: https://repo.maven.apache.org/maven2/org/hamcrest/hamcrest-core/3.0/hamcrest-core-3.0.pom
verify	Build (skip ITs)	2026-09-27T10:31:34.8715106Z [INFO] Downloaded from central: https://repo.maven.apache.org/maven2/org/hamcrest/hamcrest-core/3.0/hamcrest-core-3.0.pom (1.8 kB at 28 kB/s)
verify	Build (skip ITs)	2026-09-27T10:31:34.8726211Z [INFO] Downloading from central: https://repo.maven.apache.org/maven2/org/apache/commons/commons-compress/1.24.0/commons-compress-1.24.0.pom
verify	Build (skip ITs)	2026-09-27T10:31:34.9384476Z [INFO] Downloaded from central: https://repo.maven.apache.org/maven2/org/apache/commons/commons-compress/1.24.0/commons-compress-1.24.0.pom (22 kB at 330 kB/s)
verify	Build (skip ITs)	2026-09-27T10:31:34.9397477Z [INFO] Downloading from central: https://repo.maven.apache.org/maven2/org/apache/commons/commons-parent/61/commons-parent-61.pom
verify	Build (skip ITs)	2026-09-27T10:31:35.0125553Z [INFO] Downloaded from central: https://repo.maven.apache.org/maven2/org/apache/commons/commons-parent/61/commons-parent-61.pom (81 kB at 1.1 MB/s)
verify	Build (skip ITs)	2026-09-27T10:31:35.0161445Z [INFO] Downloading from central: https://repo.maven.apache.org/maven2/org/apache/apache/30/apache-30.pom
verify	Build (skip ITs)	2026-09-27T10:31:35.0781625Z [INFO] Downloaded from central: https://repo.maven.apache.org/maven2/org/apache/apache/30/apache-30.pom (23 kB at 375 kB/s)
verify	Build (skip ITs)	2026-09-27T10:31:35.0804888Z [INFO] Downloading from central: https://repo.maven.apache.org/maven2/org/junit/junit-bom/5.10.0/junit-bom-5.10.0.pom
verify	Build (skip ITs)	2026-09-27T10:31:35.1410387Z [INFO] Downloaded from central: https://repo.maven.apache.org/maven2/org/junit/junit-bom/5.10.0/junit-bom-5.10.0.pom (5.6 kB at 94 kB/s)
verify	Build (skip ITs)	2026-09-27T10:31:35.1426550Z [INFO] Downloading from central: https://repo.maven.apache.org/maven2/org/rnorth/duct-tape/duct-tape/1.0.8/duct-tape-1.0.8.pom
verify	Build (skip ITs)	2026-09-27T10:31:35.2062769Z [INFO] Downloaded from central: https://repo.maven.apache.org/maven2/org/rnorth/duct-tape/duct-tape/1.0.8/duct-tape-1.0.8.pom (6.2 kB at 97 kB/s)
verify	Build (skip ITs)	2026-09-27T10:31:35.2077191Z [INFO] Downloading from central: https://repo.maven.apache.org/maven2/org/jetbrains/annotations/17.0.0/annotations-17.0.0.pom
verify	Build (skip ITs)	2026-09-27T10:31:35.2726823Z [INFO] Downloaded from central: https://repo.maven.apache.org/maven2/org/jetbrains/annotations/17.0.0/annotations-17.0.0.pom (1.4 kB at 21 kB/s)
verify	Build (skip ITs)	2026-09-27T10:31:35.2729331Z [INFO] Downloading from central: https://repo.maven.apache.org/maven2/com/github/docker-java/docker-java-api/3.4.2/docker-java-api-3.4.2.pom
verify	Build (skip ITs)	2026-09-27T10:31:35.3378628Z [INFO] Downloaded from central: https://repo.maven.apache.org/maven2/com/github/docker-java/docker-java-api/3.4.2/docker-java-api-3.4.2.pom (2.4 kB at 36 kB/s)
verify	Build (skip ITs)	2026-09-27T10:31:35.3388827Z [INFO] Downloading from central: https://repo.maven.apache.org/maven2/com/github/docker-java/docker-java-parent/3.4.2/docker-java-parent-3.4.2.pom
verify	Build (skip ITs)	2026-09-27T10:31:35.4045360Z [INFO] Downloaded from central: https://repo.maven.apache.org/maven2/com/github/docker-java/docker-java-parent/3.4.2/docker-java-parent-3.4.2.pom (12 kB at 178 kB/s)
verify	Build (skip ITs)	2026-09-27T10:31:35.4059748Z [INFO] Downloading from central: https://repo.maven.apache.org/maven2/com/github/docker-java/docker-java-transport-zerodep/3.4.2/docker-java-transport-zerodep-3.4.2.pom
verify	Build (skip ITs)	2026-09-27T10:31:35.4681222Z [INFO] Downloaded from central: https://repo.maven.apache.org/maven2/com/github/docker-java/docker-java-transport-zerodep/3.4.2/docker-java-transport-zerodep-3.4.2.pom (4.1 kB at 66 kB/s)
verify	Build (skip ITs)	2026-09-27T10:31:35.4694532Z [INFO] Downloading from central: https://repo.maven.apache.org/maven2/com/github/docker-java/docker-java-transport/3.4.2/docker-java-transport-3.4.2.pom
verify	Build (skip ITs)	2026-09-27T10:31:35.5349886Z [INFO] Downloaded from central: https://repo.maven.apache.org/maven2/com/github/docker-java/docker-java-transport/3.4.2/docker-java-transport-3.4.2.pom (1.6 kB at 25 kB/s)
verify	Build (skip ITs)	2026-09-27T10:31:35.5360981Z [INFO] Downloading from central: https://repo.maven.apache.org/maven2/net/java/dev/jna/jna/5.13.0/jna-5.13.0.pom
verify	Build (skip ITs)	2026-09-27T10:31:35.5985681Z [INFO] Downloaded from central: https://repo.maven.apache.org/maven2/net/java/dev/jna/jna/5.13.0/jna-5.13.0.pom (2.0 kB at 32 kB/s)
verify	Build (skip ITs)	2026-09-27T10:31:35.5996849Z [INFO] Downloading from central: https://repo.maven.apache.org/maven2/org/testcontainers/postgresql/1.21.3/postgresql-1.21.3.pom
verify	Build (skip ITs)	2026-09-27T10:31:35.6617995Z [INFO] Downloaded from central: https://repo.maven.apache.org/maven2/org/testcontainers/postgresql/1.21.3/postgresql-1.21.3.pom (1.5 kB at 25 kB/s)
verify	Build (skip ITs)	2026-09-27T10:31:35.6636306Z [INFO] Downloading from central: https://repo.maven.apache.org/maven2/org/testcontainers/jdbc/1.21.3/jdbc-1.21.3.pom
verify	Build (skip ITs)	2026-09-27T10:31:35.7250795Z [INFO] Downloaded from central: https://repo.maven.apache.org/maven2/org/testcontainers/jdbc/1.21.3/jdbc-1.21.3.pom (1.5 kB at 25 kB/s)
verify	Build (skip ITs)	2026-09-27T10:31:35.7263397Z [INFO] Downloading from central: https://repo.maven.apache.org/maven2/org/testcontainers/database-commons/1.21.3/database-commons-1.21.3.pom
verify	Build (skip ITs)	2026-09-27T10:31:35.7897409Z [INFO] Downloaded from central: https://repo.maven.apache.org/maven2/org/testcontainers/database-commons/1.21.3/database-commons-1.21.3.pom (1.5 kB at 24 kB/s)
verify	Build (skip ITs)	2026-09-27T10:31:35.8280074Z [INFO] Downloading from central: https://repo.maven.apache.org/maven2/org/springframework/boot/spring-boot-starter-web/3.5.5/spring-boot-starter-web-3.5.5.jar
verify	Build (skip ITs)	2026-09-27T10:31:35.8282133Z [INFO] Downloading from central: https://repo.maven.apache.org/maven2/org/springframework/boot/spring-boot-starter/3.5.5/spring-boot-starter-3.5.5.jar
verify	Build (skip ITs)	2026-09-27T10:31:35.8299824Z [INFO] Downloading from central: https://repo.maven.apache.org/maven2/org/springframework/boot/spring-boot-starter-logging/3.5.5/spring-boot-starter-logging-3.5.5.jar
verify	Build (skip ITs)	2026-09-27T10:31:35.8309726Z [INFO] Downloading from central: https://repo.maven.apache.org/maven2/ch/qos/logback/logback-classic/1.5.18/logback-classic-1.5.18.jar
verify	Build (skip ITs)	2026-09-27T10:31:35.8311753Z [INFO] Downloading from central: https://repo.maven.apache.org/maven2/ch/qos/logback/logback-core/1.5.18/logback-core-1.5.18.jar
verify	Build (skip ITs)	2026-09-27T10:31:35.8900216Z [INFO] Downloaded from central: https://repo.maven.apache.org/maven2/org/springframework/boot/spring-boot-starter-web/3.5.5/spring-boot-starter-web-3.5.5.jar (4.8 kB at 76 kB/s)
verify	Build (skip ITs)	2026-09-27T10:31:35.8907040Z [INFO] Downloading from central: https://repo.maven.apache.org/maven2/org/apache/logging/log4j/log4j-to-slf4j/2.24.3/log4j-to-slf4j-2.24.3.jar
verify	Build (skip ITs)	2026-09-27T10:31:35.9505481Z [INFO] Downloaded from central: https://repo.maven.apache.org/maven2/org/springframework/boot/spring-boot-starter/3.5.5/spring-boot-starter-3.5.5.jar (4.8 kB at 39 kB/s)
verify	Build (skip ITs)	2026-09-27T10:31:35.9507509Z [INFO] Downloading from central: https://repo.maven.apache.org/maven2/org/apache/logging/log4j/log4j-api/2.24.3/log4j-api-2.24.3.jar
verify	Build (skip ITs)	2026-09-27T10:31:35.9533196Z [INFO] Downloaded from central: https://repo.maven.apache.org/maven2/org/apache/logging/log4j/log4j-to-slf4j/2.24.3/log4j-to-slf4j-2.24.3.jar (24 kB at 194 kB/s)
verify	Build (skip ITs)	2026-09-27T10:31:35.9535060Z [INFO] Downloading from central: https://repo.maven.apache.org/maven2/org/slf4j/jul-to-slf4j/2.0.17/jul-to-slf4j-2.0.17.jar
verify	Build (skip ITs)	2026-09-27T10:31:35.9547244Z [INFO] Downloaded from central: https://repo.maven.apache.org/maven2/org/springframework/boot/spring-boot-starter-logging/3.5.5/spring-boot-starter-logging-3.5.5.jar (4.8 kB at 37 kB/s)
verify	Build (skip ITs)	2026-09-27T10:31:35.9549770Z [INFO] Downloading from central: https://repo.maven.apache.org/maven2/jakarta/annotation/jakarta.annotation-api/2.1.1/jakarta.annotation-api-2.1.1.jar
verify	Build (skip ITs)	2026-09-27T10:31:36.0058551Z [INFO] Downloaded from central: https://repo.maven.apache.org/maven2/ch/qos/logback/logback-classic/1.5.18/logback-classic-1.5.18.jar (307 kB at 1.7 MB/s)
verify	Build (skip ITs)	2026-09-27T10:31:36.0059671Z [INFO] Downloading from central: https://repo.maven.apache.org/maven2/org/yaml/snakeyaml/2.4/snakeyaml-2.4.jar
verify	Build (skip ITs)	2026-09-27T10:31:36.0125619Z [INFO] Downloaded from central: https://repo.maven.apache.org/maven2/org/slf4j/jul-to-slf4j/2.0.17/jul-to-slf4j-2.0.17.jar (6.3 kB at 35 kB/s)
verify	Build (skip ITs)	2026-09-27T10:31:36.0127918Z [INFO] Downloading from central: https://repo.maven.apache.org/maven2/org/springframework/boot/spring-boot-starter-json/3.5.5/spring-boot-starter-json-3.5.5.jar
verify	Build (skip ITs)	2026-09-27T10:31:36.0254626Z [INFO] Downloaded from central: https://repo.maven.apache.org/maven2/jakarta/annotation/jakarta.annotation-api/2.1.1/jakarta.annotation-api-2.1.1.jar (26 kB at 133 kB/s)
verify	Build (skip ITs)	2026-09-27T10:31:36.0259715Z [INFO] Downloading from central: https://repo.maven.apache.org/maven2/com/fasterxml/jackson/datatype/jackson-datatype-jdk8/2.19.2/jackson-datatype-jdk8-2.19.2.jar
verify	Build (skip ITs)	2026-09-27T10:31:36.0325659Z [INFO] Downloaded from central: https://repo.maven.apache.org/maven2/ch/qos/logback/logback-core/1.5.18/logback-core-1.5.18.jar (627 kB at 3.1 MB/s)
verify	Build (skip ITs)	2026-09-27T10:31:36.0328576Z [INFO] Downloading from central: https://repo.maven.apache.org/maven2/com/fasterxml/jackson/module/jackson-module-parameter-names/2.19.2/jackson-module-parameter-names-2.19.2.jar
verify	Build (skip ITs)	2026-09-27T10:31:36.0724519Z [INFO] Downloaded from central: https://repo.maven.apache.org/maven2/org/apache/logging/log4j/log4j-api/2.24.3/log4j-api-2.24.3.jar (349 kB at 1.4 MB/s)
verify	Build (skip ITs)	2026-09-27T10:31:36.0727161Z [INFO] Downloading from central: https://repo.maven.apache.org/maven2/org/springframework/boot/spring-boot-starter-tomcat/3.5.5/spring-boot-starter-tomcat-3.5.5.jar
verify	Build (skip ITs)	2026-09-27T10:31:36.0770105Z [INFO] Downloaded from central: https://repo.maven.apache.org/maven2/org/springframework/boot/spring-boot-starter-json/3.5.5/spring-boot-starter-json-3.5.5.jar (4.7 kB at 19 kB/s)
verify	Build (skip ITs)	2026-09-27T10:31:36.0780146Z [INFO] Downloading from central: https://repo.maven.apache.org/maven2/org/apache/tomcat/embed/tomcat-embed-core/10.1.44/tomcat-embed-core-10.1.44.jar
verify	Build (skip ITs)	2026-09-27T10:31:36.0909951Z [INFO] Downloaded from central: https://repo.maven.apache.org/maven2/org/yaml/snakeyaml/2.4/snakeyaml-2.4.jar (340 kB at 1.3 MB/s)
verify	Build (skip ITs)	2026-09-27T10:31:36.0911925Z [INFO] Downloading from central: https://repo.maven.apache.org/maven2/org/apache/tomcat/embed/tomcat-embed-websocket/10.1.44/tomcat-embed-websocket-10.1.44.jar
verify	Build (skip ITs)	2026-09-27T10:31:36.0977359Z [INFO] Downloaded from central: https://repo.maven.apache.org/maven2/com/fasterxml/jackson/datatype/jackson-datatype-jdk8/2.19.2/jackson-datatype-jdk8-2.19.2.jar (36 kB at 135 kB/s)
verify	Build (skip ITs)	2026-09-27T10:31:36.0989641Z [INFO] Downloading from central: https://repo.maven.apache.org/maven2/org/springframework/spring-web/6.2.10/spring-web-6.2.10.jar
verify	Build (skip ITs)	2026-09-27T10:31:36.1002388Z [INFO] Downloaded from central: https://repo.maven.apache.org/maven2/com/fasterxml/jackson/module/jackson-module-parameter-names/2.19.2/jackson-module-parameter-names-2.19.2.jar (10 kB at 38 kB/s)
verify	Build (skip ITs)	2026-09-27T10:31:36.1004551Z [INFO] Downloading from central: https://repo.maven.apache.org/maven2/org/springframework/spring-beans/6.2.10/spring-beans-6.2.10.jar
verify	Build (skip ITs)	2026-09-27T10:31:36.1362380Z [INFO] Downloaded from central: https://repo.maven.apache.org/maven2/org/springframework/boot/spring-boot-starter-tomcat/3.5.5/spring-boot-starter-tomcat-3.5.5.jar (4.8 kB at 16 kB/s)
verify	Build (skip ITs)	2026-09-27T10:31:36.1365180Z [INFO] Downloading from central: https://repo.maven.apache.org/maven2/org/springframework/spring-webmvc/6.2.10/spring-webmvc-6.2.10.jar
verify	Build (skip ITs)	2026-09-27T10:31:36.1586665Z [INFO] Downloaded from central: https://repo.maven.apache.org/maven2/org/apache/tomcat/embed/tomcat-embed-websocket/10.1.44/tomcat-embed-websocket-10.1.44.jar (284 kB at 863 kB/s)
verify	Build (skip ITs)	2026-09-27T10:31:36.1588492Z [INFO] Downloading from central: https://repo.maven.apache.org/maven2/org/springframework/spring-context/6.2.10/spring-context-6.2.10.jar
verify	Build (skip ITs)	2026-09-27T10:31:36.2089134Z [INFO] Downloaded from central: https://repo.maven.apache.org/maven2/org/springframework/spring-beans/6.2.10/spring-beans-6.2.10.jar (890 kB at 2.3 MB/s)
verify	Build (skip ITs)	2026-09-27T10:31:36.2091317Z [INFO] Downloading from central: https://repo.maven.apache.org/maven2/org/springframework/spring-expression/6.2.10/spring-expression-6.2.10.jar
verify	Build (skip ITs)	2026-09-27T10:31:36.2628396Z [INFO] Downloaded from central: https://repo.maven.apache.org/maven2/org/springframework/spring-webmvc/6.2.10/spring-webmvc-6.2.10.jar (1.1 MB at 2.5 MB/s)
verify	Build (skip ITs)	2026-09-27T10:31:36.2630521Z [INFO] Downloading from central: https://repo.maven.apache.org/maven2/org/springframework/boot/spring-boot-starter-data-jpa/3.5.5/spring-boot-starter-data-jpa-3.5.5.jar
verify	Build (skip ITs)	2026-09-27T10:31:36.2635477Z [INFO] Downloaded from central: https://repo.maven.apache.org/maven2/org/apache/tomcat/embed/tomcat-embed-core/10.1.44/tomcat-embed-core-10.1.44.jar (3.6 MB at 8.4 MB/s)
verify	Build (skip ITs)	2026-09-27T10:31:36.2638627Z [INFO] Downloading from central: https://repo.maven.apache.org/maven2/org/springframework/boot/spring-boot-starter-jdbc/3.5.5/spring-boot-starter-jdbc-3.5.5.jar
verify	Build (skip ITs)	2026-09-27T10:31:36.2651294Z [INFO] Downloaded from central: https://repo.maven.apache.org/maven2/org/springframework/spring-context/6.2.10/spring-context-6.2.10.jar (1.4 MB at 3.1 MB/s)
verify	Build (skip ITs)	2026-09-27T10:31:36.2653488Z [INFO] Downloading from central: https://repo.maven.apache.org/maven2/com/zaxxer/HikariCP/6.3.2/HikariCP-6.3.2.jar
verify	Build (skip ITs)	2026-09-27T10:31:36.2816582Z [INFO] Downloaded from central: https://repo.maven.apache.org/maven2/org/springframework/spring-expression/6.2.10/spring-expression-6.2.10.jar (318 kB at 703 kB/s)
verify	Build (skip ITs)	2026-09-27T10:31:36.2820770Z [INFO] Downloading from central: https://repo.maven.apache.org/maven2/org/springframework/spring-jdbc/6.2.10/spring-jdbc-6.2.10.jar
verify	Build (skip ITs)	2026-09-27T10:31:36.2929615Z [INFO] Downloaded from central: https://repo.maven.apache.org/maven2/org/springframework/spring-web/6.2.10/spring-web-6.2.10.jar (2.1 MB at 4.5 MB/s)
verify	Build (skip ITs)	2026-09-27T10:31:36.2931041Z [INFO] Downloading from central: https://repo.maven.apache.org/maven2/org/hibernate/orm/hibernate-core/6.6.26.Final/hibernate-core-6.6.26.Final.jar
verify	Build (skip ITs)	2026-09-27T10:31:36.3249502Z [INFO] Downloaded from central: https://repo.maven.apache.org/maven2/org/springframework/boot/spring-boot-starter-jdbc/3.5.5/spring-boot-starter-jdbc-3.5.5.jar (4.8 kB at 9.6 kB/s)
verify	Build (skip ITs)	2026-09-27T10:31:36.3252235Z [INFO] Downloading from central: https://repo.maven.apache.org/maven2/jakarta/persistence/jakarta.persistence-api/3.1.0/jakarta.persistence-api-3.1.0.jar
verify	Build (skip ITs)	2026-09-27T10:31:36.3267310Z [INFO] Downloaded from central: https://repo.maven.apache.org/maven2/org/springframework/boot/spring-boot-starter-data-jpa/3.5.5/spring-boot-starter-data-jpa-3.5.5.jar (4.8 kB at 9.6 kB/s)
verify	Build (skip ITs)	2026-09-27T10:31:36.3269346Z [INFO] Downloading from central: https://repo.maven.apache.org/maven2/jakarta/transaction/jakarta.transaction-api/2.0.1/jakarta.transaction-api-2.0.1.jar
verify	Build (skip ITs)	2026-09-27T10:31:36.3302976Z [INFO] Downloaded from central: https://repo.maven.apache.org/maven2/com/zaxxer/HikariCP/6.3.2/HikariCP-6.3.2.jar (171 kB at 342 kB/s)
verify	Build (skip ITs)	2026-09-27T10:31:36.3305321Z [INFO] Downloading from central: https://repo.maven.apache.org/maven2/org/jboss/logging/jboss-logging/3.6.1.Final/jboss-logging-3.6.1.Final.jar
verify	Build (skip ITs)	2026-09-27T10:31:36.3574414Z [INFO] Downloaded from central: https://repo.maven.apache.org/maven2/org/springframework/spring-jdbc/6.2.10/spring-jdbc-6.2.10.jar (472 kB at 896 kB/s)
verify	Build (skip ITs)	2026-09-27T10:31:36.3578028Z [INFO] Downloading from central: https://repo.maven.apache.org/maven2/org/hibernate/common/hibernate-commons-annotations/7.0.3.Final/hibernate-commons-annotations-7.0.3.Final.jar
verify	Build (skip ITs)	2026-09-27T10:31:36.3890251Z [INFO] Downloaded from central: https://repo.maven.apache.org/maven2/jakarta/transaction/jakarta.transaction-api/2.0.1/jakarta.transaction-api-2.0.1.jar (29 kB at 51 kB/s)
verify	Build (skip ITs)	2026-09-27T10:31:36.3893929Z [INFO] Downloading from central: https://repo.maven.apache.org/maven2/io/smallrye/jandex/3.2.0/jandex-3.2.0.jar
verify	Build (skip ITs)	2026-09-27T10:31:36.3953198Z [INFO] Downloaded from central: https://repo.maven.apache.org/maven2/jakarta/persistence/jakarta.persistence-api/3.1.0/jakarta.persistence-api-3.1.0.jar (165 kB at 292 kB/s)
verify	Build (skip ITs)	2026-09-27T10:31:36.3955353Z [INFO] Downloading from central: https://repo.maven.apache.org/maven2/com/fasterxml/classmate/1.7.0/classmate-1.7.0.jar
verify	Build (skip ITs)	2026-09-27T10:31:36.3964249Z [INFO] Downloaded from central: https://repo.maven.apache.org/maven2/org/jboss/logging/jboss-logging/3.6.1.Final/jboss-logging-3.6.1.Final.jar (62 kB at 109 kB/s)
verify	Build (skip ITs)	2026-09-27T10:31:36.3966239Z [INFO] Downloading from central: https://repo.maven.apache.org/maven2/net/bytebuddy/byte-buddy/1.17.7/byte-buddy-1.17.7.jar
verify	Build (skip ITs)	2026-09-27T10:31:36.4230806Z [INFO] Downloaded from central: https://repo.maven.apache.org/maven2/org/hibernate/common/hibernate-commons-annotations/7.0.3.Final/hibernate-commons-annotations-7.0.3.Final.jar (68 kB at 115 kB/s)
verify	Build (skip ITs)	2026-09-27T10:31:36.4233601Z [INFO] Downloading from central: https://repo.maven.apache.org/maven2/org/glassfish/jaxb/jaxb-runtime/4.0.5/jaxb-runtime-4.0.5.jar
verify	Build (skip ITs)	2026-09-27T10:31:36.4632371Z [INFO] Downloaded from central: https://repo.maven.apache.org/maven2/io/smallrye/jandex/3.2.0/jandex-3.2.0.jar (375 kB at 595 kB/s)
verify	Build (skip ITs)	2026-09-27T10:31:36.4634086Z [INFO] Downloading from central: https://repo.maven.apache.org/maven2/org/glassfish/jaxb/jaxb-core/4.0.5/jaxb-core-4.0.5.jar
verify	Build (skip ITs)	2026-09-27T10:31:36.4689268Z [INFO] Downloaded from central: https://repo.maven.apache.org/maven2/org/hibernate/orm/hibernate-core/6.6.26.Final/hibernate-core-6.6.26.Final.jar (12 MB at 19 MB/s)
verify	Build (skip ITs)	2026-09-27T10:31:36.4708707Z [INFO] Downloading from central: https://repo.maven.apache.org/maven2/org/eclipse/angus/angus-activation/2.0.2/angus-activation-2.0.2.jar
verify	Build (skip ITs)	2026-09-27T10:31:36.4716281Z [INFO] Downloaded from central: https://repo.maven.apache.org/maven2/com/fasterxml/classmate/1.7.0/classmate-1.7.0.jar (69 kB at 108 kB/s)
verify	Build (skip ITs)	2026-09-27T10:31:36.4725614Z [INFO] Downloading from central: https://repo.maven.apache.org/maven2/org/glassfish/jaxb/txw2/4.0.5/txw2-4.0.5.jar
verify	Build (skip ITs)	2026-09-27T10:31:36.4962684Z [INFO] Downloaded from central: https://repo.maven.apache.org/maven2/org/glassfish/jaxb/jaxb-runtime/4.0.5/jaxb-runtime-4.0.5.jar (920 kB at 1.4 MB/s)
verify	Build (skip ITs)	2026-09-27T10:31:36.4965030Z [INFO] Downloading from central: https://repo.maven.apache.org/maven2/com/sun/istack/istack-commons-runtime/4.1.2/istack-commons-runtime-4.1.2.jar
verify	Build (skip ITs)	2026-09-27T10:31:36.5255474Z [INFO] Downloaded from central: https://repo.maven.apache.org/maven2/org/glassfish/jaxb/jaxb-core/4.0.5/jaxb-core-4.0.5.jar (139 kB at 200 kB/s)
verify	Build (skip ITs)	2026-09-27T10:31:36.5257645Z [INFO] Downloading from central: https://repo.maven.apache.org/maven2/jakarta/inject/jakarta.inject-api/2.0.1/jakarta.inject-api-2.0.1.jar
verify	Build (skip ITs)	2026-09-27T10:31:36.5320572Z [INFO] Downloaded from central: https://repo.maven.apache.org/maven2/org/eclipse/angus/angus-activation/2.0.2/angus-activation-2.0.2.jar (27 kB at 39 kB/s)
verify	Build (skip ITs)	2026-09-27T10:31:36.5322674Z [INFO] Downloading from central: https://repo.maven.apache.org/maven2/org/antlr/antlr4-runtime/4.13.0/antlr4-runtime-4.13.0.jar
verify	Build (skip ITs)	2026-09-27T10:31:36.5394828Z [INFO] Downloaded from central: https://repo.maven.apache.org/maven2/org/glassfish/jaxb/txw2/4.0.5/txw2-4.0.5.jar (73 kB at 103 kB/s)
verify	Build (skip ITs)	2026-09-27T10:31:36.5396654Z [INFO] Downloading from central: https://repo.maven.apache.org/maven2/org/springframework/data/spring-data-jpa/3.5.3/spring-data-jpa-3.5.3.jar
verify	Build (skip ITs)	2026-09-27T10:31:36.5455646Z [INFO] Downloaded from central: https://repo.maven.apache.org/maven2/net/bytebuddy/byte-buddy/1.17.7/byte-buddy-1.17.7.jar (9.0 MB at 13 MB/s)
verify	Build (skip ITs)	2026-09-27T10:31:36.5457485Z [INFO] Downloading from central: https://repo.maven.apache.org/maven2/org/springframework/data/spring-data-commons/3.5.3/spring-data-commons-3.5.3.jar
verify	Build (skip ITs)	2026-09-27T10:31:36.5584059Z [INFO] Downloaded from central: https://repo.maven.apache.org/maven2/com/sun/istack/istack-commons-runtime/4.1.2/istack-commons-runtime-4.1.2.jar (26 kB at 36 kB/s)
verify	Build (skip ITs)	2026-09-27T10:31:36.5585674Z [INFO] Downloading from central: https://repo.maven.apache.org/maven2/org/springframework/spring-orm/6.2.10/spring-orm-6.2.10.jar
verify	Build (skip ITs)	2026-09-27T10:31:36.5859410Z [INFO] Downloaded from central: https://repo.maven.apache.org/maven2/jakarta/inject/jakarta.inject-api/2.0.1/jakarta.inject-api-2.0.1.jar (11 kB at 14 kB/s)
verify	Build (skip ITs)	2026-09-27T10:31:36.5861378Z [INFO] Downloading from central: https://repo.maven.apache.org/maven2/org/springframework/spring-tx/6.2.10/spring-tx-6.2.10.jar
verify	Build (skip ITs)	2026-09-27T10:31:36.5995676Z [INFO] Downloaded from central: https://repo.maven.apache.org/maven2/org/antlr/antlr4-runtime/4.13.0/antlr4-runtime-4.13.0.jar (326 kB at 425 kB/s)
verify	Build (skip ITs)	2026-09-27T10:31:36.5997057Z [INFO] Downloading from central: https://repo.maven.apache.org/maven2/org/slf4j/slf4j-api/2.0.17/slf4j-api-2.0.17.jar
verify	Build (skip ITs)	2026-09-27T10:31:36.6175458Z [INFO] Downloaded from central: https://repo.maven.apache.org/maven2/org/springframework/data/spring-data-commons/3.5.3/spring-data-commons-3.5.3.jar (1.5 MB at 1.9 MB/s)
verify	Build (skip ITs)	2026-09-27T10:31:36.6177902Z [INFO] Downloading from central: https://repo.maven.apache.org/maven2/org/springframework/spring-aspects/6.2.10/spring-aspects-6.2.10.jar
verify	Build (skip ITs)	2026-09-27T10:31:36.6259771Z [INFO] Downloaded from central: https://repo.maven.apache.org/maven2/org/springframework/spring-orm/6.2.10/spring-orm-6.2.10.jar (235 kB at 296 kB/s)
verify	Build (skip ITs)	2026-09-27T10:31:36.6261657Z [INFO] Downloading from central: https://repo.maven.apache.org/maven2/org/springframework/boot/spring-boot-starter-validation/3.5.5/spring-boot-starter-validation-3.5.5.jar
verify	Build (skip ITs)	2026-09-27T10:31:36.6391707Z [INFO] Downloaded from central: https://repo.maven.apache.org/maven2/org/springframework/data/spring-data-jpa/3.5.3/spring-data-jpa-3.5.3.jar (1.8 MB at 2.3 MB/s)
verify	Build (skip ITs)	2026-09-27T10:31:36.6394539Z [INFO] Downloading from central: https://repo.maven.apache.org/maven2/org/apache/tomcat/embed/tomcat-embed-el/10.1.44/tomcat-embed-el-10.1.44.jar
verify	Build (skip ITs)	2026-09-27T10:31:36.6510014Z [INFO] Downloaded from central: https://repo.maven.apache.org/maven2/org/springframework/spring-tx/6.2.10/spring-tx-6.2.10.jar (286 kB at 349 kB/s)
verify	Build (skip ITs)	2026-09-27T10:31:36.6511917Z [INFO] Downloading from central: https://repo.maven.apache.org/maven2/org/hibernate/validator/hibernate-validator/8.0.3.Final/hibernate-validator-8.0.3.Final.jar
verify	Build (skip ITs)	2026-09-27T10:31:36.6731005Z [INFO] Downloaded from central: https://repo.maven.apache.org/maven2/org/slf4j/slf4j-api/2.0.17/slf4j-api-2.0.17.jar (70 kB at 83 kB/s)
verify	Build (skip ITs)	2026-09-27T10:31:36.6733276Z [INFO] Downloading from central: https://repo.maven.apache.org/maven2/jakarta/validation/jakarta.validation-api/3.0.2/jakarta.validation-api-3.0.2.jar
verify	Build (skip ITs)	2026-09-27T10:31:36.6799491Z [INFO] Downloaded from central: https://repo.maven.apache.org/maven2/org/springframework/spring-aspects/6.2.10/spring-aspects-6.2.10.jar (50 kB at 59 kB/s)
verify	Build (skip ITs)	2026-09-27T10:31:36.6801294Z [INFO] Downloading from central: https://repo.maven.apache.org/maven2/org/springframework/boot/spring-boot-starter-security/3.5.5/spring-boot-starter-security-3.5.5.jar
verify	Build (skip ITs)	2026-09-27T10:31:36.6896419Z [INFO] Downloaded from central: https://repo.maven.apache.org/maven2/org/springframework/boot/spring-boot-starter-validation/3.5.5/spring-boot-starter-validation-3.5.5.jar (4.8 kB at 5.6 kB/s)
verify	Build (skip ITs)	2026-09-27T10:31:36.6897751Z [INFO] Downloading from central: https://repo.maven.apache.org/maven2/org/springframework/spring-aop/6.2.10/spring-aop-6.2.10.jar
verify	Build (skip ITs)	2026-09-27T10:31:36.7139106Z [INFO] Downloaded from central: https://repo.maven.apache.org/maven2/org/apache/tomcat/embed/tomcat-embed-el/10.1.44/tomcat-embed-el-10.1.44.jar (264 kB at 300 kB/s)
verify	Build (skip ITs)	2026-09-27T10:31:36.7141264Z [INFO] Downloading from central: https://repo.maven.apache.org/maven2/org/springframework/security/spring-security-config/6.5.3/spring-security-config-6.5.3.jar
verify	Build (skip ITs)	2026-09-27T10:31:36.7194968Z [INFO] Downloaded from central: https://repo.maven.apache.org/maven2/org/hibernate/validator/hibernate-validator/8.0.3.Final/hibernate-validator-8.0.3.Final.jar (1.3 MB at 1.5 MB/s)
verify	Build (skip ITs)	2026-09-27T10:31:36.7197670Z [INFO] Downloading from central: https://repo.maven.apache.org/maven2/org/springframework/security/spring-security-web/6.5.3/spring-security-web-6.5.3.jar
verify	Build (skip ITs)	2026-09-27T10:31:36.7401197Z [INFO] Downloaded from central: https://repo.maven.apache.org/maven2/org/springframework/boot/spring-boot-starter-security/3.5.5/spring-boot-starter-security-3.5.5.jar (4.7 kB at 5.2 kB/s)
verify	Build (skip ITs)	2026-09-27T10:31:36.7404578Z [INFO] Downloading from central: https://repo.maven.apache.org/maven2/org/springframework/boot/spring-boot-starter-actuator/3.5.5/spring-boot-starter-actuator-3.5.5.jar
verify	Build (skip ITs)	2026-09-27T10:31:36.7407381Z [INFO] Downloaded from central: https://repo.maven.apache.org/maven2/jakarta/validation/jakarta.validation-api/3.0.2/jakarta.validation-api-3.0.2.jar (93 kB at 103 kB/s)
verify	Build (skip ITs)	2026-09-27T10:31:36.7409957Z [INFO] Downloading from central: https://repo.maven.apache.org/maven2/org/springframework/boot/spring-boot-actuator-autoconfigure/3.5.5/spring-boot-actuator-autoconfigure-3.5.5.jar
verify	Build (skip ITs)	2026-09-27T10:31:36.7620955Z [INFO] Downloaded from central: https://repo.maven.apache.org/maven2/org/springframework/spring-aop/6.2.10/spring-aop-6.2.10.jar (420 kB at 452 kB/s)
verify	Build (skip ITs)	2026-09-27T10:31:36.7624784Z [INFO] Downloading from central: https://repo.maven.apache.org/maven2/org/springframework/boot/spring-boot-actuator/3.5.5/spring-boot-actuator-3.5.5.jar
verify	Build (skip ITs)	2026-09-27T10:31:36.8008945Z [INFO] Downloaded from central: https://repo.maven.apache.org/maven2/org/springframework/boot/spring-boot-starter-actuator/3.5.5/spring-boot-starter-actuator-3.5.5.jar (4.8 kB at 5.0 kB/s)
verify	Build (skip ITs)	2026-09-27T10:31:36.8011852Z [INFO] Downloaded from central: https://repo.maven.apache.org/maven2/org/springframework/security/spring-security-web/6.5.3/spring-security-web-6.5.3.jar (1.1 MB at 1.1 MB/s)
verify	Build (skip ITs)	2026-09-27T10:31:36.8014173Z [INFO] Downloading from central: https://repo.maven.apache.org/maven2/io/micrometer/micrometer-observation/1.15.3/micrometer-observation-1.15.3.jar
verify	Build (skip ITs)	2026-09-27T10:31:36.8016097Z [INFO] Downloading from central: https://repo.maven.apache.org/maven2/io/micrometer/micrometer-commons/1.15.3/micrometer-commons-1.15.3.jar
verify	Build (skip ITs)	2026-09-27T10:31:36.8040873Z [INFO] Downloaded from central: https://repo.maven.apache.org/maven2/org/springframework/security/spring-security-config/6.5.3/spring-security-config-6.5.3.jar (2.1 MB at 2.2 MB/s)
verify	Build (skip ITs)	2026-09-27T10:31:36.8136506Z [INFO] Downloading from central: https://repo.maven.apache.org/maven2/io/micrometer/micrometer-jakarta9/1.15.3/micrometer-jakarta9-1.15.3.jar
verify	Build (skip ITs)	2026-09-27T10:31:36.8139568Z [INFO] Downloaded from central: https://repo.maven.apache.org/maven2/org/springframework/boot/spring-boot-actuator-autoconfigure/3.5.5/spring-boot-actuator-autoconfigure-3.5.5.jar (835 kB at 850 kB/s)
verify	Build (skip ITs)	2026-09-27T10:31:36.8142301Z [INFO] Downloading from central: https://repo.maven.apache.org/maven2/org/springframework/boot/spring-boot-starter-aop/3.5.5/spring-boot-starter-aop-3.5.5.jar
verify	Build (skip ITs)	2026-09-27T10:31:36.8344053Z [INFO] Downloaded from central: https://repo.maven.apache.org/maven2/org/springframework/boot/spring-boot-actuator/3.5.5/spring-boot-actuator-3.5.5.jar (704 kB at 702 kB/s)
verify	Build (skip ITs)	2026-09-27T10:31:36.8345485Z [INFO] Downloading from central: https://repo.maven.apache.org/maven2/org/aspectj/aspectjweaver/1.9.24/aspectjweaver-1.9.24.jar
verify	Build (skip ITs)	2026-09-27T10:31:36.8622246Z [INFO] Downloaded from central: https://repo.maven.apache.org/maven2/io/micrometer/micrometer-commons/1.15.3/micrometer-commons-1.15.3.jar (49 kB at 48 kB/s)
verify	Build (skip ITs)	2026-09-27T10:31:36.8623651Z [INFO] Downloading from central: https://repo.maven.apache.org/maven2/org/postgresql/postgresql/42.7.7/postgresql-42.7.7.jar
verify	Build (skip ITs)	2026-09-27T10:31:36.8647561Z [INFO] Downloaded from central: https://repo.maven.apache.org/maven2/io/micrometer/micrometer-observation/1.15.3/micrometer-observation-1.15.3.jar (75 kB at 73 kB/s)
verify	Build (skip ITs)	2026-09-27T10:31:36.8722802Z [INFO] Downloading from central: https://repo.maven.apache.org/maven2/org/checkerframework/checker-qual/3.49.3/checker-qual-3.49.3.jar
verify	Build (skip ITs)	2026-09-27T10:31:36.8725120Z [INFO] Downloaded from central: https://repo.maven.apache.org/maven2/io/micrometer/micrometer-jakarta9/1.15.3/micrometer-jakarta9-1.15.3.jar (33 kB at 32 kB/s)
verify	Build (skip ITs)	2026-09-27T10:31:36.8727593Z [INFO] Downloading from central: https://repo.maven.apache.org/maven2/org/flywaydb/flyway-core/11.7.2/flyway-core-11.7.2.jar
verify	Build (skip ITs)	2026-09-27T10:31:36.8830595Z [INFO] Downloaded from central: https://repo.maven.apache.org/maven2/org/springframework/boot/spring-boot-starter-aop/3.5.5/spring-boot-starter-aop-3.5.5.jar (4.8 kB at 4.5 kB/s)
verify	Build (skip ITs)	2026-09-27T10:31:36.8833103Z [INFO] Downloading from central: https://repo.maven.apache.org/maven2/com/fasterxml/jackson/dataformat/jackson-dataformat-toml/2.19.2/jackson-dataformat-toml-2.19.2.jar
verify	Build (skip ITs)	2026-09-27T10:31:36.9265044Z [INFO] Downloaded from central: https://repo.maven.apache.org/maven2/org/postgresql/postgresql/42.7.7/postgresql-42.7.7.jar (1.1 MB at 1.0 MB/s)
verify	Build (skip ITs)	2026-09-27T10:31:36.9266906Z [INFO] Downloading from central: https://repo.maven.apache.org/maven2/com/fasterxml/jackson/core/jackson-core/2.19.2/jackson-core-2.19.2.jar
verify	Build (skip ITs)	2026-09-27T10:31:36.9278581Z [INFO] Downloaded from central: https://repo.maven.apache.org/maven2/org/checkerframework/checker-qual/3.49.3/checker-qual-3.49.3.jar (238 kB at 218 kB/s)
verify	Build (skip ITs)	2026-09-27T10:31:36.9281006Z [INFO] Downloading from central: https://repo.maven.apache.org/maven2/com/fasterxml/jackson/datatype/jackson-datatype-jsr310/2.19.2/jackson-datatype-jsr310-2.19.2.jar
verify	Build (skip ITs)	2026-09-27T10:31:36.9322994Z [INFO] Downloaded from central: https://repo.maven.apache.org/maven2/org/aspectj/aspectjweaver/1.9.24/aspectjweaver-1.9.24.jar (2.2 MB at 2.0 MB/s)
verify	Build (skip ITs)	2026-09-27T10:31:36.9324899Z [INFO] Downloading from central: https://repo.maven.apache.org/maven2/com/fasterxml/jackson/core/jackson-annotations/2.19.2/jackson-annotations-2.19.2.jar
verify	Build (skip ITs)	2026-09-27T10:31:36.9446621Z [INFO] Downloaded from central: https://repo.maven.apache.org/maven2/org/flywaydb/flyway-core/11.7.2/flyway-core-11.7.2.jar (698 kB at 628 kB/s)
verify	Build (skip ITs)	2026-09-27T10:31:36.9449260Z [INFO] Downloading from central: https://repo.maven.apache.org/maven2/org/mapstruct/mapstruct/1.6.3/mapstruct-1.6.3.jar
verify	Build (skip ITs)	2026-09-27T10:31:36.9565367Z [INFO] Downloaded from central: https://repo.maven.apache.org/maven2/com/fasterxml/jackson/dataformat/jackson-dataformat-toml/2.19.2/jackson-dataformat-toml-2.19.2.jar (56 kB at 50 kB/s)
verify	Build (skip ITs)	2026-09-27T10:31:36.9568046Z [INFO] Downloading from central: https://repo.maven.apache.org/maven2/io/jsonwebtoken/jjwt-api/0.11.5/jjwt-api-0.11.5.jar
verify	Build (skip ITs)	2026-09-27T10:31:36.9893963Z [INFO] Downloaded from central: https://repo.maven.apache.org/maven2/com/fasterxml/jackson/core/jackson-core/2.19.2/jackson-core-2.19.2.jar (591 kB at 511 kB/s)
verify	Build (skip ITs)	2026-09-27T10:31:36.9896337Z [INFO] Downloaded from central: https://repo.maven.apache.org/maven2/com/fasterxml/jackson/datatype/jackson-datatype-jsr310/2.19.2/jackson-datatype-jsr310-2.19.2.jar (137 kB at 118 kB/s)
verify	Build (skip ITs)	2026-09-27T10:31:36.9898633Z [INFO] Downloading from central: https://repo.maven.apache.org/maven2/io/jsonwebtoken/jjwt-impl/0.11.5/jjwt-impl-0.11.5.jar
verify	Build (skip ITs)	2026-09-27T10:31:36.9900455Z [INFO] Downloading from central: https://repo.maven.apache.org/maven2/io/jsonwebtoken/jjwt-jackson/0.11.5/jjwt-jackson-0.11.5.jar
verify	Build (skip ITs)	2026-09-27T10:31:36.9953875Z [INFO] Downloaded from central: https://repo.maven.apache.org/maven2/com/fasterxml/jackson/core/jackson-annotations/2.19.2/jackson-annotations-2.19.2.jar (79 kB at 68 kB/s)
verify	Build (skip ITs)	2026-09-27T10:31:36.9955936Z [INFO] Downloading from central: https://repo.maven.apache.org/maven2/com/fasterxml/jackson/core/jackson-databind/2.19.2/jackson-databind-2.19.2.jar
verify	Build (skip ITs)	2026-09-27T10:31:37.0143168Z [INFO] Downloaded from central: https://repo.maven.apache.org/maven2/org/mapstruct/mapstruct/1.6.3/mapstruct-1.6.3.jar (34 kB at 29 kB/s)
verify	Build (skip ITs)	2026-09-27T10:31:37.0145538Z [INFO] Downloading from central: https://repo.maven.apache.org/maven2/net/logstash/logback/logstash-logback-encoder/9.0/logstash-logback-encoder-9.0.jar
verify	Build (skip ITs)	2026-09-27T10:31:37.0276979Z [INFO] Downloaded from central: https://repo.maven.apache.org/maven2/io/jsonwebtoken/jjwt-api/0.11.5/jjwt-api-0.11.5.jar (77 kB at 65 kB/s)
verify	Build (skip ITs)	2026-09-27T10:31:37.0279419Z [INFO] Downloading from central: https://repo.maven.apache.org/maven2/tools/jackson/core/jackson-databind/3.0.1/jackson-databind-3.0.1.jar
verify	Build (skip ITs)	2026-09-27T10:31:37.0490979Z [INFO] Downloaded from central: https://repo.maven.apache.org/maven2/io/jsonwebtoken/jjwt-jackson/0.11.5/jjwt-jackson-0.11.5.jar (8.2 kB at 6.8 kB/s)
verify	Build (skip ITs)	2026-09-27T10:31:37.0501509Z [INFO] Downloading from central: https://repo.maven.apache.org/maven2/tools/jackson/core/jackson-core/3.0.1/jackson-core-3.0.1.jar
verify	Build (skip ITs)	2026-09-27T10:31:37.0525718Z [INFO] Downloaded from central: https://repo.maven.apache.org/maven2/io/jsonwebtoken/jjwt-impl/0.11.5/jjwt-impl-0.11.5.jar (81 kB at 66 kB/s)
verify	Build (skip ITs)	2026-09-27T10:31:37.0528114Z [INFO] Downloading from central: https://repo.maven.apache.org/maven2/org/springdoc/springdoc-openapi-starter-webmvc-ui/2.8.13/springdoc-openapi-starter-webmvc-ui-2.8.13.jar
verify	Build (skip ITs)	2026-09-27T10:31:37.0884738Z [INFO] Downloaded from central: https://repo.maven.apache.org/maven2/com/fasterxml/jackson/core/jackson-databind/2.19.2/jackson-databind-2.19.2.jar (1.7 MB at 1.3 MB/s)
verify	Build (skip ITs)	2026-09-27T10:31:37.0886807Z [INFO] Downloading from central: https://repo.maven.apache.org/maven2/org/springdoc/springdoc-openapi-starter-webmvc-api/2.8.13/springdoc-openapi-starter-webmvc-api-2.8.13.jar
verify	Build (skip ITs)	2026-09-27T10:31:37.0899125Z [INFO] Downloaded from central: https://repo.maven.apache.org/maven2/net/logstash/logback/logstash-logback-encoder/9.0/logstash-logback-encoder-9.0.jar (442 kB at 351 kB/s)
verify	Build (skip ITs)	2026-09-27T10:31:37.0901398Z [INFO] Downloading from central: https://repo.maven.apache.org/maven2/org/springdoc/springdoc-openapi-starter-common/2.8.13/springdoc-openapi-starter-common-2.8.13.jar
verify	Build (skip ITs)	2026-09-27T10:31:37.1057994Z [INFO] Downloaded from central: https://repo.maven.apache.org/maven2/tools/jackson/core/jackson-databind/3.0.1/jackson-databind-3.0.1.jar (1.9 MB at 1.5 MB/s)
verify	Build (skip ITs)	2026-09-27T10:31:37.1142195Z [INFO] Downloading from central: https://repo.maven.apache.org/maven2/io/swagger/core/v3/swagger-core-jakarta/2.2.36/swagger-core-jakarta-2.2.36.jar
verify	Build (skip ITs)	2026-09-27T10:31:37.1144638Z [INFO] Downloaded from central: https://repo.maven.apache.org/maven2/org/springdoc/springdoc-openapi-starter-webmvc-ui/2.8.13/springdoc-openapi-starter-webmvc-ui-2.8.13.jar (23 kB at 18 kB/s)
verify	Build (skip ITs)	2026-09-27T10:31:37.1146348Z [INFO] Downloading from central: https://repo.maven.apache.org/maven2/org/apache/commons/commons-lang3/3.17.0/commons-lang3-3.17.0.jar
verify	Build (skip ITs)	2026-09-27T10:31:37.1214738Z [INFO] Downloaded from central: https://repo.maven.apache.org/maven2/tools/jackson/core/jackson-core/3.0.1/jackson-core-3.0.1.jar (593 kB at 460 kB/s)
verify	Build (skip ITs)	2026-09-27T10:31:37.1216174Z [INFO] Downloading from central: https://repo.maven.apache.org/maven2/io/swagger/core/v3/swagger-annotations-jakarta/2.2.36/swagger-annotations-jakarta-2.2.36.jar
verify	Build (skip ITs)	2026-09-27T10:31:37.1535339Z [INFO] Downloaded from central: https://repo.maven.apache.org/maven2/org/springdoc/springdoc-openapi-starter-webmvc-api/2.8.13/springdoc-openapi-starter-webmvc-api-2.8.13.jar (43 kB at 32 kB/s)
verify	Build (skip ITs)	2026-09-27T10:31:37.1538958Z [INFO] Downloading from central: https://repo.maven.apache.org/maven2/io/swagger/core/v3/swagger-models-jakarta/2.2.36/swagger-models-jakarta-2.2.36.jar
verify	Build (skip ITs)	2026-09-27T10:31:37.1617103Z [INFO] Downloaded from central: https://repo.maven.apache.org/maven2/org/springdoc/springdoc-openapi-starter-common/2.8.13/springdoc-openapi-starter-common-2.8.13.jar (539 kB at 406 kB/s)
verify	Build (skip ITs)	2026-09-27T10:31:37.1620045Z [INFO] Downloading from central: https://repo.maven.apache.org/maven2/com/fasterxml/jackson/dataformat/jackson-dataformat-yaml/2.19.2/jackson-dataformat-yaml-2.19.2.jar
verify	Build (skip ITs)	2026-09-27T10:31:37.1760028Z [INFO] Downloaded from central: https://repo.maven.apache.org/maven2/io/swagger/core/v3/swagger-core-jakarta/2.2.36/swagger-core-jakarta-2.2.36.jar (251 kB at 187 kB/s)
verify	Build (skip ITs)	2026-09-27T10:31:37.1761476Z [INFO] Downloading from central: https://repo.maven.apache.org/maven2/org/webjars/swagger-ui/5.28.1/swagger-ui-5.28.1.jar
verify	Build (skip ITs)	2026-09-27T10:31:37.1792313Z [INFO] Downloaded from central: https://repo.maven.apache.org/maven2/org/apache/commons/commons-lang3/3.17.0/commons-lang3-3.17.0.jar (674 kB at 500 kB/s)
verify	Build (skip ITs)	2026-09-27T10:31:37.1793866Z [INFO] Downloading from central: https://repo.maven.apache.org/maven2/org/webjars/webjars-locator-lite/1.1.0/webjars-locator-lite-1.1.0.jar
verify	Build (skip ITs)	2026-09-27T10:31:37.1879813Z [INFO] Downloaded from central: https://repo.maven.apache.org/maven2/io/swagger/core/v3/swagger-annotations-jakarta/2.2.36/swagger-annotations-jakarta-2.2.36.jar (51 kB at 37 kB/s)
verify	Build (skip ITs)	2026-09-27T10:31:37.1881848Z [INFO] Downloading from central: https://repo.maven.apache.org/maven2/org/jspecify/jspecify/1.0.0/jspecify-1.0.0.jar
verify	Build (skip ITs)	2026-09-27T10:31:37.2179784Z [INFO] Downloaded from central: https://repo.maven.apache.org/maven2/io/swagger/core/v3/swagger-models-jakarta/2.2.36/swagger-models-jakarta-2.2.36.jar (140 kB at 101 kB/s)
verify	Build (skip ITs)	2026-09-27T10:31:37.2181960Z [INFO] Downloading from central: https://repo.maven.apache.org/maven2/io/micrometer/micrometer-registry-prometheus/1.15.3/micrometer-registry-prometheus-1.15.3.jar
verify	Build (skip ITs)	2026-09-27T10:31:37.2272666Z [INFO] Downloaded from central: https://repo.maven.apache.org/maven2/com/fasterxml/jackson/dataformat/jackson-dataformat-yaml/2.19.2/jackson-dataformat-yaml-2.19.2.jar (60 kB at 43 kB/s)
verify	Build (skip ITs)	2026-09-27T10:31:37.2275317Z [INFO] Downloading from central: https://repo.maven.apache.org/maven2/io/micrometer/micrometer-core/1.15.3/micrometer-core-1.15.3.jar
verify	Build (skip ITs)	2026-09-27T10:31:37.2444105Z [INFO] Downloaded from central: https://repo.maven.apache.org/maven2/org/webjars/webjars-locator-lite/1.1.0/webjars-locator-lite-1.1.0.jar (8.1 kB at 5.7 kB/s)
verify	Build (skip ITs)	2026-09-27T10:31:37.2446281Z [INFO] Downloading from central: https://repo.maven.apache.org/maven2/org/hdrhistogram/HdrHistogram/2.2.2/HdrHistogram-2.2.2.jar
verify	Build (skip ITs)	2026-09-27T10:31:37.2496157Z [INFO] Downloaded from central: https://repo.maven.apache.org/maven2/org/jspecify/jspecify/1.0.0/jspecify-1.0.0.jar (3.8 kB at 2.7 kB/s)
verify	Build (skip ITs)	2026-09-27T10:31:37.2497837Z [INFO] Downloading from central: https://repo.maven.apache.org/maven2/org/latencyutils/LatencyUtils/2.0.3/LatencyUtils-2.0.3.jar
verify	Build (skip ITs)	2026-09-27T10:31:37.2533959Z [INFO] Downloaded from central: https://repo.maven.apache.org/maven2/org/webjars/swagger-ui/5.28.1/swagger-ui-5.28.1.jar (1.1 MB at 800 kB/s)
verify	Build (skip ITs)	2026-09-27T10:31:37.2535774Z [INFO] Downloading from central: https://repo.maven.apache.org/maven2/io/prometheus/prometheus-metrics-core/1.3.10/prometheus-metrics-core-1.3.10.jar
verify	Build (skip ITs)	2026-09-27T10:31:37.2791232Z [INFO] Downloaded from central: https://repo.maven.apache.org/maven2/io/micrometer/micrometer-registry-prometheus/1.15.3/micrometer-registry-prometheus-1.15.3.jar (42 kB at 29 kB/s)
verify	Build (skip ITs)	2026-09-27T10:31:37.2793059Z [INFO] Downloading from central: https://repo.maven.apache.org/maven2/io/prometheus/prometheus-metrics-model/1.3.10/prometheus-metrics-model-1.3.10.jar
verify	Build (skip ITs)	2026-09-27T10:31:37.3009647Z [INFO] Downloaded from central: https://repo.maven.apache.org/maven2/io/micrometer/micrometer-core/1.15.3/micrometer-core-1.15.3.jar (864 kB at 589 kB/s)
verify	Build (skip ITs)	2026-09-27T10:31:37.3012586Z [INFO] Downloading from central: https://repo.maven.apache.org/maven2/io/prometheus/prometheus-metrics-config/1.3.10/prometheus-metrics-config-1.3.10.jar
verify	Build (skip ITs)	2026-09-27T10:31:37.3040761Z [INFO] Downloaded from central: https://repo.maven.apache.org/maven2/org/hdrhistogram/HdrHistogram/2.2.2/HdrHistogram-2.2.2.jar (177 kB at 120 kB/s)
verify	Build (skip ITs)	2026-09-27T10:31:37.3042882Z [INFO] Downloading from central: https://repo.maven.apache.org/maven2/io/prometheus/prometheus-metrics-tracer-common/1.3.10/prometheus-metrics-tracer-common-1.3.10.jar
verify	Build (skip ITs)	2026-09-27T10:31:37.3134891Z [INFO] Downloaded from central: https://repo.maven.apache.org/maven2/org/latencyutils/LatencyUtils/2.0.3/LatencyUtils-2.0.3.jar (30 kB at 20 kB/s)
verify	Build (skip ITs)	2026-09-27T10:31:37.3137205Z [INFO] Downloading from central: https://repo.maven.apache.org/maven2/io/prometheus/prometheus-metrics-exposition-formats/1.3.10/prometheus-metrics-exposition-formats-1.3.10.jar
verify	Build (skip ITs)	2026-09-27T10:31:37.3247021Z [INFO] Downloaded from central: https://repo.maven.apache.org/maven2/io/prometheus/prometheus-metrics-core/1.3.10/prometheus-metrics-core-1.3.10.jar (96 kB at 65 kB/s)
verify	Build (skip ITs)	2026-09-27T10:31:37.3249797Z [INFO] Downloading from central: https://repo.maven.apache.org/maven2/io/prometheus/prometheus-metrics-exposition-textformats/1.3.10/prometheus-metrics-exposition-textformats-1.3.10.jar
verify	Build (skip ITs)	2026-09-27T10:31:37.3395401Z [INFO] Downloaded from central: https://repo.maven.apache.org/maven2/io/prometheus/prometheus-metrics-model/1.3.10/prometheus-metrics-model-1.3.10.jar (91 kB at 60 kB/s)
verify	Build (skip ITs)	2026-09-27T10:31:37.3397421Z [INFO] Downloading from central: https://repo.maven.apache.org/maven2/org/springframework/boot/spring-boot-devtools/3.5.5/spring-boot-devtools-3.5.5.jar
verify	Build (skip ITs)	2026-09-27T10:31:37.3642923Z [INFO] Downloaded from central: https://repo.maven.apache.org/maven2/io/prometheus/prometheus-metrics-tracer-common/1.3.10/prometheus-metrics-tracer-common-1.3.10.jar (3.3 kB at 2.1 kB/s)
verify	Build (skip ITs)	2026-09-27T10:31:37.3645140Z [INFO] Downloading from central: https://repo.maven.apache.org/maven2/org/springframework/boot/spring-boot/3.5.5/spring-boot-3.5.5.jar
verify	Build (skip ITs)	2026-09-27T10:31:37.3681220Z [INFO] Downloaded from central: https://repo.maven.apache.org/maven2/io/prometheus/prometheus-metrics-config/1.3.10/prometheus-metrics-config-1.3.10.jar (33 kB at 22 kB/s)
verify	Build (skip ITs)	2026-09-27T10:31:37.3683795Z [INFO] Downloading from central: https://repo.maven.apache.org/maven2/org/springframework/boot/spring-boot-autoconfigure/3.5.5/spring-boot-autoconfigure-3.5.5.jar
verify	Build (skip ITs)	2026-09-27T10:31:37.3865202Z [INFO] Downloaded from central: https://repo.maven.apache.org/maven2/io/prometheus/prometheus-metrics-exposition-formats/1.3.10/prometheus-metrics-exposition-formats-1.3.10.jar (2.1 MB at 1.3 MB/s)
verify	Build (skip ITs)	2026-09-27T10:31:37.3868425Z [INFO] Downloading from central: https://repo.maven.apache.org/maven2/org/springframework/boot/spring-boot-starter-test/3.5.5/spring-boot-starter-test-3.5.5.jar
verify	Build (skip ITs)	2026-09-27T10:31:37.3960783Z [INFO] Downloaded from central: https://repo.maven.apache.org/maven2/io/prometheus/prometheus-metrics-exposition-textformats/1.3.10/prometheus-metrics-exposition-textformats-1.3.10.jar (23 kB at 15 kB/s)
verify	Build (skip ITs)	2026-09-27T10:31:37.3962467Z [INFO] Downloading from central: https://repo.maven.apache.org/maven2/org/springframework/boot/spring-boot-test/3.5.5/spring-boot-test-3.5.5.jar
verify	Build (skip ITs)	2026-09-27T10:31:37.4066582Z [INFO] Downloaded from central: https://repo.maven.apache.org/maven2/org/springframework/boot/spring-boot-devtools/3.5.5/spring-boot-devtools-3.5.5.jar (204 kB at 130 kB/s)
verify	Build (skip ITs)	2026-09-27T10:31:37.4069389Z [INFO] Downloading from central: https://repo.maven.apache.org/maven2/org/springframework/boot/spring-boot-test-autoconfigure/3.5.5/spring-boot-test-autoconfigure-3.5.5.jar
verify	Build (skip ITs)	2026-09-27T10:31:37.4314128Z [INFO] Downloaded from central: https://repo.maven.apache.org/maven2/org/springframework/boot/spring-boot/3.5.5/spring-boot-3.5.5.jar (1.9 MB at 1.2 MB/s)
verify	Build (skip ITs)	2026-09-27T10:31:37.4315837Z [INFO] Downloading from central: https://repo.maven.apache.org/maven2/com/jayway/jsonpath/json-path/2.9.0/json-path-2.9.0.jar
verify	Build (skip ITs)	2026-09-27T10:31:37.4469177Z [INFO] Downloaded from central: https://repo.maven.apache.org/maven2/org/springframework/boot/spring-boot-starter-test/3.5.5/spring-boot-starter-test-3.5.5.jar (4.8 kB at 3.0 kB/s)
verify	Build (skip ITs)	2026-09-27T10:31:37.4470745Z [INFO] Downloading from central: https://repo.maven.apache.org/maven2/jakarta/xml/bind/jakarta.xml.bind-api/4.0.2/jakarta.xml.bind-api-4.0.2.jar
verify	Build (skip ITs)	2026-09-27T10:31:37.4487973Z [INFO] Downloaded from central: https://repo.maven.apache.org/maven2/org/springframework/boot/spring-boot-autoconfigure/3.5.5/spring-boot-autoconfigure-3.5.5.jar (2.1 MB at 1.3 MB/s)
verify	Build (skip ITs)	2026-09-27T10:31:37.4489792Z [INFO] Downloading from central: https://repo.maven.apache.org/maven2/jakarta/activation/jakarta.activation-api/2.1.3/jakarta.activation-api-2.1.3.jar
verify	Build (skip ITs)	2026-09-27T10:31:37.4630433Z [INFO] Downloaded from central: https://repo.maven.apache.org/maven2/org/springframework/boot/spring-boot-test/3.5.5/spring-boot-test-3.5.5.jar (257 kB at 158 kB/s)
verify	Build (skip ITs)	2026-09-27T10:31:37.4631729Z [INFO] Downloading from central: https://repo.maven.apache.org/maven2/net/minidev/json-smart/2.5.2/json-smart-2.5.2.jar
verify	Build (skip ITs)	2026-09-27T10:31:37.4666512Z [INFO] Downloaded from central: https://repo.maven.apache.org/maven2/org/springframework/boot/spring-boot-test-autoconfigure/3.5.5/spring-boot-test-autoconfigure-3.5.5.jar (229 kB at 140 kB/s)
verify	Build (skip ITs)	2026-09-27T10:31:37.4668090Z [INFO] Downloading from central: https://repo.maven.apache.org/maven2/net/minidev/accessors-smart/2.5.2/accessors-smart-2.5.2.jar
verify	Build (skip ITs)	2026-09-27T10:31:37.4932798Z [INFO] Downloaded from central: https://repo.maven.apache.org/maven2/com/jayway/jsonpath/json-path/2.9.0/json-path-2.9.0.jar (277 kB at 167 kB/s)
verify	Build (skip ITs)	2026-09-27T10:31:37.4934159Z [INFO] Downloading from central: https://repo.maven.apache.org/maven2/org/ow2/asm/asm/9.7.1/asm-9.7.1.jar
verify	Build (skip ITs)	2026-09-27T10:31:37.5074565Z [INFO] Downloaded from central: https://repo.maven.apache.org/maven2/jakarta/xml/bind/jakarta.xml.bind-api/4.0.2/jakarta.xml.bind-api-4.0.2.jar (131 kB at 78 kB/s)
verify	Build (skip ITs)	2026-09-27T10:31:37.5075903Z [INFO] Downloading from central: https://repo.maven.apache.org/maven2/org/assertj/assertj-core/3.27.4/assertj-core-3.27.4.jar
verify	Build (skip ITs)	2026-09-27T10:31:37.5167342Z [INFO] Downloaded from central: https://repo.maven.apache.org/maven2/jakarta/activation/jakarta.activation-api/2.1.3/jakarta.activation-api-2.1.3.jar (67 kB at 39 kB/s)
verify	Build (skip ITs)	2026-09-27T10:31:37.5169396Z [INFO] Downloading from central: https://repo.maven.apache.org/maven2/org/awaitility/awaitility/4.2.2/awaitility-4.2.2.jar
verify	Build (skip ITs)	2026-09-27T10:31:37.5259488Z [INFO] Downloaded from central: https://repo.maven.apache.org/maven2/net/minidev/accessors-smart/2.5.2/accessors-smart-2.5.2.jar (30 kB at 18 kB/s)
verify	Build (skip ITs)	2026-09-27T10:31:37.5261528Z [INFO] Downloading from central: https://repo.maven.apache.org/maven2/org/hamcrest/hamcrest/3.0/hamcrest-3.0.jar
verify	Build (skip ITs)	2026-09-27T10:31:37.5306295Z [INFO] Downloaded from central: https://repo.maven.apache.org/maven2/net/minidev/json-smart/2.5.2/json-smart-2.5.2.jar (122 kB at 72 kB/s)
verify	Build (skip ITs)	2026-09-27T10:31:37.5308697Z [INFO] Downloading from central: https://repo.maven.apache.org/maven2/org/junit/jupiter/junit-jupiter/5.12.2/junit-jupiter-5.12.2.jar
verify	Build (skip ITs)	2026-09-27T10:31:37.5534156Z [INFO] Downloaded from central: https://repo.maven.apache.org/maven2/org/ow2/asm/asm/9.7.1/asm-9.7.1.jar (126 kB at 73 kB/s)
verify	Build (skip ITs)	2026-09-27T10:31:37.5536073Z [INFO] Downloading from central: https://repo.maven.apache.org/maven2/org/junit/jupiter/junit-jupiter-api/5.12.2/junit-jupiter-api-5.12.2.jar
verify	Build (skip ITs)	2026-09-27T10:31:37.5753035Z [INFO] Downloaded from central: https://repo.maven.apache.org/maven2/org/assertj/assertj-core/3.27.4/assertj-core-3.27.4.jar (1.4 MB at 803 kB/s)
verify	Build (skip ITs)	2026-09-27T10:31:37.5755204Z [INFO] Downloading from central: https://repo.maven.apache.org/maven2/org/opentest4j/opentest4j/1.3.0/opentest4j-1.3.0.jar
verify	Build (skip ITs)	2026-09-27T10:31:37.5868561Z [INFO] Downloaded from central: https://repo.maven.apache.org/maven2/org/awaitility/awaitility/4.2.2/awaitility-4.2.2.jar (97 kB at 55 kB/s)
verify	Build (skip ITs)	2026-09-27T10:31:37.5870866Z [INFO] Downloading from central: https://repo.maven.apache.org/maven2/org/junit/platform/junit-platform-commons/1.12.2/junit-platform-commons-1.12.2.jar
verify	Build (skip ITs)	2026-09-27T10:31:37.5875963Z [INFO] Downloaded from central: https://repo.maven.apache.org/maven2/org/hamcrest/hamcrest/3.0/hamcrest-3.0.jar (126 kB at 72 kB/s)
verify	Build (skip ITs)	2026-09-27T10:31:37.5878004Z [INFO] Downloading from central: https://repo.maven.apache.org/maven2/org/apiguardian/apiguardian-api/1.1.2/apiguardian-api-1.1.2.jar
verify	Build (skip ITs)	2026-09-27T10:31:37.5941093Z [INFO] Downloaded from central: https://repo.maven.apache.org/maven2/org/junit/jupiter/junit-jupiter/5.12.2/junit-jupiter-5.12.2.jar (6.4 kB at 3.6 kB/s)
verify	Build (skip ITs)	2026-09-27T10:31:37.5943232Z [INFO] Downloading from central: https://repo.maven.apache.org/maven2/org/junit/jupiter/junit-jupiter-params/5.12.2/junit-jupiter-params-5.12.2.jar
verify	Build (skip ITs)	2026-09-27T10:31:37.6126978Z [INFO] Downloaded from central: https://repo.maven.apache.org/maven2/org/junit/jupiter/junit-jupiter-api/5.12.2/junit-jupiter-api-5.12.2.jar (233 kB at 131 kB/s)
verify	Build (skip ITs)	2026-09-27T10:31:37.6129445Z [INFO] Downloading from central: https://repo.maven.apache.org/maven2/org/junit/jupiter/junit-jupiter-engine/5.12.2/junit-jupiter-engine-5.12.2.jar
verify	Build (skip ITs)	2026-09-27T10:31:37.6399625Z [INFO] Downloaded from central: https://repo.maven.apache.org/maven2/org/opentest4j/opentest4j/1.3.0/opentest4j-1.3.0.jar (14 kB at 7.9 kB/s)
verify	Build (skip ITs)	2026-09-27T10:31:37.6401216Z [INFO] Downloading from central: https://repo.maven.apache.org/maven2/org/junit/platform/junit-platform-engine/1.12.2/junit-platform-engine-1.12.2.jar
verify	Build (skip ITs)	2026-09-27T10:31:37.6507265Z [INFO] Downloaded from central: https://repo.maven.apache.org/maven2/org/junit/platform/junit-platform-commons/1.12.2/junit-platform-commons-1.12.2.jar (152 kB at 84 kB/s)
verify	Build (skip ITs)	2026-09-27T10:31:37.6508955Z [INFO] Downloading from central: https://repo.maven.apache.org/maven2/org/mockito/mockito-core/5.17.0/mockito-core-5.17.0.jar
verify	Build (skip ITs)	2026-09-27T10:31:37.6647310Z [INFO] Downloaded from central: https://repo.maven.apache.org/maven2/org/junit/jupiter/junit-jupiter-params/5.12.2/junit-jupiter-params-5.12.2.jar (602 kB at 329 kB/s)
verify	Build (skip ITs)	2026-09-27T10:31:37.6648924Z [INFO] Downloading from central: https://repo.maven.apache.org/maven2/net/bytebuddy/byte-buddy-agent/1.17.7/byte-buddy-agent-1.17.7.jar
verify	Build (skip ITs)	2026-09-27T10:31:37.6666301Z [INFO] Downloaded from central: https://repo.maven.apache.org/maven2/org/apiguardian/apiguardian-api/1.1.2/apiguardian-api-1.1.2.jar (6.8 kB at 3.7 kB/s)
verify	Build (skip ITs)	2026-09-27T10:31:37.6669025Z [INFO] Downloading from central: https://repo.maven.apache.org/maven2/org/objenesis/objenesis/3.3/objenesis-3.3.jar
verify	Build (skip ITs)	2026-09-27T10:31:37.6733888Z [INFO] Downloaded from central: https://repo.maven.apache.org/maven2/org/junit/jupiter/junit-jupiter-engine/5.12.2/junit-jupiter-engine-5.12.2.jar (292 kB at 159 kB/s)
verify	Build (skip ITs)	2026-09-27T10:31:37.6735987Z [INFO] Downloading from central: https://repo.maven.apache.org/maven2/org/mockito/mockito-junit-jupiter/5.17.0/mockito-junit-jupiter-5.17.0.jar
verify	Build (skip ITs)	2026-09-27T10:31:37.7022823Z [INFO] Downloaded from central: https://repo.maven.apache.org/maven2/org/junit/platform/junit-platform-engine/1.12.2/junit-platform-engine-1.12.2.jar (256 kB at 137 kB/s)
verify	Build (skip ITs)	2026-09-27T10:31:37.7025313Z [INFO] Downloading from central: https://repo.maven.apache.org/maven2/org/skyscreamer/jsonassert/1.5.3/jsonassert-1.5.3.jar
verify	Build (skip ITs)	2026-09-27T10:31:37.7169297Z [INFO] Downloaded from central: https://repo.maven.apache.org/maven2/org/mockito/mockito-core/5.17.0/mockito-core-5.17.0.jar (709 kB at 377 kB/s)
verify	Build (skip ITs)	2026-09-27T10:31:37.7171822Z [INFO] Downloading from central: https://repo.maven.apache.org/maven2/com/vaadin/external/google/android-json/0.0.20131108.vaadin1/android-json-0.0.20131108.vaadin1.jar
verify	Build (skip ITs)	2026-09-27T10:31:37.7331721Z [INFO] Downloaded from central: https://repo.maven.apache.org/maven2/net/bytebuddy/byte-buddy-agent/1.17.7/byte-buddy-agent-1.17.7.jar (366 kB at 193 kB/s)
verify	Build (skip ITs)	2026-09-27T10:31:37.7334748Z [INFO] Downloading from central: https://repo.maven.apache.org/maven2/org/springframework/spring-core/6.2.10/spring-core-6.2.10.jar
verify	Build (skip ITs)	2026-09-27T10:31:37.7341903Z [INFO] Downloaded from central: https://repo.maven.apache.org/maven2/org/mockito/mockito-junit-jupiter/5.17.0/mockito-junit-jupiter-5.17.0.jar (9.4 kB at 4.9 kB/s)
verify	Build (skip ITs)	2026-09-27T10:31:37.7343727Z [INFO] Downloading from central: https://repo.maven.apache.org/maven2/org/springframework/spring-jcl/6.2.10/spring-jcl-6.2.10.jar
verify	Build (skip ITs)	2026-09-27T10:31:37.7382982Z [INFO] Downloaded from central: https://repo.maven.apache.org/maven2/org/objenesis/objenesis/3.3/objenesis-3.3.jar (49 kB at 26 kB/s)
verify	Build (skip ITs)	2026-09-27T10:31:37.7384604Z [INFO] Downloading from central: https://repo.maven.apache.org/maven2/org/springframework/spring-test/6.2.10/spring-test-6.2.10.jar
verify	Build (skip ITs)	2026-09-27T10:31:37.7659619Z [INFO] Downloaded from central: https://repo.maven.apache.org/maven2/org/skyscreamer/jsonassert/1.5.3/jsonassert-1.5.3.jar (31 kB at 16 kB/s)
verify	Build (skip ITs)	2026-09-27T10:31:37.7661286Z [INFO] Downloading from central: https://repo.maven.apache.org/maven2/org/xmlunit/xmlunit-core/2.10.3/xmlunit-core-2.10.3.jar
verify	Build (skip ITs)	2026-09-27T10:31:37.7817385Z [INFO] Downloaded from central: https://repo.maven.apache.org/maven2/com/vaadin/external/google/android-json/0.0.20131108.vaadin1/android-json-0.0.20131108.vaadin1.jar (18 kB at 9.4 kB/s)
verify	Build (skip ITs)	2026-09-27T10:31:37.7819524Z [INFO] Downloading from central: https://repo.maven.apache.org/maven2/org/springframework/security/spring-security-test/6.5.3/spring-security-test-6.5.3.jar
verify	Build (skip ITs)	2026-09-27T10:31:37.7962690Z [INFO] Downloaded from central: https://repo.maven.apache.org/maven2/org/springframework/spring-jcl/6.2.10/spring-jcl-6.2.10.jar (25 kB at 13 kB/s)
verify	Build (skip ITs)	2026-09-27T10:31:37.7964684Z [INFO] Downloading from central: https://repo.maven.apache.org/maven2/org/springframework/security/spring-security-core/6.5.3/spring-security-core-6.5.3.jar
verify	Build (skip ITs)	2026-09-27T10:31:37.8140049Z [INFO] Downloaded from central: https://repo.maven.apache.org/maven2/org/springframework/spring-test/6.2.10/spring-test-6.2.10.jar (1.0 MB at 517 kB/s)
verify	Build (skip ITs)	2026-09-27T10:31:37.8141248Z [INFO] Downloading from central: https://repo.maven.apache.org/maven2/org/springframework/security/spring-security-crypto/6.5.3/spring-security-crypto-6.5.3.jar
verify	Build (skip ITs)	2026-09-27T10:31:37.8182313Z [INFO] Downloaded from central: https://repo.maven.apache.org/maven2/org/springframework/spring-core/6.2.10/spring-core-6.2.10.jar (2.0 MB at 991 kB/s)
verify	Build (skip ITs)	2026-09-27T10:31:37.8184428Z [INFO] Downloading from central: https://repo.maven.apache.org/maven2/org/testcontainers/junit-jupiter/1.21.3/junit-jupiter-1.21.3.jar
verify	Build (skip ITs)	2026-09-27T10:31:37.8272461Z [INFO] Downloaded from central: https://repo.maven.apache.org/maven2/org/xmlunit/xmlunit-core/2.10.3/xmlunit-core-2.10.3.jar (177 kB at 89 kB/s)
verify	Build (skip ITs)	2026-09-27T10:31:37.8274265Z [INFO] Downloading from central: https://repo.maven.apache.org/maven2/org/testcontainers/testcontainers/1.21.3/testcontainers-1.21.3.jar
verify	Build (skip ITs)	2026-09-27T10:31:37.8437122Z [INFO] Downloaded from central: https://repo.maven.apache.org/maven2/org/springframework/security/spring-security-test/6.5.3/spring-security-test-6.5.3.jar (136 kB at 68 kB/s)
verify	Build (skip ITs)	2026-09-27T10:31:37.8438933Z [INFO] Downloading from central: https://repo.maven.apache.org/maven2/junit/junit/4.13.2/junit-4.13.2.jar
verify	Build (skip ITs)	2026-09-27T10:31:37.8639539Z [INFO] Downloaded from central: https://repo.maven.apache.org/maven2/org/springframework/security/spring-security-core/6.5.3/spring-security-core-6.5.3.jar (623 kB at 307 kB/s)
verify	Build (skip ITs)	2026-09-27T10:31:37.8641485Z [INFO] Downloading from central: https://repo.maven.apache.org/maven2/org/hamcrest/hamcrest-core/3.0/hamcrest-core-3.0.jar
verify	Build (skip ITs)	2026-09-27T10:31:37.8831976Z [INFO] Downloaded from central: https://repo.maven.apache.org/maven2/org/springframework/security/spring-security-crypto/6.5.3/spring-security-crypto-6.5.3.jar (105 kB at 51 kB/s)
verify	Build (skip ITs)	2026-09-27T10:31:37.8834279Z [INFO] Downloading from central: https://repo.maven.apache.org/maven2/org/apache/commons/commons-compress/1.24.0/commons-compress-1.24.0.jar
verify	Build (skip ITs)	2026-09-27T10:31:37.8852303Z [INFO] Downloaded from central: https://repo.maven.apache.org/maven2/org/testcontainers/junit-jupiter/1.21.3/junit-jupiter-1.21.3.jar (15 kB at 7.1 kB/s)
verify	Build (skip ITs)	2026-09-27T10:31:37.8855429Z [INFO] Downloading from central: https://repo.maven.apache.org/maven2/org/rnorth/duct-tape/duct-tape/1.0.8/duct-tape-1.0.8.jar
verify	Build (skip ITs)	2026-09-27T10:31:37.9044837Z [INFO] Downloaded from central: https://repo.maven.apache.org/maven2/junit/junit/4.13.2/junit-4.13.2.jar (385 kB at 186 kB/s)
verify	Build (skip ITs)	2026-09-27T10:31:37.9069781Z [INFO] Downloading from central: https://repo.maven.apache.org/maven2/org/jetbrains/annotations/17.0.0/annotations-17.0.0.jar
verify	Build (skip ITs)	2026-09-27T10:31:37.9290241Z [INFO] Downloaded from central: https://repo.maven.apache.org/maven2/org/hamcrest/hamcrest-core/3.0/hamcrest-core-3.0.jar (2.4 kB at 1.1 kB/s)
verify	Build (skip ITs)	2026-09-27T10:31:37.9292291Z [INFO] Downloading from central: https://repo.maven.apache.org/maven2/com/github/docker-java/docker-java-api/3.4.2/docker-java-api-3.4.2.jar
verify	Build (skip ITs)	2026-09-27T10:31:37.9499201Z [INFO] Downloaded from central: https://repo.maven.apache.org/maven2/org/rnorth/duct-tape/duct-tape/1.0.8/duct-tape-1.0.8.jar (25 kB at 12 kB/s)
verify	Build (skip ITs)	2026-09-27T10:31:37.9501565Z [INFO] Downloading from central: https://repo.maven.apache.org/maven2/com/github/docker-java/docker-java-transport-zerodep/3.4.2/docker-java-transport-zerodep-3.4.2.jar
verify	Build (skip ITs)	2026-09-27T10:31:37.9610473Z [INFO] Downloaded from central: https://repo.maven.apache.org/maven2/org/apache/commons/commons-compress/1.24.0/commons-compress-1.24.0.jar (1.1 MB at 506 kB/s)
verify	Build (skip ITs)	2026-09-27T10:31:37.9612796Z [INFO] Downloading from central: https://repo.maven.apache.org/maven2/com/github/docker-java/docker-java-transport/3.4.2/docker-java-transport-3.4.2.jar
verify	Build (skip ITs)	2026-09-27T10:31:37.9675549Z [INFO] Downloaded from central: https://repo.maven.apache.org/maven2/org/jetbrains/annotations/17.0.0/annotations-17.0.0.jar (19 kB at 8.9 kB/s)
verify	Build (skip ITs)	2026-09-27T10:31:37.9677230Z [INFO] Downloading from central: https://repo.maven.apache.org/maven2/net/java/dev/jna/jna/5.13.0/jna-5.13.0.jar
verify	Build (skip ITs)	2026-09-27T10:31:37.9679169Z [INFO] Downloaded from central: https://repo.maven.apache.org/maven2/org/testcontainers/testcontainers/1.21.3/testcontainers-1.21.3.jar (18 MB at 8.3 MB/s)
verify	Build (skip ITs)	2026-09-27T10:31:37.9680768Z [INFO] Downloading from central: https://repo.maven.apache.org/maven2/org/testcontainers/postgresql/1.21.3/postgresql-1.21.3.jar
verify	Build (skip ITs)	2026-09-27T10:31:37.9923903Z [INFO] Downloaded from central: https://repo.maven.apache.org/maven2/com/github/docker-java/docker-java-api/3.4.2/docker-java-api-3.4.2.jar (487 kB at 226 kB/s)
verify	Build (skip ITs)	2026-09-27T10:31:37.9926807Z [INFO] Downloading from central: https://repo.maven.apache.org/maven2/org/testcontainers/jdbc/1.21.3/jdbc-1.21.3.jar
verify	Build (skip ITs)	2026-09-27T10:31:38.0250395Z [INFO] Downloaded from central: https://repo.maven.apache.org/maven2/com/github/docker-java/docker-java-transport-zerodep/3.4.2/docker-java-transport-zerodep-3.4.2.jar (2.3 MB at 1.0 MB/s)
verify	Build (skip ITs)	2026-09-27T10:31:38.0251954Z [INFO] Downloading from central: https://repo.maven.apache.org/maven2/org/testcontainers/database-commons/1.21.3/database-commons-1.21.3.jar
verify	Build (skip ITs)	2026-09-27T10:31:38.0301984Z [INFO] Downloaded from central: https://repo.maven.apache.org/maven2/com/github/docker-java/docker-java-transport/3.4.2/docker-java-transport-3.4.2.jar (39 kB at 18 kB/s)
verify	Build (skip ITs)	2026-09-27T10:31:38.0316467Z [INFO] Downloaded from central: https://repo.maven.apache.org/maven2/org/testcontainers/postgresql/1.21.3/postgresql-1.21.3.jar (11 kB at 4.9 kB/s)
verify	Build (skip ITs)	2026-09-27T10:31:38.0348231Z [INFO] Downloaded from central: https://repo.maven.apache.org/maven2/net/java/dev/jna/jna/5.13.0/jna-5.13.0.jar (1.9 MB at 854 kB/s)
verify	Build (skip ITs)	2026-09-27T10:31:38.0555322Z [INFO] Downloaded from central: https://repo.maven.apache.org/maven2/org/testcontainers/jdbc/1.21.3/jdbc-1.21.3.jar (30 kB at 13 kB/s)
verify	Build (skip ITs)	2026-09-27T10:31:38.1290360Z [INFO] Downloaded from central: https://repo.maven.apache.org/maven2/org/testcontainers/database-commons/1.21.3/database-commons-1.21.3.jar (15 kB at 6.4 kB/s)
verify	Build (skip ITs)	2026-09-27T10:31:38.1690229Z [INFO] 
verify	Build (skip ITs)	2026-09-27T10:31:38.1691314Z [INFO] --- maven-clean-plugin:3.4.1:clean (default-clean) @ spring-postgres-boilerplate ---
verify	Build (skip ITs)	2026-09-27T10:31:38.1764708Z [INFO] Downloading from central: https://repo.maven.apache.org/maven2/org/codehaus/plexus/plexus-utils/4.0.1/plexus-utils-4.0.1.pom
verify	Build (skip ITs)	2026-09-27T10:31:38.2462678Z [INFO] Downloaded from central: https://repo.maven.apache.org/maven2/org/codehaus/plexus/plexus-utils/4.0.1/plexus-utils-4.0.1.pom (7.8 kB at 113 kB/s)
verify	Build (skip ITs)	2026-09-27T10:31:38.2489376Z [INFO] Downloading from central: https://repo.maven.apache.org/maven2/org/codehaus/plexus/plexus/17/plexus-17.pom
verify	Build (skip ITs)	2026-09-27T10:31:38.3148674Z [INFO] Downloaded from central: https://repo.maven.apache.org/maven2/org/codehaus/plexus/plexus/17/plexus-17.pom (28 kB at 427 kB/s)
verify	Build (skip ITs)	2026-09-27T10:31:38.3190303Z [INFO] Downloading from central: https://repo.maven.apache.org/maven2/org/codehaus/plexus/plexus-utils/4.0.1/plexus-utils-4.0.1.jar
verify	Build (skip ITs)	2026-09-27T10:31:38.3834958Z [INFO] Downloaded from central: https://repo.maven.apache.org/maven2/org/codehaus/plexus/plexus-utils/4.0.1/plexus-utils-4.0.1.jar (193 kB at 3.0 MB/s)
verify	Build (skip ITs)	2026-09-27T10:31:38.4356104Z [INFO] 
verify	Build (skip ITs)	2026-09-27T10:31:38.4356875Z [INFO] --- maven-enforcer-plugin:3.2.1:enforce (enforce-java) @ spring-postgres-boilerplate ---
verify	Build (skip ITs)	2026-09-27T10:31:38.4384233Z [INFO] Downloading from central: https://repo.maven.apache.org/maven2/org/apache/maven/enforcer/enforcer-api/3.2.1/enforcer-api-3.2.1.pom
verify	Build (skip ITs)	2026-09-27T10:31:38.5061939Z [INFO] Downloaded from central: https://repo.maven.apache.org/maven2/org/apache/maven/enforcer/enforcer-api/3.2.1/enforcer-api-3.2.1.pom (3.9 kB at 58 kB/s)
verify	Build (skip ITs)	2026-09-27T10:31:38.5079870Z [INFO] Downloading from central: https://repo.maven.apache.org/maven2/org/apache/maven/enforcer/enforcer-rules/3.2.1/enforcer-rules-3.2.1.pom
verify	Build (skip ITs)	2026-09-27T10:31:38.5768028Z [INFO] Downloaded from central: https://repo.maven.apache.org/maven2/org/apache/maven/enforcer/enforcer-rules/3.2.1/enforcer-rules-3.2.1.pom (4.1 kB at 60 kB/s)
verify	Build (skip ITs)	2026-09-27T10:31:38.5786371Z [INFO] Downloading from central: https://repo.maven.apache.org/maven2/org/eclipse/aether/aether-util/1.0.0.v20140518/aether-util-1.0.0.v20140518.pom
verify	Build (skip ITs)	2026-09-27T10:31:38.6459032Z [INFO] Downloaded from central: https://repo.maven.apache.org/maven2/org/eclipse/aether/aether-util/1.0.0.v20140518/aether-util-1.0.0.v20140518.pom (2.2 kB at 33 kB/s)
verify	Build (skip ITs)	2026-09-27T10:31:38.6469525Z [INFO] Downloading from central: https://repo.maven.apache.org/maven2/org/eclipse/aether/aether/1.0.0.v20140518/aether-1.0.0.v20140518.pom
verify	Build (skip ITs)	2026-09-27T10:31:38.7142619Z [INFO] Downloaded from central: https://repo.maven.apache.org/maven2/org/eclipse/aether/aether/1.0.0.v20140518/aether-1.0.0.v20140518.pom (30 kB at 443 kB/s)
verify	Build (skip ITs)	2026-09-27T10:31:38.7159619Z [INFO] Downloading from central: https://repo.maven.apache.org/maven2/org/eclipse/aether/aether-api/1.0.0.v20140518/aether-api-1.0.0.v20140518.pom
verify	Build (skip ITs)	2026-09-27T10:31:38.7843667Z [INFO] Downloaded from central: https://repo.maven.apache.org/maven2/org/eclipse/aether/aether-api/1.0.0.v20140518/aether-api-1.0.0.v20140518.pom (1.9 kB at 27 kB/s)
verify	Build (skip ITs)	2026-09-27T10:31:38.7857246Z [INFO] Downloading from central: https://repo.maven.apache.org/maven2/org/codehaus/plexus/plexus-utils/3.5.0/plexus-utils-3.5.0.pom
verify	Build (skip ITs)	2026-09-27T10:31:38.8515207Z [INFO] Downloaded from central: https://repo.maven.apache.org/maven2/org/codehaus/plexus/plexus-utils/3.5.0/plexus-utils-3.5.0.pom (8.0 kB at 121 kB/s)
verify	Build (skip ITs)	2026-09-27T10:31:38.8525735Z [INFO] Downloading from central: https://repo.maven.apache.org/maven2/org/codehaus/plexus/plexus/10/plexus-10.pom
verify	Build (skip ITs)	2026-09-27T10:31:38.9217390Z [INFO] Downloaded from central: https://repo.maven.apache.org/maven2/org/codehaus/plexus/plexus/10/plexus-10.pom (25 kB at 368 kB/s)
verify	Build (skip ITs)	2026-09-27T10:31:38.9235674Z [INFO] Downloading from central: https://repo.maven.apache.org/maven2/org/apache/commons/commons-lang3/3.12.0/commons-lang3-3.12.0.pom
verify	Build (skip ITs)	2026-09-27T10:31:38.9904113Z [INFO] Downloaded from central: https://repo.maven.apache.org/maven2/org/apache/commons/commons-lang3/3.12.0/commons-lang3-3.12.0.pom (31 kB at 458 kB/s)
verify	Build (skip ITs)	2026-09-27T10:31:38.9918615Z [INFO] Downloading from central: https://repo.maven.apache.org/maven2/org/apache/commons/commons-parent/52/commons-parent-52.pom
verify	Build (skip ITs)	2026-09-27T10:31:39.0626645Z [INFO] Downloaded from central: https://repo.maven.apache.org/maven2/org/apache/commons/commons-parent/52/commons-parent-52.pom (79 kB at 1.1 MB/s)
verify	Build (skip ITs)	2026-09-27T10:31:39.0652331Z [INFO] Downloading from central: https://repo.maven.apache.org/maven2/org/apache/apache/23/apache-23.pom
verify	Build (skip ITs)	2026-09-27T10:31:39.1296702Z [INFO] Downloaded from central: https://repo.maven.apache.org/maven2/org/apache/apache/23/apache-23.pom (18 kB at 288 kB/s)
verify	Build (skip ITs)	2026-09-27T10:31:39.1315725Z [INFO] Downloading from central: https://repo.maven.apache.org/maven2/org/junit/junit-bom/5.7.1/junit-bom-5.7.1.pom
verify	Build (skip ITs)	2026-09-27T10:31:39.1965838Z [INFO] Downloaded from central: https://repo.maven.apache.org/maven2/org/junit/junit-bom/5.7.1/junit-bom-5.7.1.pom (5.1 kB at 78 kB/s)
verify	Build (skip ITs)	2026-09-27T10:31:39.1977608Z [INFO] Downloading from central: https://repo.maven.apache.org/maven2/commons-codec/commons-codec/1.15/commons-codec-1.15.pom
verify	Build (skip ITs)	2026-09-27T10:31:39.2664022Z [INFO] Downloaded from central: https://repo.maven.apache.org/maven2/commons-codec/commons-codec/1.15/commons-codec-1.15.pom (15 kB at 224 kB/s)
verify	Build (skip ITs)	2026-09-27T10:31:39.2686292Z [INFO] Downloading from central: https://repo.maven.apache.org/maven2/commons-io/commons-io/2.11.0/commons-io-2.11.0.pom
verify	Build (skip ITs)	2026-09-27T10:31:39.3353938Z [INFO] Downloaded from central: https://repo.maven.apache.org/maven2/commons-io/commons-io/2.11.0/commons-io-2.11.0.pom (20 kB at 294 kB/s)
verify	Build (skip ITs)	2026-09-27T10:31:39.3378434Z [INFO] Downloading from central: https://repo.maven.apache.org/maven2/org/junit/junit-bom/5.7.2/junit-bom-5.7.2.pom
verify	Build (skip ITs)	2026-09-27T10:31:39.4030760Z [INFO] Downloaded from central: https://repo.maven.apache.org/maven2/org/junit/junit-bom/5.7.2/junit-bom-5.7.2.pom (5.1 kB at 78 kB/s)
verify	Build (skip ITs)	2026-09-27T10:31:39.4045503Z [INFO] Downloading from central: https://repo.maven.apache.org/maven2/org/apache-extras/beanshell/bsh/2.0b6/bsh-2.0b6.pom
verify	Build (skip ITs)	2026-09-27T10:31:39.4736682Z [INFO] Downloaded from central: https://repo.maven.apache.org/maven2/org/apache-extras/beanshell/bsh/2.0b6/bsh-2.0b6.pom (5.0 kB at 72 kB/s)
verify	Build (skip ITs)	2026-09-27T10:31:39.4769743Z [INFO] Downloading from central: https://repo.maven.apache.org/maven2/org/apache/maven/enforcer/enforcer-api/3.2.1/enforcer-api-3.2.1.jar
verify	Build (skip ITs)	2026-09-27T10:31:39.4779691Z [INFO] Downloading from central: https://repo.maven.apache.org/maven2/org/apache/maven/enforcer/enforcer-rules/3.2.1/enforcer-rules-3.2.1.jar
verify	Build (skip ITs)	2026-09-27T10:31:39.4781211Z [INFO] Downloading from central: https://repo.maven.apache.org/maven2/org/eclipse/aether/aether-util/1.0.0.v20140518/aether-util-1.0.0.v20140518.jar
verify	Build (skip ITs)	2026-09-27T10:31:39.4815318Z [INFO] Downloading from central: https://repo.maven.apache.org/maven2/org/apache/commons/commons-lang3/3.12.0/commons-lang3-3.12.0.jar
verify	Build (skip ITs)	2026-09-27T10:31:39.4840037Z [INFO] Downloading from central: https://repo.maven.apache.org/maven2/org/codehaus/plexus/plexus-utils/3.5.0/plexus-utils-3.5.0.jar
verify	Build (skip ITs)	2026-09-27T10:31:39.5399417Z [INFO] Downloaded from central: https://repo.maven.apache.org/maven2/org/eclipse/aether/aether-util/1.0.0.v20140518/aether-util-1.0.0.v20140518.jar (146 kB at 2.3 MB/s)
verify	Build (skip ITs)	2026-09-27T10:31:39.5401758Z [INFO] Downloading from central: https://repo.maven.apache.org/maven2/commons-codec/commons-codec/1.15/commons-codec-1.15.jar
verify	Build (skip ITs)	2026-09-27T10:31:39.5423324Z [INFO] Downloaded from central: https://repo.maven.apache.org/maven2/org/apache/maven/enforcer/enforcer-rules/3.2.1/enforcer-rules-3.2.1.jar (144 kB at 2.2 MB/s)
verify	Build (skip ITs)	2026-09-27T10:31:39.5425737Z [INFO] Downloading from central: https://repo.maven.apache.org/maven2/commons-io/commons-io/2.11.0/commons-io-2.11.0.jar
verify	Build (skip ITs)	2026-09-27T10:31:39.5427783Z [INFO] Downloaded from central: https://repo.maven.apache.org/maven2/org/apache/maven/enforcer/enforcer-api/3.2.1/enforcer-api-3.2.1.jar (14 kB at 215 kB/s)
verify	Build (skip ITs)	2026-09-27T10:31:39.5429430Z [INFO] Downloading from central: https://repo.maven.apache.org/maven2/org/apache-extras/beanshell/bsh/2.0b6/bsh-2.0b6.jar
verify	Build (skip ITs)	2026-09-27T10:31:39.5471968Z [INFO] Downloaded from central: https://repo.maven.apache.org/maven2/org/codehaus/plexus/plexus-utils/3.5.0/plexus-utils-3.5.0.jar (267 kB at 3.8 MB/s)
verify	Build (skip ITs)	2026-09-27T10:31:39.5538821Z [INFO] Downloaded from central: https://repo.maven.apache.org/maven2/org/apache/commons/commons-lang3/3.12.0/commons-lang3-3.12.0.jar (587 kB at 7.7 MB/s)
verify	Build (skip ITs)	2026-09-27T10:31:39.6032391Z [INFO] Downloaded from central: https://repo.maven.apache.org/maven2/commons-codec/commons-codec/1.15/commons-codec-1.15.jar (354 kB at 2.9 MB/s)
verify	Build (skip ITs)	2026-09-27T10:31:39.6067253Z [INFO] Downloaded from central: https://repo.maven.apache.org/maven2/org/apache-extras/beanshell/bsh/2.0b6/bsh-2.0b6.jar (389 kB at 3.1 MB/s)
verify	Build (skip ITs)	2026-09-27T10:31:39.6094544Z [INFO] Downloaded from central: https://repo.maven.apache.org/maven2/commons-io/commons-io/2.11.0/commons-io-2.11.0.jar (327 kB at 2.6 MB/s)
verify	Build (skip ITs)	2026-09-27T10:31:39.6699498Z [INFO] Rule 0: org.apache.maven.enforcer.rules.version.RequireJavaVersion passed
verify	Build (skip ITs)	2026-09-27T10:31:39.6749026Z [INFO] 
verify	Build (skip ITs)	2026-09-27T10:31:39.6749900Z [INFO] --- maven-resources-plugin:3.3.1:resources (default-resources) @ spring-postgres-boilerplate ---
verify	Build (skip ITs)	2026-09-27T10:31:39.6751526Z [INFO] Downloading from central: https://repo.maven.apache.org/maven2/org/codehaus/plexus/plexus-interpolation/1.26/plexus-interpolation-1.26.pom
verify	Build (skip ITs)	2026-09-27T10:31:39.7403789Z [INFO] Downloaded from central: https://repo.maven.apache.org/maven2/org/codehaus/plexus/plexus-interpolation/1.26/plexus-interpolation-1.26.pom (2.7 kB at 39 kB/s)
verify	Build (skip ITs)	2026-09-27T10:31:39.7413760Z [INFO] Downloading from central: https://repo.maven.apache.org/maven2/org/codehaus/plexus/plexus/5.1/plexus-5.1.pom
verify	Build (skip ITs)	2026-09-27T10:31:39.8095412Z [INFO] Downloaded from central: https://repo.maven.apache.org/maven2/org/codehaus/plexus/plexus/5.1/plexus-5.1.pom (23 kB at 331 kB/s)
verify	Build (skip ITs)	2026-09-27T10:31:39.8116176Z [INFO] Downloading from central: https://repo.maven.apache.org/maven2/org/codehaus/plexus/plexus-utils/3.5.1/plexus-utils-3.5.1.pom
verify	Build (skip ITs)	2026-09-27T10:31:39.8764242Z [INFO] Downloaded from central: https://repo.maven.apache.org/maven2/org/codehaus/plexus/plexus-utils/3.5.1/plexus-utils-3.5.1.pom (8.8 kB at 135 kB/s)
verify	Build (skip ITs)	2026-09-27T10:31:39.8780986Z [INFO] Downloading from central: https://repo.maven.apache.org/maven2/org/apache/maven/shared/maven-filtering/3.3.1/maven-filtering-3.3.1.pom
verify	Build (skip ITs)	2026-09-27T10:31:39.9430810Z [INFO] Downloaded from central: https://repo.maven.apache.org/maven2/org/apache/maven/shared/maven-filtering/3.3.1/maven-filtering-3.3.1.pom (6.0 kB at 93 kB/s)
verify	Build (skip ITs)	2026-09-27T10:31:39.9440743Z [INFO] Downloading from central: https://repo.maven.apache.org/maven2/org/apache/maven/shared/maven-shared-components/39/maven-shared-components-39.pom
verify	Build (skip ITs)	2026-09-27T10:31:40.0112393Z [INFO] Downloaded from central: https://repo.maven.apache.org/maven2/org/apache/maven/shared/maven-shared-components/39/maven-shared-components-39.pom (3.2 kB at 47 kB/s)
verify	Build (skip ITs)	2026-09-27T10:31:40.0134677Z [INFO] Downloading from central: https://repo.maven.apache.org/maven2/javax/inject/javax.inject/1/javax.inject-1.pom
verify	Build (skip ITs)	2026-09-27T10:31:40.0771877Z [INFO] Downloaded from central: https://repo.maven.apache.org/maven2/javax/inject/javax.inject/1/javax.inject-1.pom (612 B at 9.7 kB/s)
verify	Build (skip ITs)	2026-09-27T10:31:40.0782569Z [INFO] Downloading from central: https://repo.maven.apache.org/maven2/org/slf4j/slf4j-api/1.7.36/slf4j-api-1.7.36.pom
verify	Build (skip ITs)	2026-09-27T10:31:40.1434188Z [INFO] Downloaded from central: https://repo.maven.apache.org/maven2/org/slf4j/slf4j-api/1.7.36/slf4j-api-1.7.36.pom (2.7 kB at 42 kB/s)
verify	Build (skip ITs)	2026-09-27T10:31:40.1442721Z [INFO] Downloading from central: https://repo.maven.apache.org/maven2/org/slf4j/slf4j-parent/1.7.36/slf4j-parent-1.7.36.pom
verify	Build (skip ITs)	2026-09-27T10:31:40.2140032Z [INFO] Downloaded from central: https://repo.maven.apache.org/maven2/org/slf4j/slf4j-parent/1.7.36/slf4j-parent-1.7.36.pom (14 kB at 204 kB/s)
verify	Build (skip ITs)	2026-09-27T10:31:40.2154590Z [INFO] Downloading from central: https://repo.maven.apache.org/maven2/org/sonatype/plexus/plexus-build-api/0.0.7/plexus-build-api-0.0.7.pom
verify	Build (skip ITs)	2026-09-27T10:31:40.2842617Z [INFO] Downloaded from central: https://repo.maven.apache.org/maven2/org/sonatype/plexus/plexus-build-api/0.0.7/plexus-build-api-0.0.7.pom (3.2 kB at 47 kB/s)
verify	Build (skip ITs)	2026-09-27T10:31:40.2852749Z [INFO] Downloading from central: https://repo.maven.apache.org/maven2/org/sonatype/spice/spice-parent/15/spice-parent-15.pom
verify	Build (skip ITs)	2026-09-27T10:31:40.3501690Z [INFO] Downloaded from central: https://repo.maven.apache.org/maven2/org/sonatype/spice/spice-parent/15/spice-parent-15.pom (8.4 kB at 131 kB/s)
verify	Build (skip ITs)	2026-09-27T10:31:40.3512778Z [INFO] Downloading from central: https://repo.maven.apache.org/maven2/org/sonatype/forge/forge-parent/5/forge-parent-5.pom
verify	Build (skip ITs)	2026-09-27T10:31:40.4162693Z [INFO] Downloaded from central: https://repo.maven.apache.org/maven2/org/sonatype/forge/forge-parent/5/forge-parent-5.pom (8.4 kB at 131 kB/s)
verify	Build (skip ITs)	2026-09-27T10:31:40.4195065Z [INFO] Downloading from central: https://repo.maven.apache.org/maven2/org/codehaus/plexus/plexus-interpolation/1.26/plexus-interpolation-1.26.jar
verify	Build (skip ITs)	2026-09-27T10:31:40.4198745Z [INFO] Downloading from central: https://repo.maven.apache.org/maven2/org/apache/maven/shared/maven-filtering/3.3.1/maven-filtering-3.3.1.jar
verify	Build (skip ITs)	2026-09-27T10:31:40.4209515Z [INFO] Downloading from central: https://repo.maven.apache.org/maven2/org/codehaus/plexus/plexus-utils/3.5.1/plexus-utils-3.5.1.jar
verify	Build (skip ITs)	2026-09-27T10:31:40.4210588Z [INFO] Downloading from central: https://repo.maven.apache.org/maven2/org/slf4j/slf4j-api/1.7.36/slf4j-api-1.7.36.jar
verify	Build (skip ITs)	2026-09-27T10:31:40.4211422Z [INFO] Downloading from central: https://repo.maven.apache.org/maven2/javax/inject/javax.inject/1/javax.inject-1.jar
verify	Build (skip ITs)	2026-09-27T10:31:40.4806588Z [INFO] Downloaded from central: https://repo.maven.apache.org/maven2/javax/inject/javax.inject/1/javax.inject-1.jar (2.5 kB at 41 kB/s)
verify	Build (skip ITs)	2026-09-27T10:31:40.4809906Z [INFO] Downloading from central: https://repo.maven.apache.org/maven2/org/sonatype/plexus/plexus-build-api/0.0.7/plexus-build-api-0.0.7.jar
verify	Build (skip ITs)	2026-09-27T10:31:40.4811586Z [INFO] Downloaded from central: https://repo.maven.apache.org/maven2/org/apache/maven/shared/maven-filtering/3.3.1/maven-filtering-3.3.1.jar (55 kB at 901 kB/s)
verify	Build (skip ITs)	2026-09-27T10:31:40.4846051Z [INFO] Downloaded from central: https://repo.maven.apache.org/maven2/org/codehaus/plexus/plexus-interpolation/1.26/plexus-interpolation-1.26.jar (85 kB at 1.3 MB/s)
verify	Build (skip ITs)	2026-09-27T10:31:40.4849372Z [INFO] Downloaded from central: https://repo.maven.apache.org/maven2/org/codehaus/plexus/plexus-utils/3.5.1/plexus-utils-3.5.1.jar (269 kB at 4.1 MB/s)
verify	Build (skip ITs)	2026-09-27T10:31:40.4985539Z [INFO] Downloaded from central: https://repo.maven.apache.org/maven2/org/slf4j/slf4j-api/1.7.36/slf4j-api-1.7.36.jar (41 kB at 521 kB/s)
verify	Build (skip ITs)	2026-09-27T10:31:40.5463519Z [INFO] Downloaded from central: https://repo.maven.apache.org/maven2/org/sonatype/plexus/plexus-build-api/0.0.7/plexus-build-api-0.0.7.jar (8.5 kB at 67 kB/s)
verify	Build (skip ITs)	2026-09-27T10:31:40.5802965Z [INFO] Copying 5 resources from src/main/resources to target/classes
verify	Build (skip ITs)	2026-09-27T10:31:40.5979892Z [INFO] Copying 5 resources from src/main/resources to target/classes
verify	Build (skip ITs)	2026-09-27T10:31:40.6014145Z [INFO] 
verify	Build (skip ITs)	2026-09-27T10:31:40.6016332Z [INFO] --- maven-compiler-plugin:3.14.0:compile (default-compile) @ spring-postgres-boilerplate ---
verify	Build (skip ITs)	2026-09-27T10:31:40.6110291Z [INFO] Downloading from central: https://repo.maven.apache.org/maven2/org/apache/maven/shared/maven-shared-utils/3.4.2/maven-shared-utils-3.4.2.pom
verify	Build (skip ITs)	2026-09-27T10:31:40.6746269Z [INFO] Downloaded from central: https://repo.maven.apache.org/maven2/org/apache/maven/shared/maven-shared-utils/3.4.2/maven-shared-utils-3.4.2.pom (5.9 kB at 92 kB/s)
verify	Build (skip ITs)	2026-09-27T10:31:40.6773927Z [INFO] Downloading from central: https://repo.maven.apache.org/maven2/org/apache/maven/shared/maven-shared-incremental/1.1/maven-shared-incremental-1.1.pom
verify	Build (skip ITs)	2026-09-27T10:31:40.7375773Z [INFO] Downloaded from central: https://repo.maven.apache.org/maven2/org/apache/maven/shared/maven-shared-incremental/1.1/maven-shared-incremental-1.1.pom (4.7 kB at 79 kB/s)
verify	Build (skip ITs)	2026-09-27T10:31:40.7385813Z [INFO] Downloading from central: https://repo.maven.apache.org/maven2/org/apache/maven/shared/maven-shared-components/19/maven-shared-components-19.pom
verify	Build (skip ITs)	2026-09-27T10:31:40.7978476Z [INFO] Downloaded from central: https://repo.maven.apache.org/maven2/org/apache/maven/shared/maven-shared-components/19/maven-shared-components-19.pom (6.4 kB at 108 kB/s)
verify	Build (skip ITs)	2026-09-27T10:31:40.7991035Z [INFO] Downloading from central: https://repo.maven.apache.org/maven2/org/apache/maven/maven-parent/23/maven-parent-23.pom
verify	Build (skip ITs)	2026-09-27T10:31:40.8594228Z [INFO] Downloaded from central: https://repo.maven.apache.org/maven2/org/apache/maven/maven-parent/23/maven-parent-23.pom (33 kB at 534 kB/s)
verify	Build (skip ITs)	2026-09-27T10:31:40.8606286Z [INFO] Downloading from central: https://repo.maven.apache.org/maven2/org/apache/apache/13/apache-13.pom
verify	Build (skip ITs)	2026-09-27T10:31:40.9243345Z [INFO] Downloaded from central: https://repo.maven.apache.org/maven2/org/apache/apache/13/apache-13.pom (14 kB at 218 kB/s)
verify	Build (skip ITs)	2026-09-27T10:31:40.9264495Z [INFO] Downloading from central: https://repo.maven.apache.org/maven2/org/codehaus/plexus/plexus-java/1.4.0/plexus-java-1.4.0.pom
verify	Build (skip ITs)	2026-09-27T10:31:40.9913439Z [INFO] Downloaded from central: https://repo.maven.apache.org/maven2/org/codehaus/plexus/plexus-java/1.4.0/plexus-java-1.4.0.pom (4.1 kB at 63 kB/s)
verify	Build (skip ITs)	2026-09-27T10:31:40.9925035Z [INFO] Downloading from central: https://repo.maven.apache.org/maven2/org/codehaus/plexus/plexus-languages/1.4.0/plexus-languages-1.4.0.pom
verify	Build (skip ITs)	2026-09-27T10:31:41.0574950Z [INFO] Downloaded from central: https://repo.maven.apache.org/maven2/org/codehaus/plexus/plexus-languages/1.4.0/plexus-languages-1.4.0.pom (3.9 kB at 59 kB/s)
verify	Build (skip ITs)	2026-09-27T10:31:41.0583500Z [INFO] Downloading from central: https://repo.maven.apache.org/maven2/org/codehaus/plexus/plexus/20/plexus-20.pom
verify	Build (skip ITs)	2026-09-27T10:31:41.1244025Z [INFO] Downloaded from central: https://repo.maven.apache.org/maven2/org/codehaus/plexus/plexus/20/plexus-20.pom (29 kB at 442 kB/s)
verify	Build (skip ITs)	2026-09-27T10:31:41.1261107Z [INFO] Downloading from central: https://repo.maven.apache.org/maven2/com/thoughtworks/qdox/qdox/2.2.0/qdox-2.2.0.pom
verify	Build (skip ITs)	2026-09-27T10:31:41.1899087Z [INFO] Downloaded from central: https://repo.maven.apache.org/maven2/com/thoughtworks/qdox/qdox/2.2.0/qdox-2.2.0.pom (18 kB at 276 kB/s)
verify	Build (skip ITs)	2026-09-27T10:31:41.1916305Z [INFO] Downloading from central: https://repo.maven.apache.org/maven2/org/codehaus/plexus/plexus-compiler-api/2.15.0/plexus-compiler-api-2.15.0.pom
verify	Build (skip ITs)	2026-09-27T10:31:41.2565728Z [INFO] Downloaded from central: https://repo.maven.apache.org/maven2/org/codehaus/plexus/plexus-compiler-api/2.15.0/plexus-compiler-api-2.15.0.pom (1.4 kB at 21 kB/s)
verify	Build (skip ITs)	2026-09-27T10:31:41.2575713Z [INFO] Downloading from central: https://repo.maven.apache.org/maven2/org/codehaus/plexus/plexus-compiler/2.15.0/plexus-compiler-2.15.0.pom
verify	Build (skip ITs)	2026-09-27T10:31:41.3212706Z [INFO] Downloaded from central: https://repo.maven.apache.org/maven2/org/codehaus/plexus/plexus-compiler/2.15.0/plexus-compiler-2.15.0.pom (7.6 kB at 119 kB/s)
verify	Build (skip ITs)	2026-09-27T10:31:41.3231754Z [INFO] Downloading from central: https://repo.maven.apache.org/maven2/org/codehaus/plexus/plexus-compiler-manager/2.15.0/plexus-compiler-manager-2.15.0.pom
verify	Build (skip ITs)	2026-09-27T10:31:41.3854238Z [INFO] Downloaded from central: https://repo.maven.apache.org/maven2/org/codehaus/plexus/plexus-compiler-manager/2.15.0/plexus-compiler-manager-2.15.0.pom (1.3 kB at 21 kB/s)
verify	Build (skip ITs)	2026-09-27T10:31:41.3872396Z [INFO] Downloading from central: https://repo.maven.apache.org/maven2/org/codehaus/plexus/plexus-xml/3.0.1/plexus-xml-3.0.1.pom
verify	Build (skip ITs)	2026-09-27T10:31:41.4477807Z [INFO] Downloaded from central: https://repo.maven.apache.org/maven2/org/codehaus/plexus/plexus-xml/3.0.1/plexus-xml-3.0.1.pom (3.7 kB at 62 kB/s)
verify	Build (skip ITs)	2026-09-27T10:31:41.4486842Z [INFO] Downloading from central: https://repo.maven.apache.org/maven2/org/codehaus/plexus/plexus/18/plexus-18.pom
verify	Build (skip ITs)	2026-09-27T10:31:41.5107134Z [INFO] Downloaded from central: https://repo.maven.apache.org/maven2/org/codehaus/plexus/plexus/18/plexus-18.pom (29 kB at 472 kB/s)
verify	Build (skip ITs)	2026-09-27T10:31:41.5123370Z [INFO] Downloading from central: https://repo.maven.apache.org/maven2/org/codehaus/plexus/plexus-compiler-javac/2.15.0/plexus-compiler-javac-2.15.0.pom
verify	Build (skip ITs)	2026-09-27T10:31:41.5718644Z [INFO] Downloaded from central: https://repo.maven.apache.org/maven2/org/codehaus/plexus/plexus-compiler-javac/2.15.0/plexus-compiler-javac-2.15.0.pom (1.3 kB at 22 kB/s)
verify	Build (skip ITs)	2026-09-27T10:31:41.5726811Z [INFO] Downloading from central: https://repo.maven.apache.org/maven2/org/codehaus/plexus/plexus-compilers/2.15.0/plexus-compilers-2.15.0.pom
verify	Build (skip ITs)	2026-09-27T10:31:41.6337291Z [INFO] Downloaded from central: https://repo.maven.apache.org/maven2/org/codehaus/plexus/plexus-compilers/2.15.0/plexus-compilers-2.15.0.pom (1.6 kB at 26 kB/s)
verify	Build (skip ITs)	2026-09-27T10:31:41.6363028Z [INFO] Downloading from central: https://repo.maven.apache.org/maven2/org/apache/maven/shared/maven-shared-utils/3.4.2/maven-shared-utils-3.4.2.jar
verify	Build (skip ITs)	2026-09-27T10:31:41.6365396Z [INFO] Downloading from central: https://repo.maven.apache.org/maven2/org/apache/maven/shared/maven-shared-incremental/1.1/maven-shared-incremental-1.1.jar
verify	Build (skip ITs)	2026-09-27T10:31:41.6367277Z [INFO] Downloading from central: https://repo.maven.apache.org/maven2/org/codehaus/plexus/plexus-java/1.4.0/plexus-java-1.4.0.jar
verify	Build (skip ITs)	2026-09-27T10:31:41.6370732Z [INFO] Downloading from central: https://repo.maven.apache.org/maven2/com/thoughtworks/qdox/qdox/2.2.0/qdox-2.2.0.jar
verify	Build (skip ITs)	2026-09-27T10:31:41.6372873Z [INFO] Downloading from central: https://repo.maven.apache.org/maven2/org/codehaus/plexus/plexus-compiler-api/2.15.0/plexus-compiler-api-2.15.0.jar
verify	Build (skip ITs)	2026-09-27T10:31:41.6951272Z [INFO] Downloaded from central: https://repo.maven.apache.org/maven2/org/codehaus/plexus/plexus-compiler-api/2.15.0/plexus-compiler-api-2.15.0.jar (29 kB at 501 kB/s)
verify	Build (skip ITs)	2026-09-27T10:31:41.6953940Z [INFO] Downloading from central: https://repo.maven.apache.org/maven2/org/codehaus/plexus/plexus-compiler-manager/2.15.0/plexus-compiler-manager-2.15.0.jar
verify	Build (skip ITs)	2026-09-27T10:31:41.6973459Z [INFO] Downloaded from central: https://repo.maven.apache.org/maven2/org/apache/maven/shared/maven-shared-utils/3.4.2/maven-shared-utils-3.4.2.jar (151 kB at 2.4 MB/s)
verify	Build (skip ITs)	2026-09-27T10:31:41.6975608Z [INFO] Downloading from central: https://repo.maven.apache.org/maven2/org/codehaus/plexus/plexus-xml/3.0.1/plexus-xml-3.0.1.jar
verify	Build (skip ITs)	2026-09-27T10:31:41.6977184Z [INFO] Downloaded from central: https://repo.maven.apache.org/maven2/org/codehaus/plexus/plexus-java/1.4.0/plexus-java-1.4.0.jar (57 kB at 940 kB/s)
verify	Build (skip ITs)	2026-09-27T10:31:41.6979064Z [INFO] Downloading from central: https://repo.maven.apache.org/maven2/org/codehaus/plexus/plexus-compiler-javac/2.15.0/plexus-compiler-javac-2.15.0.jar
verify	Build (skip ITs)	2026-09-27T10:31:41.7040755Z [INFO] Downloaded from central: https://repo.maven.apache.org/maven2/org/apache/maven/shared/maven-shared-incremental/1.1/maven-shared-incremental-1.1.jar (14 kB at 202 kB/s)
verify	Build (skip ITs)	2026-09-27T10:31:41.7103555Z [INFO] Downloaded from central: https://repo.maven.apache.org/maven2/com/thoughtworks/qdox/qdox/2.2.0/qdox-2.2.0.jar (353 kB at 4.8 MB/s)
verify	Build (skip ITs)	2026-09-27T10:31:41.7517584Z [INFO] Downloaded from central: https://repo.maven.apache.org/maven2/org/codehaus/plexus/plexus-compiler-manager/2.15.0/plexus-compiler-manager-2.15.0.jar (5.2 kB at 46 kB/s)
verify	Build (skip ITs)	2026-09-27T10:31:41.7561696Z [INFO] Downloaded from central: https://repo.maven.apache.org/maven2/org/codehaus/plexus/plexus-compiler-javac/2.15.0/plexus-compiler-javac-2.15.0.jar (26 kB at 216 kB/s)
verify	Build (skip ITs)	2026-09-27T10:31:41.7596786Z [INFO] Downloaded from central: https://repo.maven.apache.org/maven2/org/codehaus/plexus/plexus-xml/3.0.1/plexus-xml-3.0.1.jar (94 kB at 773 kB/s)
verify	Build (skip ITs)	2026-09-27T10:31:41.8563689Z [INFO] Downloading from central: https://repo.maven.apache.org/maven2/org/mapstruct/mapstruct-processor/1.6.3/mapstruct-processor-1.6.3.pom
verify	Build (skip ITs)	2026-09-27T10:31:41.9211211Z [INFO] Downloaded from central: https://repo.maven.apache.org/maven2/org/mapstruct/mapstruct-processor/1.6.3/mapstruct-processor-1.6.3.pom (3.2 kB at 50 kB/s)
verify	Build (skip ITs)	2026-09-27T10:31:41.9230181Z [INFO] Downloading from central: https://repo.maven.apache.org/maven2/org/mapstruct/mapstruct-processor/1.6.3/mapstruct-processor-1.6.3.jar
verify	Build (skip ITs)	2026-09-27T10:31:41.9936291Z [INFO] Downloaded from central: https://repo.maven.apache.org/maven2/org/mapstruct/mapstruct-processor/1.6.3/mapstruct-processor-1.6.3.jar (2.5 MB at 35 MB/s)
verify	Build (skip ITs)	2026-09-27T10:31:42.0218172Z [INFO] Recompiling the module because of changed dependency.
verify	Build (skip ITs)	2026-09-27T10:31:42.0276723Z [INFO] Compiling 45 source files with javac [debug parameters release 21] to target/classes
verify	Build (skip ITs)	2026-09-27T10:31:42.8305801Z [INFO] -------------------------------------------------------------
verify	Build (skip ITs)	2026-09-27T10:31:42.8322935Z [ERROR] COMPILATION ERROR : 
verify	Build (skip ITs)	2026-09-27T10:31:42.8329187Z [INFO] -------------------------------------------------------------
verify	Build (skip ITs)	2026-09-27T10:31:42.8372567Z ##[error][ERROR] /home/runner/work/spring-postgres-boilerplate/spring-postgres-boilerplate/src/main/java/com/example/boilerplate/auth/AuthController.java:[1,1] illegal character: '\ufeff'
verify	Build (skip ITs)	2026-09-27T10:31:42.8384677Z ##[error][ERROR] /home/runner/work/spring-postgres-boilerplate/spring-postgres-boilerplate/src/main/java/com/example/boilerplate/auth/AuthController.java:[1,10] class, interface, enum, or record expected
verify	Build (skip ITs)	2026-09-27T10:31:42.8393946Z ##[error][ERROR] /home/runner/work/spring-postgres-boilerplate/spring-postgres-boilerplate/src/main/java/com/example/boilerplate/auth/AuthController.java:[3,1] class, interface, enum, or record expected
verify	Build (skip ITs)	2026-09-27T10:31:42.8400470Z ##[error][ERROR] /home/runner/work/spring-postgres-boilerplate/spring-postgres-boilerplate/src/main/java/com/example/boilerplate/auth/AuthController.java:[4,1] class, interface, enum, or record expected
verify	Build (skip ITs)	2026-09-27T10:31:42.8404460Z ##[error][ERROR] /home/runner/work/spring-postgres-boilerplate/spring-postgres-boilerplate/src/main/java/com/example/boilerplate/auth/AuthController.java:[5,1] class, interface, enum, or record expected
verify	Build (skip ITs)	2026-09-27T10:31:42.8408661Z ##[error][ERROR] /home/runner/work/spring-postgres-boilerplate/spring-postgres-boilerplate/src/main/java/com/example/boilerplate/auth/AuthController.java:[6,1] class, interface, enum, or record expected
verify	Build (skip ITs)	2026-09-27T10:31:42.8412778Z ##[error][ERROR] /home/runner/work/spring-postgres-boilerplate/spring-postgres-boilerplate/src/main/java/com/example/boilerplate/auth/AuthController.java:[7,1] class, interface, enum, or record expected
verify	Build (skip ITs)	2026-09-27T10:31:42.8416707Z ##[error][ERROR] /home/runner/work/spring-postgres-boilerplate/spring-postgres-boilerplate/src/main/java/com/example/boilerplate/config/SecurityConfig.java:[1,1] illegal character: '\ufeff'
verify	Build (skip ITs)	2026-09-27T10:31:42.8420889Z ##[error][ERROR] /home/runner/work/spring-postgres-boilerplate/spring-postgres-boilerplate/src/main/java/com/example/boilerplate/config/SecurityConfig.java:[1,10] class, interface, enum, or record expected
verify	Build (skip ITs)	2026-09-27T10:31:42.8424811Z ##[error][ERROR] /home/runner/work/spring-postgres-boilerplate/spring-postgres-boilerplate/src/main/java/com/example/boilerplate/config/SecurityConfig.java:[3,1] class, interface, enum, or record expected
verify	Build (skip ITs)	2026-09-27T10:31:42.8429551Z ##[error][ERROR] /home/runner/work/spring-postgres-boilerplate/spring-postgres-boilerplate/src/main/java/com/example/boilerplate/config/SecurityConfig.java:[4,1] class, interface, enum, or record expected
verify	Build (skip ITs)	2026-09-27T10:31:42.8433576Z ##[error][ERROR] /home/runner/work/spring-postgres-boilerplate/spring-postgres-boilerplate/src/main/java/com/example/boilerplate/config/SecurityConfig.java:[5,1] class, interface, enum, or record expected
verify	Build (skip ITs)	2026-09-27T10:31:42.8437448Z ##[error][ERROR] /home/runner/work/spring-postgres-boilerplate/spring-postgres-boilerplate/src/main/java/com/example/boilerplate/config/SecurityConfig.java:[6,1] class, interface, enum, or record expected
verify	Build (skip ITs)	2026-09-27T10:31:42.8441571Z ##[error][ERROR] /home/runner/work/spring-postgres-boilerplate/spring-postgres-boilerplate/src/main/java/com/example/boilerplate/config/SecurityConfig.java:[7,1] class, interface, enum, or record expected
verify	Build (skip ITs)	2026-09-27T10:31:42.8445479Z ##[error][ERROR] /home/runner/work/spring-postgres-boilerplate/spring-postgres-boilerplate/src/main/java/com/example/boilerplate/config/SecurityConfig.java:[8,1] class, interface, enum, or record expected
verify	Build (skip ITs)	2026-09-27T10:31:42.8450000Z ##[error][ERROR] /home/runner/work/spring-postgres-boilerplate/spring-postgres-boilerplate/src/main/java/com/example/boilerplate/config/SecurityConfig.java:[9,1] class, interface, enum, or record expected
verify	Build (skip ITs)	2026-09-27T10:31:42.8454052Z ##[error][ERROR] /home/runner/work/spring-postgres-boilerplate/spring-postgres-boilerplate/src/main/java/com/example/boilerplate/config/SecurityConfig.java:[10,1] class, interface, enum, or record expected
verify	Build (skip ITs)	2026-09-27T10:31:42.8461721Z ##[error][ERROR] /home/runner/work/spring-postgres-boilerplate/spring-postgres-boilerplate/src/main/java/com/example/boilerplate/config/SecurityConfig.java:[11,1] class, interface, enum, or record expected
verify	Build (skip ITs)	2026-09-27T10:31:42.8466675Z ##[error][ERROR] /home/runner/work/spring-postgres-boilerplate/spring-postgres-boilerplate/src/main/java/com/example/boilerplate/config/SecurityConfig.java:[12,1] class, interface, enum, or record expected
verify	Build (skip ITs)	2026-09-27T10:31:42.8470893Z ##[error][ERROR] /home/runner/work/spring-postgres-boilerplate/spring-postgres-boilerplate/src/main/java/com/example/boilerplate/config/SecurityConfig.java:[13,1] class, interface, enum, or record expected
verify	Build (skip ITs)	2026-09-27T10:31:42.8474811Z ##[error][ERROR] /home/runner/work/spring-postgres-boilerplate/spring-postgres-boilerplate/src/main/java/com/example/boilerplate/config/SecurityConfig.java:[14,1] class, interface, enum, or record expected
verify	Build (skip ITs)	2026-09-27T10:31:42.8479074Z ##[error][ERROR] /home/runner/work/spring-postgres-boilerplate/spring-postgres-boilerplate/src/main/java/com/example/boilerplate/config/SecurityConfig.java:[15,1] class, interface, enum, or record expected
verify	Build (skip ITs)	2026-09-27T10:31:42.8483045Z ##[error][ERROR] /home/runner/work/spring-postgres-boilerplate/spring-postgres-boilerplate/src/main/java/com/example/boilerplate/config/SecurityConfig.java:[16,1] class, interface, enum, or record expected
verify	Build (skip ITs)	2026-09-27T10:31:42.8486874Z ##[error][ERROR] /home/runner/work/spring-postgres-boilerplate/spring-postgres-boilerplate/src/main/java/com/example/boilerplate/config/SecurityConfig.java:[17,1] class, interface, enum, or record expected
verify	Build (skip ITs)	2026-09-27T10:31:42.8490853Z ##[error][ERROR] /home/runner/work/spring-postgres-boilerplate/spring-postgres-boilerplate/src/main/java/com/example/boilerplate/config/SecurityConfig.java:[18,1] class, interface, enum, or record expected
verify	Build (skip ITs)	2026-09-27T10:31:42.8494721Z ##[error][ERROR] /home/runner/work/spring-postgres-boilerplate/spring-postgres-boilerplate/src/main/java/com/example/boilerplate/config/SecurityConfig.java:[19,1] class, interface, enum, or record expected
verify	Build (skip ITs)	2026-09-27T10:31:42.8498846Z ##[error][ERROR] /home/runner/work/spring-postgres-boilerplate/spring-postgres-boilerplate/src/main/java/com/example/boilerplate/config/SecurityConfig.java:[21,1] class, interface, enum, or record expected
verify	Build (skip ITs)	2026-09-27T10:31:42.8503051Z ##[error][ERROR] /home/runner/work/spring-postgres-boilerplate/spring-postgres-boilerplate/src/main/java/com/example/boilerplate/config/SecurityConfig.java:[22,1] class, interface, enum, or record expected
verify	Build (skip ITs)	2026-09-27T10:31:42.8506918Z ##[error][ERROR] /home/runner/work/spring-postgres-boilerplate/spring-postgres-boilerplate/src/main/java/com/example/boilerplate/config/SecurityConfig.java:[23,1] class, interface, enum, or record expected
verify	Build (skip ITs)	2026-09-27T10:31:42.8511247Z ##[error][ERROR] /home/runner/work/spring-postgres-boilerplate/spring-postgres-boilerplate/src/main/java/com/example/boilerplate/config/SecurityConfig.java:[24,1] class, interface, enum, or record expected
verify	Build (skip ITs)	2026-09-27T10:31:42.8515087Z ##[error][ERROR] /home/runner/work/spring-postgres-boilerplate/spring-postgres-boilerplate/src/main/java/com/example/boilerplate/config/SecurityConfig.java:[25,1] class, interface, enum, or record expected
verify	Build (skip ITs)	2026-09-27T10:31:42.8517979Z ##[error][ERROR] /home/runner/work/spring-postgres-boilerplate/spring-postgres-boilerplate/src/main/java/com/example/boilerplate/config/SecurityConfig.java:[26,1] class, interface, enum, or record expected
verify	Build (skip ITs)	2026-09-27T10:31:42.8520649Z ##[error][ERROR] /home/runner/work/spring-postgres-boilerplate/spring-postgres-boilerplate/src/main/java/com/example/boilerplate/security/JwtAuthenticationFilter.java:[1,1] illegal character: '\ufeff'
verify	Build (skip ITs)	2026-09-27T10:31:42.8522823Z ##[error][ERROR] /home/runner/work/spring-postgres-boilerplate/spring-postgres-boilerplate/src/main/java/com/example/boilerplate/security/JwtAuthenticationFilter.java:[1,10] class, interface, enum, or record expected
verify	Build (skip ITs)	2026-09-27T10:31:42.8525090Z ##[error][ERROR] /home/runner/work/spring-postgres-boilerplate/spring-postgres-boilerplate/src/main/java/com/example/boilerplate/security/JwtAuthenticationFilter.java:[3,1] class, interface, enum, or record expected
verify	Build (skip ITs)	2026-09-27T10:31:42.8527487Z ##[error][ERROR] /home/runner/work/spring-postgres-boilerplate/spring-postgres-boilerplate/src/main/java/com/example/boilerplate/security/JwtAuthenticationFilter.java:[4,1] class, interface, enum, or record expected
verify	Build (skip ITs)	2026-09-27T10:31:42.8529878Z ##[error][ERROR] /home/runner/work/spring-postgres-boilerplate/spring-postgres-boilerplate/src/main/java/com/example/boilerplate/security/JwtAuthenticationFilter.java:[5,1] class, interface, enum, or record expected
verify	Build (skip ITs)	2026-09-27T10:31:42.8532040Z ##[error][ERROR] /home/runner/work/spring-postgres-boilerplate/spring-postgres-boilerplate/src/main/java/com/example/boilerplate/security/JwtAuthenticationFilter.java:[6,1] class, interface, enum, or record expected
verify	Build (skip ITs)	2026-09-27T10:31:42.8534198Z ##[error][ERROR] /home/runner/work/spring-postgres-boilerplate/spring-postgres-boilerplate/src/main/java/com/example/boilerplate/security/JwtAuthenticationFilter.java:[7,1] class, interface, enum, or record expected
verify	Build (skip ITs)	2026-09-27T10:31:42.8536358Z ##[error][ERROR] /home/runner/work/spring-postgres-boilerplate/spring-postgres-boilerplate/src/main/java/com/example/boilerplate/security/JwtAuthenticationFilter.java:[8,1] class, interface, enum, or record expected
verify	Build (skip ITs)	2026-09-27T10:31:42.8538670Z ##[error][ERROR] /home/runner/work/spring-postgres-boilerplate/spring-postgres-boilerplate/src/main/java/com/example/boilerplate/security/JwtAuthenticationFilter.java:[9,1] class, interface, enum, or record expected
verify	Build (skip ITs)	2026-09-27T10:31:42.8540867Z ##[error][ERROR] /home/runner/work/spring-postgres-boilerplate/spring-postgres-boilerplate/src/main/java/com/example/boilerplate/security/JwtAuthenticationFilter.java:[10,1] class, interface, enum, or record expected
verify	Build (skip ITs)	2026-09-27T10:31:42.8543046Z ##[error][ERROR] /home/runner/work/spring-postgres-boilerplate/spring-postgres-boilerplate/src/main/java/com/example/boilerplate/security/JwtAuthenticationFilter.java:[11,1] class, interface, enum, or record expected
verify	Build (skip ITs)	2026-09-27T10:31:42.8545226Z ##[error][ERROR] /home/runner/work/spring-postgres-boilerplate/spring-postgres-boilerplate/src/main/java/com/example/boilerplate/security/JwtAuthenticationFilter.java:[12,1] class, interface, enum, or record expected
verify	Build (skip ITs)	2026-09-27T10:31:42.8547494Z ##[error][ERROR] /home/runner/work/spring-postgres-boilerplate/spring-postgres-boilerplate/src/main/java/com/example/boilerplate/security/JwtService.java:[1,1] illegal character: '\ufeff'
verify	Build (skip ITs)	2026-09-27T10:31:42.8549740Z ##[error][ERROR] /home/runner/work/spring-postgres-boilerplate/spring-postgres-boilerplate/src/main/java/com/example/boilerplate/security/JwtService.java:[1,10] class, interface, enum, or record expected
verify	Build (skip ITs)	2026-09-27T10:31:42.8551832Z ##[error][ERROR] /home/runner/work/spring-postgres-boilerplate/spring-postgres-boilerplate/src/main/java/com/example/boilerplate/security/JwtService.java:[3,1] class, interface, enum, or record expected
verify	Build (skip ITs)	2026-09-27T10:31:42.8553895Z ##[error][ERROR] /home/runner/work/spring-postgres-boilerplate/spring-postgres-boilerplate/src/main/java/com/example/boilerplate/security/JwtService.java:[4,1] class, interface, enum, or record expected
verify	Build (skip ITs)	2026-09-27T10:31:42.8555951Z ##[error][ERROR] /home/runner/work/spring-postgres-boilerplate/spring-postgres-boilerplate/src/main/java/com/example/boilerplate/security/JwtService.java:[5,1] class, interface, enum, or record expected
verify	Build (skip ITs)	2026-09-27T10:31:42.8557990Z ##[error][ERROR] /home/runner/work/spring-postgres-boilerplate/spring-postgres-boilerplate/src/main/java/com/example/boilerplate/security/JwtService.java:[6,1] class, interface, enum, or record expected
verify	Build (skip ITs)	2026-09-27T10:31:42.8560514Z ##[error][ERROR] /home/runner/work/spring-postgres-boilerplate/spring-postgres-boilerplate/src/main/java/com/example/boilerplate/security/JwtService.java:[7,1] class, interface, enum, or record expected
verify	Build (skip ITs)	2026-09-27T10:31:42.8562708Z ##[error][ERROR] /home/runner/work/spring-postgres-boilerplate/spring-postgres-boilerplate/src/main/java/com/example/boilerplate/security/JwtService.java:[8,1] class, interface, enum, or record expected
verify	Build (skip ITs)	2026-09-27T10:31:42.8565544Z ##[error][ERROR] /home/runner/work/spring-postgres-boilerplate/spring-postgres-boilerplate/src/main/java/com/example/boilerplate/security/JwtService.java:[9,1] class, interface, enum, or record expected
verify	Build (skip ITs)	2026-09-27T10:31:42.8567979Z ##[error][ERROR] /home/runner/work/spring-postgres-boilerplate/spring-postgres-boilerplate/src/main/java/com/example/boilerplate/security/JwtService.java:[10,1] class, interface, enum, or record expected
verify	Build (skip ITs)	2026-09-27T10:31:42.8570300Z ##[error][ERROR] /home/runner/work/spring-postgres-boilerplate/spring-postgres-boilerplate/src/main/java/com/example/boilerplate/security/JwtService.java:[12,1] class, interface, enum, or record expected
verify	Build (skip ITs)	2026-09-27T10:31:42.8572373Z ##[error][ERROR] /home/runner/work/spring-postgres-boilerplate/spring-postgres-boilerplate/src/main/java/com/example/boilerplate/security/JwtService.java:[13,1] class, interface, enum, or record expected
verify	Build (skip ITs)	2026-09-27T10:31:42.8574450Z ##[error][ERROR] /home/runner/work/spring-postgres-boilerplate/spring-postgres-boilerplate/src/main/java/com/example/boilerplate/security/JwtService.java:[14,1] class, interface, enum, or record expected
verify	Build (skip ITs)	2026-09-27T10:31:42.8576499Z ##[error][ERROR] /home/runner/work/spring-postgres-boilerplate/spring-postgres-boilerplate/src/main/java/com/example/boilerplate/security/JwtService.java:[15,1] class, interface, enum, or record expected
verify	Build (skip ITs)	2026-09-27T10:31:42.8578744Z ##[error][ERROR] /home/runner/work/spring-postgres-boilerplate/spring-postgres-boilerplate/src/main/java/com/example/boilerplate/service/AuthService.java:[1,1] illegal character: '\ufeff'
verify	Build (skip ITs)	2026-09-27T10:31:42.8580818Z ##[error][ERROR] /home/runner/work/spring-postgres-boilerplate/spring-postgres-boilerplate/src/main/java/com/example/boilerplate/service/AuthService.java:[1,10] class, interface, enum, or record expected
verify	Build (skip ITs)	2026-09-27T10:31:42.8582883Z ##[error][ERROR] /home/runner/work/spring-postgres-boilerplate/spring-postgres-boilerplate/src/main/java/com/example/boilerplate/service/AuthService.java:[3,1] class, interface, enum, or record expected
verify	Build (skip ITs)	2026-09-27T10:31:42.8584946Z ##[error][ERROR] /home/runner/work/spring-postgres-boilerplate/spring-postgres-boilerplate/src/main/java/com/example/boilerplate/service/AuthService.java:[4,1] class, interface, enum, or record expected
verify	Build (skip ITs)	2026-09-27T10:31:42.8587259Z ##[error][ERROR] /home/runner/work/spring-postgres-boilerplate/spring-postgres-boilerplate/src/main/java/com/example/boilerplate/service/AuthService.java:[5,1] class, interface, enum, or record expected
verify	Build (skip ITs)	2026-09-27T10:31:42.8589594Z ##[error][ERROR] /home/runner/work/spring-postgres-boilerplate/spring-postgres-boilerplate/src/main/java/com/example/boilerplate/service/AuthService.java:[6,1] class, interface, enum, or record expected
verify	Build (skip ITs)	2026-09-27T10:31:42.8591653Z ##[error][ERROR] /home/runner/work/spring-postgres-boilerplate/spring-postgres-boilerplate/src/main/java/com/example/boilerplate/service/AuthService.java:[7,1] class, interface, enum, or record expected
verify	Build (skip ITs)	2026-09-27T10:31:42.8593704Z ##[error][ERROR] /home/runner/work/spring-postgres-boilerplate/spring-postgres-boilerplate/src/main/java/com/example/boilerplate/service/AuthService.java:[8,1] class, interface, enum, or record expected
verify	Build (skip ITs)	2026-09-27T10:31:42.8595756Z ##[error][ERROR] /home/runner/work/spring-postgres-boilerplate/spring-postgres-boilerplate/src/main/java/com/example/boilerplate/service/AuthService.java:[9,1] class, interface, enum, or record expected
verify	Build (skip ITs)	2026-09-27T10:31:42.8597806Z ##[error][ERROR] /home/runner/work/spring-postgres-boilerplate/spring-postgres-boilerplate/src/main/java/com/example/boilerplate/service/AuthService.java:[11,1] class, interface, enum, or record expected
verify	Build (skip ITs)	2026-09-27T10:31:42.8600267Z ##[error][ERROR] /home/runner/work/spring-postgres-boilerplate/spring-postgres-boilerplate/src/main/java/com/example/boilerplate/service/AuthService.java:[12,1] class, interface, enum, or record expected
verify	Build (skip ITs)	2026-09-27T10:31:42.8602339Z ##[error][ERROR] /home/runner/work/spring-postgres-boilerplate/spring-postgres-boilerplate/src/main/java/com/example/boilerplate/service/AuthService.java:[13,1] class, interface, enum, or record expected
verify	Build (skip ITs)	2026-09-27T10:31:42.8604631Z ##[error][ERROR] /home/runner/work/spring-postgres-boilerplate/spring-postgres-boilerplate/src/main/java/com/example/boilerplate/service/AuthService.java:[14,1] class, interface, enum, or record expected
verify	Build (skip ITs)	2026-09-27T10:31:42.8606700Z ##[error][ERROR] /home/runner/work/spring-postgres-boilerplate/spring-postgres-boilerplate/src/main/java/com/example/boilerplate/service/AuthService.java:[16,1] class, interface, enum, or record expected
verify	Build (skip ITs)	2026-09-27T10:31:42.8608928Z ##[error][ERROR] /home/runner/work/spring-postgres-boilerplate/spring-postgres-boilerplate/src/main/java/com/example/boilerplate/service/AuthService.java:[17,1] class, interface, enum, or record expected
verify	Build (skip ITs)	2026-09-27T10:31:42.8611034Z ##[error][ERROR] /home/runner/work/spring-postgres-boilerplate/spring-postgres-boilerplate/src/main/java/com/example/boilerplate/service/AuthService.java:[18,1] class, interface, enum, or record expected
verify	Build (skip ITs)	2026-09-27T10:31:42.8613097Z ##[error][ERROR] /home/runner/work/spring-postgres-boilerplate/spring-postgres-boilerplate/src/main/java/com/example/boilerplate/service/AuthService.java:[19,1] class, interface, enum, or record expected
verify	Build (skip ITs)	2026-09-27T10:31:42.8615139Z ##[error][ERROR] /home/runner/work/spring-postgres-boilerplate/spring-postgres-boilerplate/src/main/java/com/example/boilerplate/service/AuthService.java:[20,1] class, interface, enum, or record expected
verify	Build (skip ITs)	2026-09-27T10:31:42.8617169Z ##[error][ERROR] /home/runner/work/spring-postgres-boilerplate/spring-postgres-boilerplate/src/main/java/com/example/boilerplate/service/AuthService.java:[21,1] class, interface, enum, or record expected
verify	Build (skip ITs)	2026-09-27T10:31:42.8620135Z ##[error][ERROR] /home/runner/work/spring-postgres-boilerplate/spring-postgres-boilerplate/src/main/java/com/example/boilerplate/testresult/TestResult.java:[1,1] illegal character: '\ufeff'
verify	Build (skip ITs)	2026-09-27T10:31:42.8622272Z ##[error][ERROR] /home/runner/work/spring-postgres-boilerplate/spring-postgres-boilerplate/src/main/java/com/example/boilerplate/testresult/TestResult.java:[1,10] class, interface, enum, or record expected
verify	Build (skip ITs)	2026-09-27T10:31:42.8624436Z ##[error][ERROR] /home/runner/work/spring-postgres-boilerplate/spring-postgres-boilerplate/src/main/java/com/example/boilerplate/testresult/TestResult.java:[3,1] class, interface, enum, or record expected
verify	Build (skip ITs)	2026-09-27T10:31:42.8626709Z ##[error][ERROR] /home/runner/work/spring-postgres-boilerplate/spring-postgres-boilerplate/src/main/java/com/example/boilerplate/testresult/TestResult.java:[4,1] class, interface, enum, or record expected
verify	Build (skip ITs)	2026-09-27T10:31:42.8628953Z ##[error][ERROR] /home/runner/work/spring-postgres-boilerplate/spring-postgres-boilerplate/src/main/java/com/example/boilerplate/testresult/TestResult.java:[5,1] class, interface, enum, or record expected
verify	Build (skip ITs)	2026-09-27T10:31:42.8631069Z ##[error][ERROR] /home/runner/work/spring-postgres-boilerplate/spring-postgres-boilerplate/src/main/java/com/example/boilerplate/testresult/TestResult.java:[6,1] class, interface, enum, or record expected
verify	Build (skip ITs)	2026-09-27T10:31:42.8633148Z ##[error][ERROR] /home/runner/work/spring-postgres-boilerplate/spring-postgres-boilerplate/src/main/java/com/example/boilerplate/testresult/TestResult.java:[7,1] class, interface, enum, or record expected
verify	Build (skip ITs)	2026-09-27T10:31:42.8635205Z ##[error][ERROR] /home/runner/work/spring-postgres-boilerplate/spring-postgres-boilerplate/src/main/java/com/example/boilerplate/testresult/TestResultService.java:[1,1] illegal character: '\ufeff'
verify	Build (skip ITs)	2026-09-27T10:31:42.8637302Z ##[error][ERROR] /home/runner/work/spring-postgres-boilerplate/spring-postgres-boilerplate/src/main/java/com/example/boilerplate/testresult/TestResultService.java:[1,10] class, interface, enum, or record expected
verify	Build (skip ITs)	2026-09-27T10:31:42.8639855Z ##[error][ERROR] /home/runner/work/spring-postgres-boilerplate/spring-postgres-boilerplate/src/main/java/com/example/boilerplate/testresult/TestResultService.java:[3,1] class, interface, enum, or record expected
verify	Build (skip ITs)	2026-09-27T10:31:42.8642231Z ##[error][ERROR] /home/runner/work/spring-postgres-boilerplate/spring-postgres-boilerplate/src/main/java/com/example/boilerplate/testresult/TestResultService.java:[4,1] class, interface, enum, or record expected
verify	Build (skip ITs)	2026-09-27T10:31:42.8644385Z ##[error][ERROR] /home/runner/work/spring-postgres-boilerplate/spring-postgres-boilerplate/src/main/java/com/example/boilerplate/testresult/TestResultService.java:[5,1] class, interface, enum, or record expected
verify	Build (skip ITs)	2026-09-27T10:31:42.8646515Z ##[error][ERROR] /home/runner/work/spring-postgres-boilerplate/spring-postgres-boilerplate/src/main/java/com/example/boilerplate/testresult/TestResultService.java:[6,1] class, interface, enum, or record expected
verify	Build (skip ITs)	2026-09-27T10:31:42.8648896Z ##[error][ERROR] /home/runner/work/spring-postgres-boilerplate/spring-postgres-boilerplate/src/main/java/com/example/boilerplate/testresult/TestResultService.java:[7,1] class, interface, enum, or record expected
verify	Build (skip ITs)	2026-09-27T10:31:42.8651142Z ##[error][ERROR] /home/runner/work/spring-postgres-boilerplate/spring-postgres-boilerplate/src/main/java/com/example/boilerplate/testresult/TestResultService.java:[8,1] class, interface, enum, or record expected
verify	Build (skip ITs)	2026-09-27T10:31:42.8653283Z ##[error][ERROR] /home/runner/work/spring-postgres-boilerplate/spring-postgres-boilerplate/src/main/java/com/example/boilerplate/testresult/TestResultService.java:[9,1] class, interface, enum, or record expected
verify	Build (skip ITs)	2026-09-27T10:31:42.8655447Z ##[error][ERROR] /home/runner/work/spring-postgres-boilerplate/spring-postgres-boilerplate/src/main/java/com/example/boilerplate/user/UserController.java:[1,1] illegal character: '\ufeff'
verify	Build (skip ITs)	2026-09-27T10:31:42.8657507Z ##[error][ERROR] /home/runner/work/spring-postgres-boilerplate/spring-postgres-boilerplate/src/main/java/com/example/boilerplate/user/UserController.java:[1,10] class, interface, enum, or record expected
verify	Build (skip ITs)	2026-09-27T10:31:42.8659771Z ##[error][ERROR] /home/runner/work/spring-postgres-boilerplate/spring-postgres-boilerplate/src/main/java/com/example/boilerplate/user/UserController.java:[3,1] class, interface, enum, or record expected
verify	Build (skip ITs)	2026-09-27T10:31:42.8661859Z ##[error][ERROR] /home/runner/work/spring-postgres-boilerplate/spring-postgres-boilerplate/src/main/java/com/example/boilerplate/user/UserController.java:[4,1] class, interface, enum, or record expected
verify	Build (skip ITs)	2026-09-27T10:31:42.8664256Z ##[error][ERROR] /home/runner/work/spring-postgres-boilerplate/spring-postgres-boilerplate/src/main/java/com/example/boilerplate/user/UserController.java:[5,1] class, interface, enum, or record expected
verify	Build (skip ITs)	2026-09-27T10:31:42.8666251Z ##[error][ERROR] /home/runner/work/spring-postgres-boilerplate/spring-postgres-boilerplate/src/main/java/com/example/boilerplate/user/UserMapper.java:[1,1] illegal character: '\ufeff'
verify	Build (skip ITs)	2026-09-27T10:31:42.8668385Z ##[error][ERROR] /home/runner/work/spring-postgres-boilerplate/spring-postgres-boilerplate/src/main/java/com/example/boilerplate/user/UserMapper.java:[1,10] class, interface, enum, or record expected
verify	Build (skip ITs)	2026-09-27T10:31:42.8669665Z [INFO] 100 errors 
verify	Build (skip ITs)	2026-09-27T10:31:42.8669956Z [INFO] -------------------------------------------------------------
verify	Build (skip ITs)	2026-09-27T10:31:42.8670593Z [INFO] ------------------------------------------------------------------------
verify	Build (skip ITs)	2026-09-27T10:31:42.8671776Z [INFO] BUILD FAILURE
verify	Build (skip ITs)	2026-09-27T10:31:42.8672333Z [INFO] ------------------------------------------------------------------------
verify	Build (skip ITs)	2026-09-27T10:31:42.8672804Z [INFO] Total time:  29.388 s
verify	Build (skip ITs)	2026-09-27T10:31:42.8673091Z [INFO] Finished at: 2026-09-27T10:31:42Z
verify	Build (skip ITs)	2026-09-27T10:31:42.8673457Z [INFO] ------------------------------------------------------------------------
verify	Build (skip ITs)	2026-09-27T10:31:42.8674430Z [ERROR] Failed to execute goal org.apache.maven.plugins:maven-compiler-plugin:3.14.0:compile (default-compile) on project spring-postgres-boilerplate: Compilation failure: Compilation failure: 
verify	Build (skip ITs)	2026-09-27T10:31:42.8676105Z ##[error][ERROR] /home/runner/work/spring-postgres-boilerplate/spring-postgres-boilerplate/src/main/java/com/example/boilerplate/auth/AuthController.java:[1,1] illegal character: '\ufeff'
verify	Build (skip ITs)	2026-09-27T10:31:42.8678867Z ##[error][ERROR] /home/runner/work/spring-postgres-boilerplate/spring-postgres-boilerplate/src/main/java/com/example/boilerplate/auth/AuthController.java:[1,10] class, interface, enum, or record expected
verify	Build (skip ITs)	2026-09-27T10:31:42.8681116Z ##[error][ERROR] /home/runner/work/spring-postgres-boilerplate/spring-postgres-boilerplate/src/main/java/com/example/boilerplate/auth/AuthController.java:[3,1] class, interface, enum, or record expected
verify	Build (skip ITs)	2026-09-27T10:31:42.8683211Z ##[error][ERROR] /home/runner/work/spring-postgres-boilerplate/spring-postgres-boilerplate/src/main/java/com/example/boilerplate/auth/AuthController.java:[4,1] class, interface, enum, or record expected
verify	Build (skip ITs)	2026-09-27T10:31:42.8685306Z ##[error][ERROR] /home/runner/work/spring-postgres-boilerplate/spring-postgres-boilerplate/src/main/java/com/example/boilerplate/auth/AuthController.java:[5,1] class, interface, enum, or record expected
verify	Build (skip ITs)	2026-09-27T10:31:42.8687382Z ##[error][ERROR] /home/runner/work/spring-postgres-boilerplate/spring-postgres-boilerplate/src/main/java/com/example/boilerplate/auth/AuthController.java:[6,1] class, interface, enum, or record expected
verify	Build (skip ITs)	2026-09-27T10:31:42.8689810Z ##[error][ERROR] /home/runner/work/spring-postgres-boilerplate/spring-postgres-boilerplate/src/main/java/com/example/boilerplate/auth/AuthController.java:[7,1] class, interface, enum, or record expected
verify	Build (skip ITs)	2026-09-27T10:31:42.8691901Z ##[error][ERROR] /home/runner/work/spring-postgres-boilerplate/spring-postgres-boilerplate/src/main/java/com/example/boilerplate/config/SecurityConfig.java:[1,1] illegal character: '\ufeff'
verify	Build (skip ITs)	2026-09-27T10:31:42.8693993Z ##[error][ERROR] /home/runner/work/spring-postgres-boilerplate/spring-postgres-boilerplate/src/main/java/com/example/boilerplate/config/SecurityConfig.java:[1,10] class, interface, enum, or record expected
verify	Build (skip ITs)	2026-09-27T10:31:42.8696077Z ##[error][ERROR] /home/runner/work/spring-postgres-boilerplate/spring-postgres-boilerplate/src/main/java/com/example/boilerplate/config/SecurityConfig.java:[3,1] class, interface, enum, or record expected
verify	Build (skip ITs)	2026-09-27T10:31:42.8698375Z ##[error][ERROR] /home/runner/work/spring-postgres-boilerplate/spring-postgres-boilerplate/src/main/java/com/example/boilerplate/config/SecurityConfig.java:[4,1] class, interface, enum, or record expected
verify	Build (skip ITs)	2026-09-27T10:31:42.8700818Z ##[error][ERROR] /home/runner/work/spring-postgres-boilerplate/spring-postgres-boilerplate/src/main/java/com/example/boilerplate/config/SecurityConfig.java:[5,1] class, interface, enum, or record expected
verify	Build (skip ITs)	2026-09-27T10:31:42.8702920Z ##[error][ERROR] /home/runner/work/spring-postgres-boilerplate/spring-postgres-boilerplate/src/main/java/com/example/boilerplate/config/SecurityConfig.java:[6,1] class, interface, enum, or record expected
verify	Build (skip ITs)	2026-09-27T10:31:42.8704985Z ##[error][ERROR] /home/runner/work/spring-postgres-boilerplate/spring-postgres-boilerplate/src/main/java/com/example/boilerplate/config/SecurityConfig.java:[7,1] class, interface, enum, or record expected
verify	Build (skip ITs)	2026-09-27T10:31:42.8707093Z ##[error][ERROR] /home/runner/work/spring-postgres-boilerplate/spring-postgres-boilerplate/src/main/java/com/example/boilerplate/config/SecurityConfig.java:[8,1] class, interface, enum, or record expected
verify	Build (skip ITs)	2026-09-27T10:31:42.8709562Z ##[error][ERROR] /home/runner/work/spring-postgres-boilerplate/spring-postgres-boilerplate/src/main/java/com/example/boilerplate/config/SecurityConfig.java:[9,1] class, interface, enum, or record expected
verify	Build (skip ITs)	2026-09-27T10:31:42.8711702Z ##[error][ERROR] /home/runner/work/spring-postgres-boilerplate/spring-postgres-boilerplate/src/main/java/com/example/boilerplate/config/SecurityConfig.java:[10,1] class, interface, enum, or record expected
verify	Build (skip ITs)	2026-09-27T10:31:42.8713773Z ##[error][ERROR] /home/runner/work/spring-postgres-boilerplate/spring-postgres-boilerplate/src/main/java/com/example/boilerplate/config/SecurityConfig.java:[11,1] class, interface, enum, or record expected
verify	Build (skip ITs)	2026-09-27T10:31:42.8715841Z ##[error][ERROR] /home/runner/work/spring-postgres-boilerplate/spring-postgres-boilerplate/src/main/java/com/example/boilerplate/config/SecurityConfig.java:[12,1] class, interface, enum, or record expected
verify	Build (skip ITs)	2026-09-27T10:31:42.8718099Z ##[error][ERROR] /home/runner/work/spring-postgres-boilerplate/spring-postgres-boilerplate/src/main/java/com/example/boilerplate/config/SecurityConfig.java:[13,1] class, interface, enum, or record expected
verify	Build (skip ITs)	2026-09-27T10:31:42.8720804Z ##[error][ERROR] /home/runner/work/spring-postgres-boilerplate/spring-postgres-boilerplate/src/main/java/com/example/boilerplate/config/SecurityConfig.java:[14,1] class, interface, enum, or record expected
verify	Build (skip ITs)	2026-09-27T10:31:42.8722983Z ##[error][ERROR] /home/runner/work/spring-postgres-boilerplate/spring-postgres-boilerplate/src/main/java/com/example/boilerplate/config/SecurityConfig.java:[15,1] class, interface, enum, or record expected
verify	Build (skip ITs)	2026-09-27T10:31:42.8725126Z ##[error][ERROR] /home/runner/work/spring-postgres-boilerplate/spring-postgres-boilerplate/src/main/java/com/example/boilerplate/config/SecurityConfig.java:[16,1] class, interface, enum, or record expected
verify	Build (skip ITs)	2026-09-27T10:31:42.8727217Z ##[error][ERROR] /home/runner/work/spring-postgres-boilerplate/spring-postgres-boilerplate/src/main/java/com/example/boilerplate/config/SecurityConfig.java:[17,1] class, interface, enum, or record expected
verify	Build (skip ITs)	2026-09-27T10:31:42.8729622Z ##[error][ERROR] /home/runner/work/spring-postgres-boilerplate/spring-postgres-boilerplate/src/main/java/com/example/boilerplate/config/SecurityConfig.java:[18,1] class, interface, enum, or record expected
verify	Build (skip ITs)	2026-09-27T10:31:42.8731706Z ##[error][ERROR] /home/runner/work/spring-postgres-boilerplate/spring-postgres-boilerplate/src/main/java/com/example/boilerplate/config/SecurityConfig.java:[19,1] class, interface, enum, or record expected
verify	Build (skip ITs)	2026-09-27T10:31:42.8733754Z ##[error][ERROR] /home/runner/work/spring-postgres-boilerplate/spring-postgres-boilerplate/src/main/java/com/example/boilerplate/config/SecurityConfig.java:[21,1] class, interface, enum, or record expected
verify	Build (skip ITs)	2026-09-27T10:31:42.8735815Z ##[error][ERROR] /home/runner/work/spring-postgres-boilerplate/spring-postgres-boilerplate/src/main/java/com/example/boilerplate/config/SecurityConfig.java:[22,1] class, interface, enum, or record expected
verify	Build (skip ITs)	2026-09-27T10:31:42.8737866Z ##[error][ERROR] /home/runner/work/spring-postgres-boilerplate/spring-postgres-boilerplate/src/main/java/com/example/boilerplate/config/SecurityConfig.java:[23,1] class, interface, enum, or record expected
verify	Build (skip ITs)	2026-09-27T10:31:42.8740516Z ##[error][ERROR] /home/runner/work/spring-postgres-boilerplate/spring-postgres-boilerplate/src/main/java/com/example/boilerplate/config/SecurityConfig.java:[24,1] class, interface, enum, or record expected
verify	Build (skip ITs)	2026-09-27T10:31:42.8742615Z ##[error][ERROR] /home/runner/work/spring-postgres-boilerplate/spring-postgres-boilerplate/src/main/java/com/example/boilerplate/config/SecurityConfig.java:[25,1] class, interface, enum, or record expected
verify	Build (skip ITs)	2026-09-27T10:31:42.8744677Z ##[error][ERROR] /home/runner/work/spring-postgres-boilerplate/spring-postgres-boilerplate/src/main/java/com/example/boilerplate/config/SecurityConfig.java:[26,1] class, interface, enum, or record expected
verify	Build (skip ITs)	2026-09-27T10:31:42.8761064Z ##[error][ERROR] /home/runner/work/spring-postgres-boilerplate/spring-postgres-boilerplate/src/main/java/com/example/boilerplate/security/JwtAuthenticationFilter.java:[1,1] illegal character: '\ufeff'
verify	Build (skip ITs)	2026-09-27T10:31:42.8763369Z ##[error][ERROR] /home/runner/work/spring-postgres-boilerplate/spring-postgres-boilerplate/src/main/java/com/example/boilerplate/security/JwtAuthenticationFilter.java:[1,10] class, interface, enum, or record expected
verify	Build (skip ITs)	2026-09-27T10:31:42.8765615Z ##[error][ERROR] /home/runner/work/spring-postgres-boilerplate/spring-postgres-boilerplate/src/main/java/com/example/boilerplate/security/JwtAuthenticationFilter.java:[3,1] class, interface, enum, or record expected
verify	Build (skip ITs)	2026-09-27T10:31:42.8767834Z ##[error][ERROR] /home/runner/work/spring-postgres-boilerplate/spring-postgres-boilerplate/src/main/java/com/example/boilerplate/security/JwtAuthenticationFilter.java:[4,1] class, interface, enum, or record expected
verify	Build (skip ITs)	2026-09-27T10:31:42.8770603Z ##[error][ERROR] /home/runner/work/spring-postgres-boilerplate/spring-postgres-boilerplate/src/main/java/com/example/boilerplate/security/JwtAuthenticationFilter.java:[5,1] class, interface, enum, or record expected
verify	Build (skip ITs)	2026-09-27T10:31:42.8772794Z ##[error][ERROR] /home/runner/work/spring-postgres-boilerplate/spring-postgres-boilerplate/src/main/java/com/example/boilerplate/security/JwtAuthenticationFilter.java:[6,1] class, interface, enum, or record expected
verify	Build (skip ITs)	2026-09-27T10:31:42.8774997Z ##[error][ERROR] /home/runner/work/spring-postgres-boilerplate/spring-postgres-boilerplate/src/main/java/com/example/boilerplate/security/JwtAuthenticationFilter.java:[7,1] class, interface, enum, or record expected
verify	Build (skip ITs)	2026-09-27T10:31:42.8777236Z ##[error][ERROR] /home/runner/work/spring-postgres-boilerplate/spring-postgres-boilerplate/src/main/java/com/example/boilerplate/security/JwtAuthenticationFilter.java:[8,1] class, interface, enum, or record expected
verify	Build (skip ITs)	2026-09-27T10:31:42.8779770Z ##[error][ERROR] /home/runner/work/spring-postgres-boilerplate/spring-postgres-boilerplate/src/main/java/com/example/boilerplate/security/JwtAuthenticationFilter.java:[9,1] class, interface, enum, or record expected
verify	Build (skip ITs)	2026-09-27T10:31:42.8781954Z ##[error][ERROR] /home/runner/work/spring-postgres-boilerplate/spring-postgres-boilerplate/src/main/java/com/example/boilerplate/security/JwtAuthenticationFilter.java:[10,1] class, interface, enum, or record expected
verify	Build (skip ITs)	2026-09-27T10:31:42.8784110Z ##[error][ERROR] /home/runner/work/spring-postgres-boilerplate/spring-postgres-boilerplate/src/main/java/com/example/boilerplate/security/JwtAuthenticationFilter.java:[11,1] class, interface, enum, or record expected
verify	Build (skip ITs)	2026-09-27T10:31:42.8786265Z ##[error][ERROR] /home/runner/work/spring-postgres-boilerplate/spring-postgres-boilerplate/src/main/java/com/example/boilerplate/security/JwtAuthenticationFilter.java:[12,1] class, interface, enum, or record expected
verify	Build (skip ITs)	2026-09-27T10:31:42.8788608Z ##[error][ERROR] /home/runner/work/spring-postgres-boilerplate/spring-postgres-boilerplate/src/main/java/com/example/boilerplate/security/JwtService.java:[1,1] illegal character: '\ufeff'
verify	Build (skip ITs)	2026-09-27T10:31:42.8790786Z ##[error][ERROR] /home/runner/work/spring-postgres-boilerplate/spring-postgres-boilerplate/src/main/java/com/example/boilerplate/security/JwtService.java:[1,10] class, interface, enum, or record expected
verify	Build (skip ITs)	2026-09-27T10:31:42.8793071Z ##[error][ERROR] /home/runner/work/spring-postgres-boilerplate/spring-postgres-boilerplate/src/main/java/com/example/boilerplate/security/JwtService.java:[3,1] class, interface, enum, or record expected
verify	Build (skip ITs)	2026-09-27T10:31:42.8795136Z ##[error][ERROR] /home/runner/work/spring-postgres-boilerplate/spring-postgres-boilerplate/src/main/java/com/example/boilerplate/security/JwtService.java:[4,1] class, interface, enum, or record expected
verify	Build (skip ITs)	2026-09-27T10:31:42.8797724Z ##[error][ERROR] /home/runner/work/spring-postgres-boilerplate/spring-postgres-boilerplate/src/main/java/com/example/boilerplate/security/JwtService.java:[5,1] class, interface, enum, or record expected
verify	Build (skip ITs)	2026-09-27T10:31:42.8800177Z ##[error][ERROR] /home/runner/work/spring-postgres-boilerplate/spring-postgres-boilerplate/src/main/java/com/example/boilerplate/security/JwtService.java:[6,1] class, interface, enum, or record expected
verify	Build (skip ITs)	2026-09-27T10:31:42.8803367Z ##[error][ERROR] /home/runner/work/spring-postgres-boilerplate/spring-postgres-boilerplate/src/main/java/com/example/boilerplate/security/JwtService.java:[7,1] class, interface, enum, or record expected
verify	Build (skip ITs)	2026-09-27T10:31:42.8805536Z ##[error][ERROR] /home/runner/work/spring-postgres-boilerplate/spring-postgres-boilerplate/src/main/java/com/example/boilerplate/security/JwtService.java:[8,1] class, interface, enum, or record expected
verify	Build (skip ITs)	2026-09-27T10:31:42.8807613Z ##[error][ERROR] /home/runner/work/spring-postgres-boilerplate/spring-postgres-boilerplate/src/main/java/com/example/boilerplate/security/JwtService.java:[9,1] class, interface, enum, or record expected
verify	Build (skip ITs)	2026-09-27T10:31:42.8810633Z ##[error][ERROR] /home/runner/work/spring-postgres-boilerplate/spring-postgres-boilerplate/src/main/java/com/example/boilerplate/security/JwtService.java:[10,1] class, interface, enum, or record expected
verify	Build (skip ITs)	2026-09-27T10:31:42.8812753Z ##[error][ERROR] /home/runner/work/spring-postgres-boilerplate/spring-postgres-boilerplate/src/main/java/com/example/boilerplate/security/JwtService.java:[12,1] class, interface, enum, or record expected
verify	Build (skip ITs)	2026-09-27T10:31:42.8814863Z ##[error][ERROR] /home/runner/work/spring-postgres-boilerplate/spring-postgres-boilerplate/src/main/java/com/example/boilerplate/security/JwtService.java:[13,1] class, interface, enum, or record expected
verify	Build (skip ITs)	2026-09-27T10:31:42.8816957Z ##[error][ERROR] /home/runner/work/spring-postgres-boilerplate/spring-postgres-boilerplate/src/main/java/com/example/boilerplate/security/JwtService.java:[14,1] class, interface, enum, or record expected
verify	Build (skip ITs)	2026-09-27T10:31:42.8819442Z ##[error][ERROR] /home/runner/work/spring-postgres-boilerplate/spring-postgres-boilerplate/src/main/java/com/example/boilerplate/security/JwtService.java:[15,1] class, interface, enum, or record expected
verify	Build (skip ITs)	2026-09-27T10:31:42.8821574Z ##[error][ERROR] /home/runner/work/spring-postgres-boilerplate/spring-postgres-boilerplate/src/main/java/com/example/boilerplate/service/AuthService.java:[1,1] illegal character: '\ufeff'
verify	Build (skip ITs)	2026-09-27T10:31:42.8823653Z ##[error][ERROR] /home/runner/work/spring-postgres-boilerplate/spring-postgres-boilerplate/src/main/java/com/example/boilerplate/service/AuthService.java:[1,10] class, interface, enum, or record expected
verify	Build (skip ITs)	2026-09-27T10:31:42.8825735Z ##[error][ERROR] /home/runner/work/spring-postgres-boilerplate/spring-postgres-boilerplate/src/main/java/com/example/boilerplate/service/AuthService.java:[3,1] class, interface, enum, or record expected
verify	Build (skip ITs)	2026-09-27T10:31:42.8827794Z ##[error][ERROR] /home/runner/work/spring-postgres-boilerplate/spring-postgres-boilerplate/src/main/java/com/example/boilerplate/service/AuthService.java:[4,1] class, interface, enum, or record expected
verify	Build (skip ITs)	2026-09-27T10:31:42.8830225Z ##[error][ERROR] /home/runner/work/spring-postgres-boilerplate/spring-postgres-boilerplate/src/main/java/com/example/boilerplate/service/AuthService.java:[5,1] class, interface, enum, or record expected
verify	Build (skip ITs)	2026-09-27T10:31:42.8832507Z ##[error][ERROR] /home/runner/work/spring-postgres-boilerplate/spring-postgres-boilerplate/src/main/java/com/example/boilerplate/service/AuthService.java:[6,1] class, interface, enum, or record expected
verify	Build (skip ITs)	2026-09-27T10:31:42.8834571Z ##[error][ERROR] /home/runner/work/spring-postgres-boilerplate/spring-postgres-boilerplate/src/main/java/com/example/boilerplate/service/AuthService.java:[7,1] class, interface, enum, or record expected
verify	Build (skip ITs)	2026-09-27T10:31:42.8836629Z ##[error][ERROR] /home/runner/work/spring-postgres-boilerplate/spring-postgres-boilerplate/src/main/java/com/example/boilerplate/service/AuthService.java:[8,1] class, interface, enum, or record expected
verify	Build (skip ITs)	2026-09-27T10:31:42.8838981Z ##[error][ERROR] /home/runner/work/spring-postgres-boilerplate/spring-postgres-boilerplate/src/main/java/com/example/boilerplate/service/AuthService.java:[9,1] class, interface, enum, or record expected
verify	Build (skip ITs)	2026-09-27T10:31:42.8841199Z ##[error][ERROR] /home/runner/work/spring-postgres-boilerplate/spring-postgres-boilerplate/src/main/java/com/example/boilerplate/service/AuthService.java:[11,1] class, interface, enum, or record expected
verify	Build (skip ITs)	2026-09-27T10:31:42.8843303Z ##[error][ERROR] /home/runner/work/spring-postgres-boilerplate/spring-postgres-boilerplate/src/main/java/com/example/boilerplate/service/AuthService.java:[12,1] class, interface, enum, or record expected
verify	Build (skip ITs)	2026-09-27T10:31:42.8845416Z ##[error][ERROR] /home/runner/work/spring-postgres-boilerplate/spring-postgres-boilerplate/src/main/java/com/example/boilerplate/service/AuthService.java:[13,1] class, interface, enum, or record expected
verify	Build (skip ITs)	2026-09-27T10:31:42.8847482Z ##[error][ERROR] /home/runner/work/spring-postgres-boilerplate/spring-postgres-boilerplate/src/main/java/com/example/boilerplate/service/AuthService.java:[14,1] class, interface, enum, or record expected
verify	Build (skip ITs)	2026-09-27T10:31:42.8850132Z ##[error][ERROR] /home/runner/work/spring-postgres-boilerplate/spring-postgres-boilerplate/src/main/java/com/example/boilerplate/service/AuthService.java:[16,1] class, interface, enum, or record expected
verify	Build (skip ITs)	2026-09-27T10:31:42.8852220Z ##[error][ERROR] /home/runner/work/spring-postgres-boilerplate/spring-postgres-boilerplate/src/main/java/com/example/boilerplate/service/AuthService.java:[17,1] class, interface, enum, or record expected
verify	Build (skip ITs)	2026-09-27T10:31:42.8854278Z ##[error][ERROR] /home/runner/work/spring-postgres-boilerplate/spring-postgres-boilerplate/src/main/java/com/example/boilerplate/service/AuthService.java:[18,1] class, interface, enum, or record expected
verify	Build (skip ITs)	2026-09-27T10:31:42.8856348Z ##[error][ERROR] /home/runner/work/spring-postgres-boilerplate/spring-postgres-boilerplate/src/main/java/com/example/boilerplate/service/AuthService.java:[19,1] class, interface, enum, or record expected
verify	Build (skip ITs)	2026-09-27T10:31:42.8858715Z ##[error][ERROR] /home/runner/work/spring-postgres-boilerplate/spring-postgres-boilerplate/src/main/java/com/example/boilerplate/service/AuthService.java:[20,1] class, interface, enum, or record expected
verify	Build (skip ITs)	2026-09-27T10:31:42.8861261Z ##[error][ERROR] /home/runner/work/spring-postgres-boilerplate/spring-postgres-boilerplate/src/main/java/com/example/boilerplate/service/AuthService.java:[21,1] class, interface, enum, or record expected
verify	Build (skip ITs)	2026-09-27T10:31:42.8863302Z ##[error][ERROR] /home/runner/work/spring-postgres-boilerplate/spring-postgres-boilerplate/src/main/java/com/example/boilerplate/testresult/TestResult.java:[1,1] illegal character: '\ufeff'
verify	Build (skip ITs)	2026-09-27T10:31:42.8865343Z ##[error][ERROR] /home/runner/work/spring-postgres-boilerplate/spring-postgres-boilerplate/src/main/java/com/example/boilerplate/testresult/TestResult.java:[1,10] class, interface, enum, or record expected
verify	Build (skip ITs)	2026-09-27T10:31:42.8867425Z ##[error][ERROR] /home/runner/work/spring-postgres-boilerplate/spring-postgres-boilerplate/src/main/java/com/example/boilerplate/testresult/TestResult.java:[3,1] class, interface, enum, or record expected
verify	Build (skip ITs)	2026-09-27T10:31:42.8869865Z ##[error][ERROR] /home/runner/work/spring-postgres-boilerplate/spring-postgres-boilerplate/src/main/java/com/example/boilerplate/testresult/TestResult.java:[4,1] class, interface, enum, or record expected
verify	Build (skip ITs)	2026-09-27T10:31:42.8872190Z ##[error][ERROR] /home/runner/work/spring-postgres-boilerplate/spring-postgres-boilerplate/src/main/java/com/example/boilerplate/testresult/TestResult.java:[5,1] class, interface, enum, or record expected
verify	Build (skip ITs)	2026-09-27T10:31:42.8874259Z ##[error][ERROR] /home/runner/work/spring-postgres-boilerplate/spring-postgres-boilerplate/src/main/java/com/example/boilerplate/testresult/TestResult.java:[6,1] class, interface, enum, or record expected
verify	Build (skip ITs)	2026-09-27T10:31:42.8876332Z ##[error][ERROR] /home/runner/work/spring-postgres-boilerplate/spring-postgres-boilerplate/src/main/java/com/example/boilerplate/testresult/TestResult.java:[7,1] class, interface, enum, or record expected
verify	Build (skip ITs)	2026-09-27T10:31:42.8878639Z ##[error][ERROR] /home/runner/work/spring-postgres-boilerplate/spring-postgres-boilerplate/src/main/java/com/example/boilerplate/testresult/TestResultService.java:[1,1] illegal character: '\ufeff'
verify	Build (skip ITs)	2026-09-27T10:31:42.8880832Z ##[error][ERROR] /home/runner/work/spring-postgres-boilerplate/spring-postgres-boilerplate/src/main/java/com/example/boilerplate/testresult/TestResultService.java:[1,10] class, interface, enum, or record expected
verify	Build (skip ITs)	2026-09-27T10:31:42.8882988Z ##[error][ERROR] /home/runner/work/spring-postgres-boilerplate/spring-postgres-boilerplate/src/main/java/com/example/boilerplate/testresult/TestResultService.java:[3,1] class, interface, enum, or record expected
verify	Build (skip ITs)	2026-09-27T10:31:42.8885156Z ##[error][ERROR] /home/runner/work/spring-postgres-boilerplate/spring-postgres-boilerplate/src/main/java/com/example/boilerplate/testresult/TestResultService.java:[4,1] class, interface, enum, or record expected
verify	Build (skip ITs)	2026-09-27T10:31:42.8887499Z ##[error][ERROR] /home/runner/work/spring-postgres-boilerplate/spring-postgres-boilerplate/src/main/java/com/example/boilerplate/testresult/TestResultService.java:[5,1] class, interface, enum, or record expected
verify	Build (skip ITs)	2026-09-27T10:31:42.8890126Z ##[error][ERROR] /home/runner/work/spring-postgres-boilerplate/spring-postgres-boilerplate/src/main/java/com/example/boilerplate/testresult/TestResultService.java:[6,1] class, interface, enum, or record expected
verify	Build (skip ITs)	2026-09-27T10:31:42.8892294Z ##[error][ERROR] /home/runner/work/spring-postgres-boilerplate/spring-postgres-boilerplate/src/main/java/com/example/boilerplate/testresult/TestResultService.java:[7,1] class, interface, enum, or record expected
verify	Build (skip ITs)	2026-09-27T10:31:42.8894416Z ##[error][ERROR] /home/runner/work/spring-postgres-boilerplate/spring-postgres-boilerplate/src/main/java/com/example/boilerplate/testresult/TestResultService.java:[8,1] class, interface, enum, or record expected
verify	Build (skip ITs)	2026-09-27T10:31:42.8896540Z ##[error][ERROR] /home/runner/work/spring-postgres-boilerplate/spring-postgres-boilerplate/src/main/java/com/example/boilerplate/testresult/TestResultService.java:[9,1] class, interface, enum, or record expected
verify	Build (skip ITs)	2026-09-27T10:31:42.8898866Z ##[error][ERROR] /home/runner/work/spring-postgres-boilerplate/spring-postgres-boilerplate/src/main/java/com/example/boilerplate/user/UserController.java:[1,1] illegal character: '\ufeff'
verify	Build (skip ITs)	2026-09-27T10:31:42.8901010Z ##[error][ERROR] /home/runner/work/spring-postgres-boilerplate/spring-postgres-boilerplate/src/main/java/com/example/boilerplate/user/UserController.java:[1,10] class, interface, enum, or record expected
verify	Build (skip ITs)	2026-09-27T10:31:42.8903161Z ##[error][ERROR] /home/runner/work/spring-postgres-boilerplate/spring-postgres-boilerplate/src/main/java/com/example/boilerplate/user/UserController.java:[3,1] class, interface, enum, or record expected
verify	Build (skip ITs)	2026-09-27T10:31:42.8905208Z ##[error][ERROR] /home/runner/work/spring-postgres-boilerplate/spring-postgres-boilerplate/src/main/java/com/example/boilerplate/user/UserController.java:[4,1] class, interface, enum, or record expected
verify	Build (skip ITs)	2026-09-27T10:31:42.8907264Z ##[error][ERROR] /home/runner/work/spring-postgres-boilerplate/spring-postgres-boilerplate/src/main/java/com/example/boilerplate/user/UserController.java:[5,1] class, interface, enum, or record expected
verify	Build (skip ITs)	2026-09-27T10:31:42.8909721Z ##[error][ERROR] /home/runner/work/spring-postgres-boilerplate/spring-postgres-boilerplate/src/main/java/com/example/boilerplate/user/UserMapper.java:[1,1] illegal character: '\ufeff'
verify	Build (skip ITs)	2026-09-27T10:31:42.8911731Z ##[error][ERROR] /home/runner/work/spring-postgres-boilerplate/spring-postgres-boilerplate/src/main/java/com/example/boilerplate/user/UserMapper.java:[1,10] class, interface, enum, or record expected
verify	Build (skip ITs)	2026-09-27T10:31:42.8912991Z [ERROR] -> [Help 1]
verify	Build (skip ITs)	2026-09-27T10:31:42.8913204Z [ERROR] 
verify	Build (skip ITs)	2026-09-27T10:31:42.8913566Z [ERROR] To see the full stack trace of the errors, re-run Maven with the -e switch.
verify	Build (skip ITs)	2026-09-27T10:31:42.8914105Z [ERROR] Re-run Maven using the -X switch to enable full debug logging.
verify	Build (skip ITs)	2026-09-27T10:31:42.8914476Z [ERROR] 
verify	Build (skip ITs)	2026-09-27T10:31:42.8914923Z [ERROR] For more information about the errors and possible solutions, please read the following articles:
verify	Build (skip ITs)	2026-09-27T10:31:42.8915614Z [ERROR] [Help 1] http://cwiki.apache.org/confluence/display/MAVEN/MojoFailureException
verify	Build (skip ITs)	2026-09-27T10:31:42.8919140Z ##[error]Process completed with exit code 1.
verify	Upload verify test reports	﻿2026-09-27T10:31:42.8991602Z ##[group]Run actions/upload-artifact@v7
verify	Upload verify test reports	2026-09-27T10:31:42.8991914Z with:
verify	Upload verify test reports	2026-09-27T10:31:42.8992124Z   name: verify-test-reports
verify	Upload verify test reports	2026-09-27T10:31:42.8992384Z   path: target/surefire-reports/**
verify	Upload verify test reports	
verify	Upload verify test reports	2026-09-27T10:31:42.8992652Z   retention-days: 7
verify	Upload verify test reports	2026-09-27T10:31:42.8992876Z   if-no-files-found: warn
verify	Upload verify test reports	2026-09-27T10:31:42.8993106Z   compression-level: 6
verify	Upload verify test reports	2026-09-27T10:31:42.8993317Z   overwrite: false
verify	Upload verify test reports	2026-09-27T10:31:42.8993534Z   include-hidden-files: false
verify	Upload verify test reports	2026-09-27T10:31:42.8993772Z   archive: true
verify	Upload verify test reports	2026-09-27T10:31:42.8993961Z env:
verify	Upload verify test reports	2026-09-27T10:31:42.8994255Z   JAVA_HOME: /opt/hostedtoolcache/Java_Temurin-Hotspot_jdk/21.0.12-1/x64
verify	Upload verify test reports	2026-09-27T10:31:42.8994904Z   JAVA_HOME_21_X64: /opt/hostedtoolcache/Java_Temurin-Hotspot_jdk/21.0.12-1/x64
verify	Upload verify test reports	2026-09-27T10:31:42.8995292Z   MAVEN_ARGS: -ntp
verify	Upload verify test reports	2026-09-27T10:31:42.8995491Z ##[endgroup]
verify	Upload verify test reports	2026-09-27T10:31:43.0401932Z ##[warning]No files were found with the provided path: target/surefire-reports/**. No artifacts will be uploaded.
verify	Post Set up JDK 21	﻿2026-09-27T10:31:43.0670301Z Post job cleanup.
verify	Post Run actions/checkout@v4	﻿2026-09-27T10:31:43.2175505Z Post job cleanup.
verify	Post Run actions/checkout@v4	2026-09-27T10:31:43.3068058Z [command]/usr/bin/git version
verify	Post Run actions/checkout@v4	2026-09-27T10:31:43.3116341Z git version 2.55.0
verify	Post Run actions/checkout@v4	2026-09-27T10:31:43.3162133Z Temporarily overriding HOME='/home/runner/work/_temp/efbd0290-6259-47ac-93f9-a820f59d9a08' before making global git config changes
verify	Post Run actions/checkout@v4	2026-09-27T10:31:43.3165754Z Adding repository directory to the temporary git global config as a safe directory
verify	Post Run actions/checkout@v4	2026-09-27T10:31:43.3199674Z [command]/usr/bin/git config --global --add safe.directory /home/runner/work/spring-postgres-boilerplate/spring-postgres-boilerplate
verify	Post Run actions/checkout@v4	2026-09-27T10:31:43.3206571Z [command]/usr/bin/git config --local --name-only --get-regexp core\.sshCommand
verify	Post Run actions/checkout@v4	2026-09-27T10:31:43.3242167Z [command]/usr/bin/git submodule foreach --recursive sh -c "git config --local --name-only --get-regexp 'core\.sshCommand' && git config --local --unset-all 'core.sshCommand' || :"
verify	Post Run actions/checkout@v4	2026-09-27T10:31:43.3536152Z [command]/usr/bin/git config --local --name-only --get-regexp http\.https\:\/\/github\.com\/\.extraheader
verify	Post Run actions/checkout@v4	2026-09-27T10:31:43.3590072Z http.https://github.com/.extraheader
verify	Post Run actions/checkout@v4	2026-09-27T10:31:43.3606449Z [command]/usr/bin/git config --local --unset-all http.https://github.com/.extraheader
verify	Post Run actions/checkout@v4	2026-09-27T10:31:43.3641159Z [command]/usr/bin/git submodule foreach --recursive sh -c "git config --local --name-only --get-regexp 'http\.https\:\/\/github\.com\/\.extraheader' && git config --local --unset-all 'http.https://github.com/.extraheader' || :"
verify	Post Run actions/checkout@v4	2026-09-27T10:31:43.3927605Z [command]/usr/bin/git config --local --name-only --get-regexp ^includeIf\.gitdir:
verify	Post Run actions/checkout@v4	2026-09-27T10:31:43.3966182Z [command]/usr/bin/git submodule foreach --recursive git config --local --show-origin --name-only --get-regexp remote.origin.url
verify	Complete job	﻿2026-09-27T10:31:43.4390388Z Cleaning up orphan processes
verify	Complete job	2026-09-27T10:31:43.4687859Z ##[warning]Node.js 20 is deprecated. The following actions target Node.js 20 but are being forced to run on Node.js 24: actions/checkout@v4. For more information see: https://github.blog/changelog/2025-09-19-deprecation-of-node-20-on-github-actions-runners/
